family,geography_id,partner_code,partner_label_en,source_group_id,source_group_label_en,classification,classification_level,product_code,product_label_en,dimension,group_id,group_label_en,geography_label_en,attribution_basis,service_id,service_label_en,year,flow,item_id,value_usd,source_value,source_unit,value_status,publication_status,role,source_block,source_id,source_sheet,source_cell,source_label,source_number_format
goods_products,,,,,,sitc1,1,,,,,,,,,,2000,import,goods.total,709509126.31808175000,709509.12631808175,thousand_usd,numeric,unspecified,total,2000-2025,geostat_trade_import-sitc-2000-2026,SITC-2000-2025-years,C5,Total Imports,"_-* #,##0.0_-;\-* #,##0.0_-;_-* ""-""?_-;_-@_-"
goods_products,,,,,,sitc1,1,0,Food and live animals,,,,,,,,2000,import,goods.sitc1.2000-2025.0,126095248.09000053000,126095.24809000053,thousand_usd,numeric,unspecified,detail,2000-2025,geostat_trade_import-sitc-2000-2026,SITC-2000-2025-years,C7,Food and live animals,"_(* #,##0.0_);_(* \(#,##0.0\);_(* ""-""?_);_(@_)"
goods_products,,,,,,sitc1,1,1,Beverages and tobacco,,,,,,,,2000,import,goods.sitc1.2000-2025.1,34742721.440000001000,34742.721440000001,thousand_usd,numeric,unspecified,detail,2000-2025,geostat_trade_import-sitc-2000-2026,SITC-2000-2025-years,C8,Beverages and tobacco,"_(* #,##0.0_);_(* \(#,##0.0\);_(* ""-""?_);_(@_)"
goods_products,,,,,,sitc1,1,2,"Crude materials, inedible, except fuels",,,,,,,,2000,import,goods.sitc1.2000-2025.2,7312256.389999995000,7312.256389999995,thousand_usd,numeric,unspecified,detail,2000-2025,geostat_trade_import-sitc-2000-2026,SITC-2000-2025-years,C9,"Crude materials, inedible, except fuels","_(* #,##0.0_);_(* \(#,##0.0\);_(* ""-""?_);_(@_)"
goods_products,,,,,,sitc1,1,3,"Mineral fuels, lubricants and related materials",,,,,,,,2000,import,goods.sitc1.2000-2025.3,138867908.82999977000,138867.90882999977,thousand_usd,numeric,unspecified,detail,2000-2025,geostat_trade_import-sitc-2000-2026,SITC-2000-2025-years,C10,"Mineral fuels, lubricants and related materials","_(* #,##0.0_);_(* \(#,##0.0\);_(* ""-""?_);_(@_)"
goods_products,,,,,,sitc1,1,4,"Animal and vegetable oils, fats and waxes",,,,,,,,2000,import,goods.sitc1.2000-2025.4,4539012.649999996000,4539.012649999996,thousand_usd,numeric,unspecified,detail,2000-2025,geostat_trade_import-sitc-2000-2026,SITC-2000-2025-years,C11,"Animal and vegetable oils, fats and waxes","_(* #,##0.0_);_(* \(#,##0.0\);_(* ""-""?_);_(@_)"
goods_products,,,,,,sitc1,1,5,"Chemicals and related products, n.e.s.",,,,,,,,2000,import,goods.sitc1.2000-2025.5,80838836.510000372000,80838.836510000372,thousand_usd,numeric,unspecified,detail,2000-2025,geostat_trade_import-sitc-2000-2026,SITC-2000-2025-years,C12,"Chemicals and related products, n.e.s.","_(* #,##0.0_);_(* \(#,##0.0\);_(* ""-""?_);_(@_)"
goods_products,,,,,,sitc1,1,6,Manufactured goods classified chiefly by material,,,,,,,,2000,import,goods.sitc1.2000-2025.6,72636881.572793063000,72636.881572793063,thousand_usd,numeric,unspecified,detail,2000-2025,geostat_trade_import-sitc-2000-2026,SITC-2000-2025-years,C13,Manufactured goods classified chiefly by material,"_(* #,##0.0_);_(* \(#,##0.0\);_(* ""-""?_);_(@_)"
goods_products,,,,,,sitc1,1,7,Machinery and transport equipment,,,,,,,,2000,import,goods.sitc1.2000-2025.7,176708396.23528809000,176708.39623528809,thousand_usd,numeric,unspecified,detail,2000-2025,geostat_trade_import-sitc-2000-2026,SITC-2000-2025-years,C14,Machinery and transport equipment,"_(* #,##0.0_);_(* \(#,##0.0\);_(* ""-""?_);_(@_)"
goods_products,,,,,,sitc1,1,8,Miscellaneous manufactured articles,,,,,,,,2000,import,goods.sitc1.2000-2025.8,62867991.769999964000,62867.991769999964,thousand_usd,numeric,unspecified,detail,2000-2025,geostat_trade_import-sitc-2000-2026,SITC-2000-2025-years,C15,Miscellaneous manufactured articles,"_(* #,##0.0_);_(* \(#,##0.0\);_(* ""-""?_);_(@_)"
goods_products,,,,,,sitc1,1,9,Commodities not classified elsewhere in the SITC,,,,,,,,2000,import,goods.sitc1.2000-2025.9,4899872.8299999993000,4899.8728299999993,thousand_usd,numeric,unspecified,detail,2000-2025,geostat_trade_import-sitc-2000-2026,SITC-2000-2025-years,C16,Commodities not classified elsewhere in the SITC,"_(* #,##0.0_);_(* \(#,##0.0\);_(* ""-""?_);_(@_)"
goods_products,,,,,,sitc1,1,,,,,,,,,,2001,import,goods.total,752010911.61170066000,752010.91161170066,thousand_usd,numeric,unspecified,total,2000-2025,geostat_trade_import-sitc-2000-2026,SITC-2000-2025-years,D5,Total Imports,"_-* #,##0.0_-;\-* #,##0.0_-;_-* ""-""?_-;_-@_-"
goods_products,,,,,,sitc1,1,0,Food and live animals,,,,,,,,2001,import,goods.sitc1.2000-2025.0,120629091.17000186000,120629.09117000186,thousand_usd,numeric,unspecified,detail,2000-2025,geostat_trade_import-sitc-2000-2026,SITC-2000-2025-years,D7,Food and live animals,"_(* #,##0.0_);_(* \(#,##0.0\);_(* ""-""?_);_(@_)"
goods_products,,,,,,sitc1,1,1,Beverages and tobacco,,,,,,,,2001,import,goods.sitc1.2000-2025.1,25219025.391700012000,25219.025391700012,thousand_usd,numeric,unspecified,detail,2000-2025,geostat_trade_import-sitc-2000-2026,SITC-2000-2025-years,D8,Beverages and tobacco,"_(* #,##0.0_);_(* \(#,##0.0\);_(* ""-""?_);_(@_)"
goods_products,,,,,,sitc1,1,2,"Crude materials, inedible, except fuels",,,,,,,,2001,import,goods.sitc1.2000-2025.2,10477710.709999976000,10477.710709999976,thousand_usd,numeric,unspecified,detail,2000-2025,geostat_trade_import-sitc-2000-2026,SITC-2000-2025-years,D9,"Crude materials, inedible, except fuels","_(* #,##0.0_);_(* \(#,##0.0\);_(* ""-""?_);_(@_)"
goods_products,,,,,,sitc1,1,3,"Mineral fuels, lubricants and related materials",,,,,,,,2001,import,goods.sitc1.2000-2025.3,155476551.94999988000,155476.55194999988,thousand_usd,numeric,unspecified,detail,2000-2025,geostat_trade_import-sitc-2000-2026,SITC-2000-2025-years,D10,"Mineral fuels, lubricants and related materials","_(* #,##0.0_);_(* \(#,##0.0\);_(* ""-""?_);_(@_)"
goods_products,,,,,,sitc1,1,4,"Animal and vegetable oils, fats and waxes",,,,,,,,2001,import,goods.sitc1.2000-2025.4,7384628.96000,7384.62896,thousand_usd,numeric,unspecified,detail,2000-2025,geostat_trade_import-sitc-2000-2026,SITC-2000-2025-years,D11,"Animal and vegetable oils, fats and waxes","_(* #,##0.0_);_(* \(#,##0.0\);_(* ""-""?_);_(@_)"
goods_products,,,,,,sitc1,1,5,"Chemicals and related products, n.e.s.",,,,,,,,2001,import,goods.sitc1.2000-2025.5,94253742.440000613000,94253.742440000613,thousand_usd,numeric,unspecified,detail,2000-2025,geostat_trade_import-sitc-2000-2026,SITC-2000-2025-years,D12,"Chemicals and related products, n.e.s.","_(* #,##0.0_);_(* \(#,##0.0\);_(* ""-""?_);_(@_)"
goods_products,,,,,,sitc1,1,6,Manufactured goods classified chiefly by material,,,,,,,,2001,import,goods.sitc1.2000-2025.6,91941147.070000487000,91941.147070000487,thousand_usd,numeric,unspecified,detail,2000-2025,geostat_trade_import-sitc-2000-2026,SITC-2000-2025-years,D13,Manufactured goods classified chiefly by material,"_(* #,##0.0_);_(* \(#,##0.0\);_(* ""-""?_);_(@_)"
goods_products,,,,,,sitc1,1,7,Machinery and transport equipment,,,,,,,,2001,import,goods.sitc1.2000-2025.7,177111010.53999781000,177111.01053999781,thousand_usd,numeric,unspecified,detail,2000-2025,geostat_trade_import-sitc-2000-2026,SITC-2000-2025-years,D14,Machinery and transport equipment,"_(* #,##0.0_);_(* \(#,##0.0\);_(* ""-""?_);_(@_)"
goods_products,,,,,,sitc1,1,8,Miscellaneous manufactured articles,,,,,,,,2001,import,goods.sitc1.2000-2025.8,67966420.040000012000,67966.420040000012,thousand_usd,numeric,unspecified,detail,2000-2025,geostat_trade_import-sitc-2000-2026,SITC-2000-2025-years,D15,Miscellaneous manufactured articles,"_(* #,##0.0_);_(* \(#,##0.0\);_(* ""-""?_);_(@_)"
goods_products,,,,,,sitc1,1,9,Commodities not classified elsewhere in the SITC,,,,,,,,2001,import,goods.sitc1.2000-2025.9,1551583.3400000004000,1551.5833400000004,thousand_usd,numeric,unspecified,detail,2000-2025,geostat_trade_import-sitc-2000-2026,SITC-2000-2025-years,D16,Commodities not classified elsewhere in the SITC,"_(* #,##0.0_);_(* \(#,##0.0\);_(* ""-""?_);_(@_)"
goods_products,,,,,,sitc1,1,,,,,,,,,,2002,import,goods.total,794691603.40999987000,794691.60340999987,thousand_usd,numeric,unspecified,total,2000-2025,geostat_trade_import-sitc-2000-2026,SITC-2000-2025-years,E5,Total Imports,"_-* #,##0.0_-;\-* #,##0.0_-;_-* ""-""?_-;_-@_-"
goods_products,,,,,,sitc1,1,0,Food and live animals,,,,,,,,2002,import,goods.sitc1.2000-2025.0,124430449.20999998000,124430.44920999998,thousand_usd,numeric,unspecified,detail,2000-2025,geostat_trade_import-sitc-2000-2026,SITC-2000-2025-years,E7,Food and live animals,"_(* #,##0.0_);_(* \(#,##0.0\);_(* ""-""?_);_(@_)"
goods_products,,,,,,sitc1,1,1,Beverages and tobacco,,,,,,,,2002,import,goods.sitc1.2000-2025.1,31817708.569999995000,31817.708569999995,thousand_usd,numeric,unspecified,detail,2000-2025,geostat_trade_import-sitc-2000-2026,SITC-2000-2025-years,E8,Beverages and tobacco,"_(* #,##0.0_);_(* \(#,##0.0\);_(* ""-""?_);_(@_)"
goods_products,,,,,,sitc1,1,2,"Crude materials, inedible, except fuels",,,,,,,,2002,import,goods.sitc1.2000-2025.2,11781037.660000009000,11781.037660000009,thousand_usd,numeric,unspecified,detail,2000-2025,geostat_trade_import-sitc-2000-2026,SITC-2000-2025-years,E9,"Crude materials, inedible, except fuels","_(* #,##0.0_);_(* \(#,##0.0\);_(* ""-""?_);_(@_)"
goods_products,,,,,,sitc1,1,3,"Mineral fuels, lubricants and related materials",,,,,,,,2002,import,goods.sitc1.2000-2025.3,164247539.32000016000,164247.53932000016,thousand_usd,numeric,unspecified,detail,2000-2025,geostat_trade_import-sitc-2000-2026,SITC-2000-2025-years,E10,"Mineral fuels, lubricants and related materials","_(* #,##0.0_);_(* \(#,##0.0\);_(* ""-""?_);_(@_)"
goods_products,,,,,,sitc1,1,4,"Animal and vegetable oils, fats and waxes",,,,,,,,2002,import,goods.sitc1.2000-2025.4,6298647.6499999999000,6298.6476499999999,thousand_usd,numeric,unspecified,detail,2000-2025,geostat_trade_import-sitc-2000-2026,SITC-2000-2025-years,E11,"Animal and vegetable oils, fats and waxes","_(* #,##0.0_);_(* \(#,##0.0\);_(* ""-""?_);_(@_)"
goods_products,,,,,,sitc1,1,5,"Chemicals and related products, n.e.s.",,,,,,,,2002,import,goods.sitc1.2000-2025.5,107768697.4799997000,107768.6974799997,thousand_usd,numeric,unspecified,detail,2000-2025,geostat_trade_import-sitc-2000-2026,SITC-2000-2025-years,E12,"Chemicals and related products, n.e.s.","_(* #,##0.0_);_(* \(#,##0.0\);_(* ""-""?_);_(@_)"
goods_products,,,,,,sitc1,1,6,Manufactured goods classified chiefly by material,,,,,,,,2002,import,goods.sitc1.2000-2025.6,86686803.710000357000,86686.803710000357,thousand_usd,numeric,unspecified,detail,2000-2025,geostat_trade_import-sitc-2000-2026,SITC-2000-2025-years,E13,Manufactured goods classified chiefly by material,"_(* #,##0.0_);_(* \(#,##0.0\);_(* ""-""?_);_(@_)"
goods_products,,,,,,sitc1,1,7,Machinery and transport equipment,,,,,,,,2002,import,goods.sitc1.2000-2025.7,201316909.40999979000,201316.90940999979,thousand_usd,numeric,unspecified,detail,2000-2025,geostat_trade_import-sitc-2000-2026,SITC-2000-2025-years,E14,Machinery and transport equipment,"_(* #,##0.0_);_(* \(#,##0.0\);_(* ""-""?_);_(@_)"
goods_products,,,,,,sitc1,1,8,Miscellaneous manufactured articles,,,,,,,,2002,import,goods.sitc1.2000-2025.8,57416530.479999899000,57416.530479999899,thousand_usd,numeric,unspecified,detail,2000-2025,geostat_trade_import-sitc-2000-2026,SITC-2000-2025-years,E15,Miscellaneous manufactured articles,"_(* #,##0.0_);_(* \(#,##0.0\);_(* ""-""?_);_(@_)"
goods_products,,,,,,sitc1,1,9,Commodities not classified elsewhere in the SITC,,,,,,,,2002,import,goods.sitc1.2000-2025.9,2927279.9200000004000,2927.2799200000004,thousand_usd,numeric,unspecified,detail,2000-2025,geostat_trade_import-sitc-2000-2026,SITC-2000-2025-years,E16,Commodities not classified elsewhere in the SITC,"_(* #,##0.0_);_(* \(#,##0.0\);_(* ""-""?_);_(@_)"
goods_products,,,,,,sitc1,1,,,,,,,,,,2003,import,goods.total,1139039159.3499945000,1139039.1593499945,thousand_usd,numeric,unspecified,total,2000-2025,geostat_trade_import-sitc-2000-2026,SITC-2000-2025-years,F5,Total Imports,"_-* #,##0.0_-;\-* #,##0.0_-;_-* ""-""?_-;_-@_-"
goods_products,,,,,,sitc1,1,0,Food and live animals,,,,,,,,2003,import,goods.sitc1.2000-2025.0,166139284.51000177000,166139.28451000177,thousand_usd,numeric,unspecified,detail,2000-2025,geostat_trade_import-sitc-2000-2026,SITC-2000-2025-years,F7,Food and live animals,"_(* #,##0.0_);_(* \(#,##0.0\);_(* ""-""?_);_(@_)"
goods_products,,,,,,sitc1,1,1,Beverages and tobacco,,,,,,,,2003,import,goods.sitc1.2000-2025.1,31810361.439999997000,31810.361439999997,thousand_usd,numeric,unspecified,detail,2000-2025,geostat_trade_import-sitc-2000-2026,SITC-2000-2025-years,F8,Beverages and tobacco,"_(* #,##0.0_);_(* \(#,##0.0\);_(* ""-""?_);_(@_)"
goods_products,,,,,,sitc1,1,2,"Crude materials, inedible, except fuels",,,,,,,,2003,import,goods.sitc1.2000-2025.2,9641229.84000,9641.22984,thousand_usd,numeric,unspecified,detail,2000-2025,geostat_trade_import-sitc-2000-2026,SITC-2000-2025-years,F9,"Crude materials, inedible, except fuels","_(* #,##0.0_);_(* \(#,##0.0\);_(* ""-""?_);_(@_)"
goods_products,,,,,,sitc1,1,3,"Mineral fuels, lubricants and related materials",,,,,,,,2003,import,goods.sitc1.2000-2025.3,203544016.86000041000,203544.01686000041,thousand_usd,numeric,unspecified,detail,2000-2025,geostat_trade_import-sitc-2000-2026,SITC-2000-2025-years,F10,"Mineral fuels, lubricants and related materials","_(* #,##0.0_);_(* \(#,##0.0\);_(* ""-""?_);_(@_)"
goods_products,,,,,,sitc1,1,4,"Animal and vegetable oils, fats and waxes",,,,,,,,2003,import,goods.sitc1.2000-2025.4,8597950.8400000122000,8597.9508400000122,thousand_usd,numeric,unspecified,detail,2000-2025,geostat_trade_import-sitc-2000-2026,SITC-2000-2025-years,F11,"Animal and vegetable oils, fats and waxes","_(* #,##0.0_);_(* \(#,##0.0\);_(* ""-""?_);_(@_)"
goods_products,,,,,,sitc1,1,5,"Chemicals and related products, n.e.s.",,,,,,,,2003,import,goods.sitc1.2000-2025.5,134159016.48000025000,134159.01648000025,thousand_usd,numeric,unspecified,detail,2000-2025,geostat_trade_import-sitc-2000-2026,SITC-2000-2025-years,F12,"Chemicals and related products, n.e.s.","_(* #,##0.0_);_(* \(#,##0.0\);_(* ""-""?_);_(@_)"
goods_products,,,,,,sitc1,1,6,Manufactured goods classified chiefly by material,,,,,,,,2003,import,goods.sitc1.2000-2025.6,212620143.86999918000,212620.14386999918,thousand_usd,numeric,unspecified,detail,2000-2025,geostat_trade_import-sitc-2000-2026,SITC-2000-2025-years,F13,Manufactured goods classified chiefly by material,"_(* #,##0.0_);_(* \(#,##0.0\);_(* ""-""?_);_(@_)"
goods_products,,,,,,sitc1,1,7,Machinery and transport equipment,,,,,,,,2003,import,goods.sitc1.2000-2025.7,289898118.86999296000,289898.11886999296,thousand_usd,numeric,unspecified,detail,2000-2025,geostat_trade_import-sitc-2000-2026,SITC-2000-2025-years,F14,Machinery and transport equipment,"_(* #,##0.0_);_(* \(#,##0.0\);_(* ""-""?_);_(@_)"
goods_products,,,,,,sitc1,1,8,Miscellaneous manufactured articles,,,,,,,,2003,import,goods.sitc1.2000-2025.8,78201358.539999826000,78201.358539999826,thousand_usd,numeric,unspecified,detail,2000-2025,geostat_trade_import-sitc-2000-2026,SITC-2000-2025-years,F15,Miscellaneous manufactured articles,"_(* #,##0.0_);_(* \(#,##0.0\);_(* ""-""?_);_(@_)"
goods_products,,,,,,sitc1,1,9,Commodities not classified elsewhere in the SITC,,,,,,,,2003,import,goods.sitc1.2000-2025.9,4427678.1000000019000,4427.6781000000019,thousand_usd,numeric,unspecified,detail,2000-2025,geostat_trade_import-sitc-2000-2026,SITC-2000-2025-years,F16,Commodities not classified elsewhere in the SITC,"_(* #,##0.0_);_(* \(#,##0.0\);_(* ""-""?_);_(@_)"
goods_products,,,,,,sitc1,1,,,,,,,,,,2004,import,goods.total,1844342929.4279274000,1844342.9294279274,thousand_usd,numeric,unspecified,total,2000-2025,geostat_trade_import-sitc-2000-2026,SITC-2000-2025-years,G5,Total Imports,"_-* #,##0.0_-;\-* #,##0.0_-;_-* ""-""?_-;_-@_-"
goods_products,,,,,,sitc1,1,0,Food and live animals,,,,,,,,2004,import,goods.sitc1.2000-2025.0,318510268.96000071000,318510.26896000071,thousand_usd,numeric,unspecified,detail,2000-2025,geostat_trade_import-sitc-2000-2026,SITC-2000-2025-years,G7,Food and live animals,"_(* #,##0.0_);_(* \(#,##0.0\);_(* ""-""?_);_(@_)"
goods_products,,,,,,sitc1,1,1,Beverages and tobacco,,,,,,,,2004,import,goods.sitc1.2000-2025.1,47573392.059999976000,47573.392059999976,thousand_usd,numeric,unspecified,detail,2000-2025,geostat_trade_import-sitc-2000-2026,SITC-2000-2025-years,G8,Beverages and tobacco,"_(* #,##0.0_);_(* \(#,##0.0\);_(* ""-""?_);_(@_)"
goods_products,,,,,,sitc1,1,2,"Crude materials, inedible, except fuels",,,,,,,,2004,import,goods.sitc1.2000-2025.2,16753088.950000038000,16753.088950000038,thousand_usd,numeric,unspecified,detail,2000-2025,geostat_trade_import-sitc-2000-2026,SITC-2000-2025-years,G9,"Crude materials, inedible, except fuels","_(* #,##0.0_);_(* \(#,##0.0\);_(* ""-""?_);_(@_)"
goods_products,,,,,,sitc1,1,3,"Mineral fuels, lubricants and related materials",,,,,,,,2004,import,goods.sitc1.2000-2025.3,316811083.62000057000,316811.08362000057,thousand_usd,numeric,unspecified,detail,2000-2025,geostat_trade_import-sitc-2000-2026,SITC-2000-2025-years,G10,"Mineral fuels, lubricants and related materials","_(* #,##0.0_);_(* \(#,##0.0\);_(* ""-""?_);_(@_)"
goods_products,,,,,,sitc1,1,4,"Animal and vegetable oils, fats and waxes",,,,,,,,2004,import,goods.sitc1.2000-2025.4,20048117.049999997000,20048.117049999997,thousand_usd,numeric,unspecified,detail,2000-2025,geostat_trade_import-sitc-2000-2026,SITC-2000-2025-years,G11,"Animal and vegetable oils, fats and waxes","_(* #,##0.0_);_(* \(#,##0.0\);_(* ""-""?_);_(@_)"
goods_products,,,,,,sitc1,1,5,"Chemicals and related products, n.e.s.",,,,,,,,2004,import,goods.sitc1.2000-2025.5,185730223.77000272000,185730.22377000272,thousand_usd,numeric,unspecified,detail,2000-2025,geostat_trade_import-sitc-2000-2026,SITC-2000-2025-years,G12,"Chemicals and related products, n.e.s.","_(* #,##0.0_);_(* \(#,##0.0\);_(* ""-""?_);_(@_)"
goods_products,,,,,,sitc1,1,6,Manufactured goods classified chiefly by material,,,,,,,,2004,import,goods.sitc1.2000-2025.6,276292914.73000112000,276292.91473000112,thousand_usd,numeric,unspecified,detail,2000-2025,geostat_trade_import-sitc-2000-2026,SITC-2000-2025-years,G13,Manufactured goods classified chiefly by material,"_(* #,##0.0_);_(* \(#,##0.0\);_(* ""-""?_);_(@_)"
goods_products,,,,,,sitc1,1,7,Machinery and transport equipment,,,,,,,,2004,import,goods.sitc1.2000-2025.7,493619806.5579214000,493619.8065579214,thousand_usd,numeric,unspecified,detail,2000-2025,geostat_trade_import-sitc-2000-2026,SITC-2000-2025-years,G14,Machinery and transport equipment,"_(* #,##0.0_);_(* \(#,##0.0\);_(* ""-""?_);_(@_)"
goods_products,,,,,,sitc1,1,8,Miscellaneous manufactured articles,,,,,,,,2004,import,goods.sitc1.2000-2025.8,137064630.47000067000,137064.63047000067,thousand_usd,numeric,unspecified,detail,2000-2025,geostat_trade_import-sitc-2000-2026,SITC-2000-2025-years,G15,Miscellaneous manufactured articles,"_(* #,##0.0_);_(* \(#,##0.0\);_(* ""-""?_);_(@_)"
goods_products,,,,,,sitc1,1,9,Commodities not classified elsewhere in the SITC,,,,,,,,2004,import,goods.sitc1.2000-2025.9,31939403.260000003000,31939.403260000003,thousand_usd,numeric,unspecified,detail,2000-2025,geostat_trade_import-sitc-2000-2026,SITC-2000-2025-years,G16,Commodities not classified elsewhere in the SITC,"_(* #,##0.0_);_(* \(#,##0.0\);_(* ""-""?_);_(@_)"
goods_products,,,,,,sitc1,1,,,,,,,,,,2005,import,goods.total,2487548345.9062437000,2487548.3459062437,thousand_usd,numeric,unspecified,total,2000-2025,geostat_trade_import-sitc-2000-2026,SITC-2000-2025-years,H5,Total Imports,"_-* #,##0.0_-;\-* #,##0.0_-;_-* ""-""?_-;_-@_-"
goods_products,,,,,,sitc1,1,0,Food and live animals,,,,,,,,2005,import,goods.sitc1.2000-2025.0,361545955.88117908000,361545.95588117908,thousand_usd,numeric,unspecified,detail,2000-2025,geostat_trade_import-sitc-2000-2026,SITC-2000-2025-years,H7,Food and live animals,"_(* #,##0.0_);_(* \(#,##0.0\);_(* ""-""?_);_(@_)"
goods_products,,,,,,sitc1,1,1,Beverages and tobacco,,,,,,,,2005,import,goods.sitc1.2000-2025.1,42010009.48841944000,42010.00948841944,thousand_usd,numeric,unspecified,detail,2000-2025,geostat_trade_import-sitc-2000-2026,SITC-2000-2025-years,H8,Beverages and tobacco,"_(* #,##0.0_);_(* \(#,##0.0\);_(* ""-""?_);_(@_)"
goods_products,,,,,,sitc1,1,2,"Crude materials, inedible, except fuels",,,,,,,,2005,import,goods.sitc1.2000-2025.2,21153183.690491642000,21153.183690491642,thousand_usd,numeric,unspecified,detail,2000-2025,geostat_trade_import-sitc-2000-2026,SITC-2000-2025-years,H9,"Crude materials, inedible, except fuels","_(* #,##0.0_);_(* \(#,##0.0\);_(* ""-""?_);_(@_)"
goods_products,,,,,,sitc1,1,3,"Mineral fuels, lubricants and related materials",,,,,,,,2005,import,goods.sitc1.2000-2025.3,493184792.58626193000,493184.79258626193,thousand_usd,numeric,unspecified,detail,2000-2025,geostat_trade_import-sitc-2000-2026,SITC-2000-2025-years,H10,"Mineral fuels, lubricants and related materials","_(* #,##0.0_);_(* \(#,##0.0\);_(* ""-""?_);_(@_)"
goods_products,,,,,,sitc1,1,4,"Animal and vegetable oils, fats and waxes",,,,,,,,2005,import,goods.sitc1.2000-2025.4,27040836.041623264000,27040.836041623264,thousand_usd,numeric,unspecified,detail,2000-2025,geostat_trade_import-sitc-2000-2026,SITC-2000-2025-years,H11,"Animal and vegetable oils, fats and waxes","_(* #,##0.0_);_(* \(#,##0.0\);_(* ""-""?_);_(@_)"
goods_products,,,,,,sitc1,1,5,"Chemicals and related products, n.e.s.",,,,,,,,2005,import,goods.sitc1.2000-2025.5,242162033.64882199000,242162.03364882199,thousand_usd,numeric,unspecified,detail,2000-2025,geostat_trade_import-sitc-2000-2026,SITC-2000-2025-years,H12,"Chemicals and related products, n.e.s.","_(* #,##0.0_);_(* \(#,##0.0\);_(* ""-""?_);_(@_)"
goods_products,,,,,,sitc1,1,6,Manufactured goods classified chiefly by material,,,,,,,,2005,import,goods.sitc1.2000-2025.6,311572149.73798435000,311572.14973798435,thousand_usd,numeric,unspecified,detail,2000-2025,geostat_trade_import-sitc-2000-2026,SITC-2000-2025-years,H13,Manufactured goods classified chiefly by material,"_(* #,##0.0_);_(* \(#,##0.0\);_(* ""-""?_);_(@_)"
goods_products,,,,,,sitc1,1,7,Machinery and transport equipment,,,,,,,,2005,import,goods.sitc1.2000-2025.7,733207193.01965763000,733207.19301965763,thousand_usd,numeric,unspecified,detail,2000-2025,geostat_trade_import-sitc-2000-2026,SITC-2000-2025-years,H14,Machinery and transport equipment,"_(* #,##0.0_);_(* \(#,##0.0\);_(* ""-""?_);_(@_)"
goods_products,,,,,,sitc1,1,8,Miscellaneous manufactured articles,,,,,,,,2005,import,goods.sitc1.2000-2025.8,215892495.2222234000,215892.4952222234,thousand_usd,numeric,unspecified,detail,2000-2025,geostat_trade_import-sitc-2000-2026,SITC-2000-2025-years,H15,Miscellaneous manufactured articles,"_(* #,##0.0_);_(* \(#,##0.0\);_(* ""-""?_);_(@_)"
goods_products,,,,,,sitc1,1,9,Commodities not classified elsewhere in the SITC,,,,,,,,2005,import,goods.sitc1.2000-2025.9,39779696.589580861000,39779.696589580861,thousand_usd,numeric,unspecified,detail,2000-2025,geostat_trade_import-sitc-2000-2026,SITC-2000-2025-years,H16,Commodities not classified elsewhere in the SITC,"_(* #,##0.0_);_(* \(#,##0.0\);_(* ""-""?_);_(@_)"
goods_products,,,,,,sitc1,1,,,,,,,,,,2006,import,goods.total,3674832445.4492414000,3674832.4454492414,thousand_usd,numeric,unspecified,total,2000-2025,geostat_trade_import-sitc-2000-2026,SITC-2000-2025-years,I5,Total Imports,"_-* #,##0.0_-;\-* #,##0.0_-;_-* ""-""?_-;_-@_-"
goods_products,,,,,,sitc1,1,0,Food and live animals,,,,,,,,2006,import,goods.sitc1.2000-2025.0,494312437.30769411000,494312.43730769411,thousand_usd,numeric,unspecified,detail,2000-2025,geostat_trade_import-sitc-2000-2026,SITC-2000-2025-years,I7,Food and live animals,"_(* #,##0.0_);_(* \(#,##0.0\);_(* ""-""?_);_(@_)"
goods_products,,,,,,sitc1,1,1,Beverages and tobacco,,,,,,,,2006,import,goods.sitc1.2000-2025.1,76543502.140536817000,76543.502140536817,thousand_usd,numeric,unspecified,detail,2000-2025,geostat_trade_import-sitc-2000-2026,SITC-2000-2025-years,I8,Beverages and tobacco,"_(* #,##0.0_);_(* \(#,##0.0\);_(* ""-""?_);_(@_)"
goods_products,,,,,,sitc1,1,2,"Crude materials, inedible, except fuels",,,,,,,,2006,import,goods.sitc1.2000-2025.2,33356934.452266687000,33356.934452266687,thousand_usd,numeric,unspecified,detail,2000-2025,geostat_trade_import-sitc-2000-2026,SITC-2000-2025-years,I9,"Crude materials, inedible, except fuels","_(* #,##0.0_);_(* \(#,##0.0\);_(* ""-""?_);_(@_)"
goods_products,,,,,,sitc1,1,3,"Mineral fuels, lubricants and related materials",,,,,,,,2006,import,goods.sitc1.2000-2025.3,711093409.71946507000,711093.40971946507,thousand_usd,numeric,unspecified,detail,2000-2025,geostat_trade_import-sitc-2000-2026,SITC-2000-2025-years,I10,"Mineral fuels, lubricants and related materials","_(* #,##0.0_);_(* \(#,##0.0\);_(* ""-""?_);_(@_)"
goods_products,,,,,,sitc1,1,4,"Animal and vegetable oils, fats and waxes",,,,,,,,2006,import,goods.sitc1.2000-2025.4,28871086.23489516000,28871.08623489516,thousand_usd,numeric,unspecified,detail,2000-2025,geostat_trade_import-sitc-2000-2026,SITC-2000-2025-years,I11,"Animal and vegetable oils, fats and waxes","_(* #,##0.0_);_(* \(#,##0.0\);_(* ""-""?_);_(@_)"
goods_products,,,,,,sitc1,1,5,"Chemicals and related products, n.e.s.",,,,,,,,2006,import,goods.sitc1.2000-2025.5,334790661.91103391000,334790.66191103391,thousand_usd,numeric,unspecified,detail,2000-2025,geostat_trade_import-sitc-2000-2026,SITC-2000-2025-years,I12,"Chemicals and related products, n.e.s.","_(* #,##0.0_);_(* \(#,##0.0\);_(* ""-""?_);_(@_)"
goods_products,,,,,,sitc1,1,6,Manufactured goods classified chiefly by material,,,,,,,,2006,import,goods.sitc1.2000-2025.6,491105443.21453705000,491105.44321453705,thousand_usd,numeric,unspecified,detail,2000-2025,geostat_trade_import-sitc-2000-2026,SITC-2000-2025-years,I13,Manufactured goods classified chiefly by material,"_(* #,##0.0_);_(* \(#,##0.0\);_(* ""-""?_);_(@_)"
goods_products,,,,,,sitc1,1,7,Machinery and transport equipment,,,,,,,,2006,import,goods.sitc1.2000-2025.7,1061493405.7570295000,1061493.4057570295,thousand_usd,numeric,unspecified,detail,2000-2025,geostat_trade_import-sitc-2000-2026,SITC-2000-2025-years,I14,Machinery and transport equipment,"_(* #,##0.0_);_(* \(#,##0.0\);_(* ""-""?_);_(@_)"
goods_products,,,,,,sitc1,1,8,Miscellaneous manufactured articles,,,,,,,,2006,import,goods.sitc1.2000-2025.8,361082992.12834012000,361082.99212834012,thousand_usd,numeric,unspecified,detail,2000-2025,geostat_trade_import-sitc-2000-2026,SITC-2000-2025-years,I15,Miscellaneous manufactured articles,"_(* #,##0.0_);_(* \(#,##0.0\);_(* ""-""?_);_(@_)"
goods_products,,,,,,sitc1,1,9,Commodities not classified elsewhere in the SITC,,,,,,,,2006,import,goods.sitc1.2000-2025.9,82182572.58344299000,82182.57258344299,thousand_usd,numeric,unspecified,detail,2000-2025,geostat_trade_import-sitc-2000-2026,SITC-2000-2025-years,I16,Commodities not classified elsewhere in the SITC,"_(* #,##0.0_);_(* \(#,##0.0\);_(* ""-""?_);_(@_)"
goods_products,,,,,,sitc1,1,,,,,,,,,,2007,import,goods.total,5212150246.3161536000,5212150.2463161536,thousand_usd,numeric,unspecified,total,2000-2025,geostat_trade_import-sitc-2000-2026,SITC-2000-2025-years,J5,Total Imports,"_-* #,##0.0_-;\-* #,##0.0_-;_-* ""-""?_-;_-@_-"
goods_products,,,,,,sitc1,1,0,Food and live animals,,,,,,,,2007,import,goods.sitc1.2000-2025.0,687719108.07067819000,687719.10807067819,thousand_usd,numeric,unspecified,detail,2000-2025,geostat_trade_import-sitc-2000-2026,SITC-2000-2025-years,J7,Food and live animals,"_(* #,##0.0_);_(* \(#,##0.0\);_(* ""-""?_);_(@_)"
goods_products,,,,,,sitc1,1,1,Beverages and tobacco,,,,,,,,2007,import,goods.sitc1.2000-2025.1,86529897.17499484000,86529.89717499484,thousand_usd,numeric,unspecified,detail,2000-2025,geostat_trade_import-sitc-2000-2026,SITC-2000-2025-years,J8,Beverages and tobacco,"_(* #,##0.0_);_(* \(#,##0.0\);_(* ""-""?_);_(@_)"
goods_products,,,,,,sitc1,1,2,"Crude materials, inedible, except fuels",,,,,,,,2007,import,goods.sitc1.2000-2025.2,75164385.922566391000,75164.385922566391,thousand_usd,numeric,unspecified,detail,2000-2025,geostat_trade_import-sitc-2000-2026,SITC-2000-2025-years,J9,"Crude materials, inedible, except fuels","_(* #,##0.0_);_(* \(#,##0.0\);_(* ""-""?_);_(@_)"
goods_products,,,,,,sitc1,1,3,"Mineral fuels, lubricants and related materials",,,,,,,,2007,import,goods.sitc1.2000-2025.3,913334273.46270811000,913334.27346270811,thousand_usd,numeric,unspecified,detail,2000-2025,geostat_trade_import-sitc-2000-2026,SITC-2000-2025-years,J10,"Mineral fuels, lubricants and related materials","_(* #,##0.0_);_(* \(#,##0.0\);_(* ""-""?_);_(@_)"
goods_products,,,,,,sitc1,1,4,"Animal and vegetable oils, fats and waxes",,,,,,,,2007,import,goods.sitc1.2000-2025.4,37462972.141731902000,37462.972141731902,thousand_usd,numeric,unspecified,detail,2000-2025,geostat_trade_import-sitc-2000-2026,SITC-2000-2025-years,J11,"Animal and vegetable oils, fats and waxes","_(* #,##0.0_);_(* \(#,##0.0\);_(* ""-""?_);_(@_)"
goods_products,,,,,,sitc1,1,5,"Chemicals and related products, n.e.s.",,,,,,,,2007,import,goods.sitc1.2000-2025.5,449814277.53715048000,449814.27753715048,thousand_usd,numeric,unspecified,detail,2000-2025,geostat_trade_import-sitc-2000-2026,SITC-2000-2025-years,J12,"Chemicals and related products, n.e.s.","_(* #,##0.0_);_(* \(#,##0.0\);_(* ""-""?_);_(@_)"
goods_products,,,,,,sitc1,1,6,Manufactured goods classified chiefly by material,,,,,,,,2007,import,goods.sitc1.2000-2025.6,775076727.52592899000,775076.72752592899,thousand_usd,numeric,unspecified,detail,2000-2025,geostat_trade_import-sitc-2000-2026,SITC-2000-2025-years,J13,Manufactured goods classified chiefly by material,"_(* #,##0.0_);_(* \(#,##0.0\);_(* ""-""?_);_(@_)"
goods_products,,,,,,sitc1,1,7,Machinery and transport equipment,,,,,,,,2007,import,goods.sitc1.2000-2025.7,1451707782.7261509000,1451707.7827261509,thousand_usd,numeric,unspecified,detail,2000-2025,geostat_trade_import-sitc-2000-2026,SITC-2000-2025-years,J14,Machinery and transport equipment,"_(* #,##0.0_);_(* \(#,##0.0\);_(* ""-""?_);_(@_)"
goods_products,,,,,,sitc1,1,8,Miscellaneous manufactured articles,,,,,,,,2007,import,goods.sitc1.2000-2025.8,471292830.98040783000,471292.83098040783,thousand_usd,numeric,unspecified,detail,2000-2025,geostat_trade_import-sitc-2000-2026,SITC-2000-2025-years,J15,Miscellaneous manufactured articles,"_(* #,##0.0_);_(* \(#,##0.0\);_(* ""-""?_);_(@_)"
goods_products,,,,,,sitc1,1,9,Commodities not classified elsewhere in the SITC,,,,,,,,2007,import,goods.sitc1.2000-2025.9,264047990.77383534000,264047.99077383534,thousand_usd,numeric,unspecified,detail,2000-2025,geostat_trade_import-sitc-2000-2026,SITC-2000-2025-years,J16,Commodities not classified elsewhere in the SITC,"_(* #,##0.0_);_(* \(#,##0.0\);_(* ""-""?_);_(@_)"
goods_products,,,,,,sitc1,1,,,,,,,,,,2008,import,goods.total,6301540343.0100735000,6301540.3430100735,thousand_usd,numeric,unspecified,total,2000-2025,geostat_trade_import-sitc-2000-2026,SITC-2000-2025-years,K5,Total Imports,"_-* #,##0.0_-;\-* #,##0.0_-;_-* ""-""?_-;_-@_-"
goods_products,,,,,,sitc1,1,0,Food and live animals,,,,,,,,2008,import,goods.sitc1.2000-2025.0,738593996.33180583000,738593.99633180583,thousand_usd,numeric,unspecified,detail,2000-2025,geostat_trade_import-sitc-2000-2026,SITC-2000-2025-years,K7,Food and live animals,"_(* #,##0.0_);_(* \(#,##0.0\);_(* ""-""?_);_(@_)"
goods_products,,,,,,sitc1,1,1,Beverages and tobacco,,,,,,,,2008,import,goods.sitc1.2000-2025.1,126060106.57639257000,126060.10657639257,thousand_usd,numeric,unspecified,detail,2000-2025,geostat_trade_import-sitc-2000-2026,SITC-2000-2025-years,K8,Beverages and tobacco,"_(* #,##0.0_);_(* \(#,##0.0\);_(* ""-""?_);_(@_)"
goods_products,,,,,,sitc1,1,2,"Crude materials, inedible, except fuels",,,,,,,,2008,import,goods.sitc1.2000-2025.2,128769433.3171161000,128769.4333171161,thousand_usd,numeric,unspecified,detail,2000-2025,geostat_trade_import-sitc-2000-2026,SITC-2000-2025-years,K9,"Crude materials, inedible, except fuels","_(* #,##0.0_);_(* \(#,##0.0\);_(* ""-""?_);_(@_)"
goods_products,,,,,,sitc1,1,3,"Mineral fuels, lubricants and related materials",,,,,,,,2008,import,goods.sitc1.2000-2025.3,1088219957.5230803000,1088219.9575230803,thousand_usd,numeric,unspecified,detail,2000-2025,geostat_trade_import-sitc-2000-2026,SITC-2000-2025-years,K10,"Mineral fuels, lubricants and related materials","_(* #,##0.0_);_(* \(#,##0.0\);_(* ""-""?_);_(@_)"
goods_products,,,,,,sitc1,1,4,"Animal and vegetable oils, fats and waxes",,,,,,,,2008,import,goods.sitc1.2000-2025.4,60208146.912728109000,60208.146912728109,thousand_usd,numeric,unspecified,detail,2000-2025,geostat_trade_import-sitc-2000-2026,SITC-2000-2025-years,K11,"Animal and vegetable oils, fats and waxes","_(* #,##0.0_);_(* \(#,##0.0\);_(* ""-""?_);_(@_)"
goods_products,,,,,,sitc1,1,5,"Chemicals and related products, n.e.s.",,,,,,,,2008,import,goods.sitc1.2000-2025.5,558763571.76784601000,558763.57176784601,thousand_usd,numeric,unspecified,detail,2000-2025,geostat_trade_import-sitc-2000-2026,SITC-2000-2025-years,K12,"Chemicals and related products, n.e.s.","_(* #,##0.0_);_(* \(#,##0.0\);_(* ""-""?_);_(@_)"
goods_products,,,,,,sitc1,1,6,Manufactured goods classified chiefly by material,,,,,,,,2008,import,goods.sitc1.2000-2025.6,984508659.71946018000,984508.65971946018,thousand_usd,numeric,unspecified,detail,2000-2025,geostat_trade_import-sitc-2000-2026,SITC-2000-2025-years,K13,Manufactured goods classified chiefly by material,"_(* #,##0.0_);_(* \(#,##0.0\);_(* ""-""?_);_(@_)"
goods_products,,,,,,sitc1,1,7,Machinery and transport equipment,,,,,,,,2008,import,goods.sitc1.2000-2025.7,2019613052.8753323000,2019613.0528753323,thousand_usd,numeric,unspecified,detail,2000-2025,geostat_trade_import-sitc-2000-2026,SITC-2000-2025-years,K14,Machinery and transport equipment,"_(* #,##0.0_);_(* \(#,##0.0\);_(* ""-""?_);_(@_)"
goods_products,,,,,,sitc1,1,8,Miscellaneous manufactured articles,,,,,,,,2008,import,goods.sitc1.2000-2025.8,535639234.83736452000,535639.23483736452,thousand_usd,numeric,unspecified,detail,2000-2025,geostat_trade_import-sitc-2000-2026,SITC-2000-2025-years,K15,Miscellaneous manufactured articles,"_(* #,##0.0_);_(* \(#,##0.0\);_(* ""-""?_);_(@_)"
goods_products,,,,,,sitc1,1,9,Commodities not classified elsewhere in the SITC,,,,,,,,2008,import,goods.sitc1.2000-2025.9,61164183.148947508000,61164.183148947508,thousand_usd,numeric,unspecified,detail,2000-2025,geostat_trade_import-sitc-2000-2026,SITC-2000-2025-years,K16,Commodities not classified elsewhere in the SITC,"_(* #,##0.0_);_(* \(#,##0.0\);_(* ""-""?_);_(@_)"
goods_products,,,,,,sitc1,1,,,,,,,,,,2009,import,goods.total,4475724508.7921005000,4475724.5087921005,thousand_usd,numeric,unspecified,total,2000-2025,geostat_trade_import-sitc-2000-2026,SITC-2000-2025-years,L5,Total Imports,"_-* #,##0.0_-;\-* #,##0.0_-;_-* ""-""?_-;_-@_-"
goods_products,,,,,,sitc1,1,0,Food and live animals,,,,,,,,2009,import,goods.sitc1.2000-2025.0,592644450.64998837000,592644.45064998837,thousand_usd,numeric,unspecified,detail,2000-2025,geostat_trade_import-sitc-2000-2026,SITC-2000-2025-years,L7,Food and live animals,"#,##0.0"
goods_products,,,,,,sitc1,1,1,Beverages and tobacco,,,,,,,,2009,import,goods.sitc1.2000-2025.1,127003649.15146833000,127003.64915146833,thousand_usd,numeric,unspecified,detail,2000-2025,geostat_trade_import-sitc-2000-2026,SITC-2000-2025-years,L8,Beverages and tobacco,"#,##0.0"
goods_products,,,,,,sitc1,1,2,"Crude materials, inedible, except fuels",,,,,,,,2009,import,goods.sitc1.2000-2025.2,77609514.784393672000,77609.514784393672,thousand_usd,numeric,unspecified,detail,2000-2025,geostat_trade_import-sitc-2000-2026,SITC-2000-2025-years,L9,"Crude materials, inedible, except fuels","#,##0.0"
goods_products,,,,,,sitc1,1,3,"Mineral fuels, lubricants and related materials",,,,,,,,2009,import,goods.sitc1.2000-2025.3,808575912.58265381000,808575.91258265381,thousand_usd,numeric,unspecified,detail,2000-2025,geostat_trade_import-sitc-2000-2026,SITC-2000-2025-years,L10,"Mineral fuels, lubricants and related materials","#,##0.0"
goods_products,,,,,,sitc1,1,4,"Animal and vegetable oils, fats and waxes",,,,,,,,2009,import,goods.sitc1.2000-2025.4,35605162.820344834000,35605.162820344834,thousand_usd,numeric,unspecified,detail,2000-2025,geostat_trade_import-sitc-2000-2026,SITC-2000-2025-years,L11,"Animal and vegetable oils, fats and waxes","#,##0.0"
goods_products,,,,,,sitc1,1,5,"Chemicals and related products, n.e.s.",,,,,,,,2009,import,goods.sitc1.2000-2025.5,473706903.27687946000,473706.90327687946,thousand_usd,numeric,unspecified,detail,2000-2025,geostat_trade_import-sitc-2000-2026,SITC-2000-2025-years,L12,"Chemicals and related products, n.e.s.","#,##0.0"
goods_products,,,,,,sitc1,1,6,Manufactured goods classified chiefly by material,,,,,,,,2009,import,goods.sitc1.2000-2025.6,581285488.00585605000,581285.48800585605,thousand_usd,numeric,unspecified,detail,2000-2025,geostat_trade_import-sitc-2000-2026,SITC-2000-2025-years,L13,Manufactured goods classified chiefly by material,"#,##0.0"
goods_products,,,,,,sitc1,1,7,Machinery and transport equipment,,,,,,,,2009,import,goods.sitc1.2000-2025.7,1088091125.5623715000,1088091.1255623715,thousand_usd,numeric,unspecified,detail,2000-2025,geostat_trade_import-sitc-2000-2026,SITC-2000-2025-years,L14,Machinery and transport equipment,"#,##0.0"
goods_products,,,,,,sitc1,1,8,Miscellaneous manufactured articles,,,,,,,,2009,import,goods.sitc1.2000-2025.8,387306806.05997972000,387306.80605997972,thousand_usd,numeric,unspecified,detail,2000-2025,geostat_trade_import-sitc-2000-2026,SITC-2000-2025-years,L15,Miscellaneous manufactured articles,"#,##0.0"
goods_products,,,,,,sitc1,1,9,Commodities not classified elsewhere in the SITC,,,,,,,,2009,import,goods.sitc1.2000-2025.9,303895495.89822337000,303895.49589822337,thousand_usd,numeric,unspecified,detail,2000-2025,geostat_trade_import-sitc-2000-2026,SITC-2000-2025-years,L16,Commodities not classified elsewhere in the SITC,"#,##0.0"
goods_products,,,,,,sitc1,1,,,,,,,,,,2010,import,goods.total,5235964558.7120485000,5235964.5587120485,thousand_usd,numeric,unspecified,total,2000-2025,geostat_trade_import-sitc-2000-2026,SITC-2000-2025-years,M5,Total Imports,"_-* #,##0.0_-;\-* #,##0.0_-;_-* ""-""?_-;_-@_-"
goods_products,,,,,,sitc1,1,0,Food and live animals,,,,,,,,2010,import,goods.sitc1.2000-2025.0,746674853.42150182000,746674.85342150182,thousand_usd,numeric,unspecified,detail,2000-2025,geostat_trade_import-sitc-2000-2026,SITC-2000-2025-years,M7,Food and live animals,"#,##0.0"
goods_products,,,,,,sitc1,1,1,Beverages and tobacco,,,,,,,,2010,import,goods.sitc1.2000-2025.1,150896235.92379515000,150896.23592379515,thousand_usd,numeric,unspecified,detail,2000-2025,geostat_trade_import-sitc-2000-2026,SITC-2000-2025-years,M8,Beverages and tobacco,"#,##0.0"
goods_products,,,,,,sitc1,1,2,"Crude materials, inedible, except fuels",,,,,,,,2010,import,goods.sitc1.2000-2025.2,121627808.88595695000,121627.80888595695,thousand_usd,numeric,unspecified,detail,2000-2025,geostat_trade_import-sitc-2000-2026,SITC-2000-2025-years,M9,"Crude materials, inedible, except fuels","#,##0.0"
goods_products,,,,,,sitc1,1,3,"Mineral fuels, lubricants and related materials",,,,,,,,2010,import,goods.sitc1.2000-2025.3,958402289.50957989000,958402.28950957989,thousand_usd,numeric,unspecified,detail,2000-2025,geostat_trade_import-sitc-2000-2026,SITC-2000-2025-years,M10,"Mineral fuels, lubricants and related materials","#,##0.0"
goods_products,,,,,,sitc1,1,4,"Animal and vegetable oils, fats and waxes",,,,,,,,2010,import,goods.sitc1.2000-2025.4,46693269.749261941000,46693.269749261941,thousand_usd,numeric,unspecified,detail,2000-2025,geostat_trade_import-sitc-2000-2026,SITC-2000-2025-years,M11,"Animal and vegetable oils, fats and waxes","#,##0.0"
goods_products,,,,,,sitc1,1,5,"Chemicals and related products, n.e.s.",,,,,,,,2010,import,goods.sitc1.2000-2025.5,541289872.85906915000,541289.87285906915,thousand_usd,numeric,unspecified,detail,2000-2025,geostat_trade_import-sitc-2000-2026,SITC-2000-2025-years,M12,"Chemicals and related products, n.e.s.","#,##0.0"
goods_products,,,,,,sitc1,1,6,Manufactured goods classified chiefly by material,,,,,,,,2010,import,goods.sitc1.2000-2025.6,803582597.75857767000,803582.59775857767,thousand_usd,numeric,unspecified,detail,2000-2025,geostat_trade_import-sitc-2000-2026,SITC-2000-2025-years,M13,Manufactured goods classified chiefly by material,"#,##0.0"
goods_products,,,,,,sitc1,1,7,Machinery and transport equipment,,,,,,,,2010,import,goods.sitc1.2000-2025.7,1322986740.4661789000,1322986.7404661789,thousand_usd,numeric,unspecified,detail,2000-2025,geostat_trade_import-sitc-2000-2026,SITC-2000-2025-years,M14,Machinery and transport equipment,"#,##0.0"
goods_products,,,,,,sitc1,1,8,Miscellaneous manufactured articles,,,,,,,,2010,import,goods.sitc1.2000-2025.8,525699025.65976803000,525699.02565976803,thousand_usd,numeric,unspecified,detail,2000-2025,geostat_trade_import-sitc-2000-2026,SITC-2000-2025-years,M15,Miscellaneous manufactured articles,"#,##0.0"
goods_products,,,,,,sitc1,1,9,Commodities not classified elsewhere in the SITC,,,,,,,,2010,import,goods.sitc1.2000-2025.9,18111864.47823557000,18111.86447823557,thousand_usd,numeric,unspecified,detail,2000-2025,geostat_trade_import-sitc-2000-2026,SITC-2000-2025-years,M16,Commodities not classified elsewhere in the SITC,"#,##0.0"
goods_products,,,,,,sitc1,1,,,,,,,,,,2011,import,goods.total,7072259779.4625005000,7072259.7794625005,thousand_usd,numeric,unspecified,total,2000-2025,geostat_trade_import-sitc-2000-2026,SITC-2000-2025-years,N5,Total Imports,"_-* #,##0.0_-;\-* #,##0.0_-;_-* ""-""?_-;_-@_-"
goods_products,,,,,,sitc1,1,0,Food and live animals,,,,,,,,2011,import,goods.sitc1.2000-2025.0,931047470.66659119000,931047.47066659119,thousand_usd,numeric,unspecified,detail,2000-2025,geostat_trade_import-sitc-2000-2026,SITC-2000-2025-years,N7,Food and live animals,"#,##0.0"
goods_products,,,,,,sitc1,1,1,Beverages and tobacco,,,,,,,,2011,import,goods.sitc1.2000-2025.1,164159573.37162385000,164159.57337162385,thousand_usd,numeric,unspecified,detail,2000-2025,geostat_trade_import-sitc-2000-2026,SITC-2000-2025-years,N8,Beverages and tobacco,"#,##0.0"
goods_products,,,,,,sitc1,1,2,"Crude materials, inedible, except fuels",,,,,,,,2011,import,goods.sitc1.2000-2025.2,138410164.16163242000,138410.16416163242,thousand_usd,numeric,unspecified,detail,2000-2025,geostat_trade_import-sitc-2000-2026,SITC-2000-2025-years,N9,"Crude materials, inedible, except fuels","#,##0.0"
goods_products,,,,,,sitc1,1,3,"Mineral fuels, lubricants and related materials",,,,,,,,2011,import,goods.sitc1.2000-2025.3,1261170368.3506185000,1261170.3683506185,thousand_usd,numeric,unspecified,detail,2000-2025,geostat_trade_import-sitc-2000-2026,SITC-2000-2025-years,N10,"Mineral fuels, lubricants and related materials","#,##0.0"
goods_products,,,,,,sitc1,1,4,"Animal and vegetable oils, fats and waxes",,,,,,,,2011,import,goods.sitc1.2000-2025.4,64669592.304453014000,64669.592304453014,thousand_usd,numeric,unspecified,detail,2000-2025,geostat_trade_import-sitc-2000-2026,SITC-2000-2025-years,N11,"Animal and vegetable oils, fats and waxes","#,##0.0"
goods_products,,,,,,sitc1,1,5,"Chemicals and related products, n.e.s.",,,,,,,,2011,import,goods.sitc1.2000-2025.5,649971397.98457944000,649971.39798457944,thousand_usd,numeric,unspecified,detail,2000-2025,geostat_trade_import-sitc-2000-2026,SITC-2000-2025-years,N12,"Chemicals and related products, n.e.s.","#,##0.0"
goods_products,,,,,,sitc1,1,6,Manufactured goods classified chiefly by material,,,,,,,,2011,import,goods.sitc1.2000-2025.6,1122245891.3280228000,1122245.8913280228,thousand_usd,numeric,unspecified,detail,2000-2025,geostat_trade_import-sitc-2000-2026,SITC-2000-2025-years,N13,Manufactured goods classified chiefly by material,"#,##0.0"
goods_products,,,,,,sitc1,1,7,Machinery and transport equipment,,,,,,,,2011,import,goods.sitc1.2000-2025.7,2032559435.0850533000,2032559.4350850533,thousand_usd,numeric,unspecified,detail,2000-2025,geostat_trade_import-sitc-2000-2026,SITC-2000-2025-years,N14,Machinery and transport equipment,"#,##0.0"
goods_products,,,,,,sitc1,1,8,Miscellaneous manufactured articles,,,,,,,,2011,import,goods.sitc1.2000-2025.8,694210489.34486241000,694210.48934486241,thousand_usd,numeric,unspecified,detail,2000-2025,geostat_trade_import-sitc-2000-2026,SITC-2000-2025-years,N15,Miscellaneous manufactured articles,"#,##0.0"
goods_products,,,,,,sitc1,1,9,Commodities not classified elsewhere in the SITC,,,,,,,,2011,import,goods.sitc1.2000-2025.9,13815396.864931114000,13815.396864931114,thousand_usd,numeric,unspecified,detail,2000-2025,geostat_trade_import-sitc-2000-2026,SITC-2000-2025-years,N16,Commodities not classified elsewhere in the SITC,"#,##0.0"
goods_products,,,,,,sitc1,1,,,,,,,,,,2012,import,goods.total,8056379015.9071693000,8056379.0159071693,thousand_usd,numeric,unspecified,total,2000-2025,geostat_trade_import-sitc-2000-2026,SITC-2000-2025-years,O5,Total Imports,"_-* #,##0.0_-;\-* #,##0.0_-;_-* ""-""?_-;_-@_-"
goods_products,,,,,,sitc1,1,0,Food and live animals,,,,,,,,2012,import,goods.sitc1.2000-2025.0,1001993144.0479018000,1001993.1440479018,thousand_usd,numeric,unspecified,detail,2000-2025,geostat_trade_import-sitc-2000-2026,SITC-2000-2025-years,O7,Food and live animals,"#,##0.0"
goods_products,,,,,,sitc1,1,1,Beverages and tobacco,,,,,,,,2012,import,goods.sitc1.2000-2025.1,170231299.00108033000,170231.29900108033,thousand_usd,numeric,unspecified,detail,2000-2025,geostat_trade_import-sitc-2000-2026,SITC-2000-2025-years,O8,Beverages and tobacco,"#,##0.0"
goods_products,,,,,,sitc1,1,2,"Crude materials, inedible, except fuels",,,,,,,,2012,import,goods.sitc1.2000-2025.2,171797195.08107947000,171797.19508107947,thousand_usd,numeric,unspecified,detail,2000-2025,geostat_trade_import-sitc-2000-2026,SITC-2000-2025-years,O9,"Crude materials, inedible, except fuels","#,##0.0"
goods_products,,,,,,sitc1,1,3,"Mineral fuels, lubricants and related materials",,,,,,,,2012,import,goods.sitc1.2000-2025.3,1397879141.294573000,1397879.141294573,thousand_usd,numeric,unspecified,detail,2000-2025,geostat_trade_import-sitc-2000-2026,SITC-2000-2025-years,O10,"Mineral fuels, lubricants and related materials","#,##0.0"
goods_products,,,,,,sitc1,1,4,"Animal and vegetable oils, fats and waxes",,,,,,,,2012,import,goods.sitc1.2000-2025.4,61251581.702997122000,61251.581702997122,thousand_usd,numeric,unspecified,detail,2000-2025,geostat_trade_import-sitc-2000-2026,SITC-2000-2025-years,O11,"Animal and vegetable oils, fats and waxes","#,##0.0"
goods_products,,,,,,sitc1,1,5,"Chemicals and related products, n.e.s.",,,,,,,,2012,import,goods.sitc1.2000-2025.5,752072689.18331026000,752072.68918331026,thousand_usd,numeric,unspecified,detail,2000-2025,geostat_trade_import-sitc-2000-2026,SITC-2000-2025-years,O12,"Chemicals and related products, n.e.s.","#,##0.0"
goods_products,,,,,,sitc1,1,6,Manufactured goods classified chiefly by material,,,,,,,,2012,import,goods.sitc1.2000-2025.6,1295613871.4799555000,1295613.8714799555,thousand_usd,numeric,unspecified,detail,2000-2025,geostat_trade_import-sitc-2000-2026,SITC-2000-2025-years,O13,Manufactured goods classified chiefly by material,"#,##0.0"
goods_products,,,,,,sitc1,1,7,Machinery and transport equipment,,,,,,,,2012,import,goods.sitc1.2000-2025.7,2416794789.6169741000,2416794.7896169741,thousand_usd,numeric,unspecified,detail,2000-2025,geostat_trade_import-sitc-2000-2026,SITC-2000-2025-years,O14,Machinery and transport equipment,"#,##0.0"
goods_products,,,,,,sitc1,1,8,Miscellaneous manufactured articles,,,,,,,,2012,import,goods.sitc1.2000-2025.8,772294056.41620955000,772294.05641620955,thousand_usd,numeric,unspecified,detail,2000-2025,geostat_trade_import-sitc-2000-2026,SITC-2000-2025-years,O15,Miscellaneous manufactured articles,"#,##0.0"
goods_products,,,,,,sitc1,1,9,Commodities not classified elsewhere in the SITC,,,,,,,,2012,import,goods.sitc1.2000-2025.9,16451248.083158796000,16451.248083158796,thousand_usd,numeric,unspecified,detail,2000-2025,geostat_trade_import-sitc-2000-2026,SITC-2000-2025-years,O16,Commodities not classified elsewhere in the SITC,"#,##0.0"
goods_products,,,,,,sitc1,1,,,,,,,,,,2013,import,goods.total,8022546397.8869058000,8022546.3978869058,thousand_usd,numeric,unspecified,total,2000-2025,geostat_trade_import-sitc-2000-2026,SITC-2000-2025-years,P5,Total Imports,"_-* #,##0.0_-;\-* #,##0.0_-;_-* ""-""?_-;_-@_-"
goods_products,,,,,,sitc1,1,0,Food and live animals,,,,,,,,2013,import,goods.sitc1.2000-2025.0,1009609873.2746122000,1009609.8732746122,thousand_usd,numeric,unspecified,detail,2000-2025,geostat_trade_import-sitc-2000-2026,SITC-2000-2025-years,P7,Food and live animals,"#,##0.0"
goods_products,,,,,,sitc1,1,1,Beverages and tobacco,,,,,,,,2013,import,goods.sitc1.2000-2025.1,183853816.17166862000,183853.81617166862,thousand_usd,numeric,unspecified,detail,2000-2025,geostat_trade_import-sitc-2000-2026,SITC-2000-2025-years,P8,Beverages and tobacco,"#,##0.0"
goods_products,,,,,,sitc1,1,2,"Crude materials, inedible, except fuels",,,,,,,,2013,import,goods.sitc1.2000-2025.2,267450715.08411935000,267450.71508411935,thousand_usd,numeric,unspecified,detail,2000-2025,geostat_trade_import-sitc-2000-2026,SITC-2000-2025-years,P9,"Crude materials, inedible, except fuels","#,##0.0"
goods_products,,,,,,sitc1,1,3,"Mineral fuels, lubricants and related materials",,,,,,,,2013,import,goods.sitc1.2000-2025.3,1391503140.9622885000,1391503.1409622885,thousand_usd,numeric,unspecified,detail,2000-2025,geostat_trade_import-sitc-2000-2026,SITC-2000-2025-years,P10,"Mineral fuels, lubricants and related materials","#,##0.0"
goods_products,,,,,,sitc1,1,4,"Animal and vegetable oils, fats and waxes",,,,,,,,2013,import,goods.sitc1.2000-2025.4,65057649.600090685000,65057.649600090685,thousand_usd,numeric,unspecified,detail,2000-2025,geostat_trade_import-sitc-2000-2026,SITC-2000-2025-years,P11,"Animal and vegetable oils, fats and waxes","#,##0.0"
goods_products,,,,,,sitc1,1,5,"Chemicals and related products, n.e.s.",,,,,,,,2013,import,goods.sitc1.2000-2025.5,832226674.81127311000,832226.67481127311,thousand_usd,numeric,unspecified,detail,2000-2025,geostat_trade_import-sitc-2000-2026,SITC-2000-2025-years,P12,"Chemicals and related products, n.e.s.","#,##0.0"
goods_products,,,,,,sitc1,1,6,Manufactured goods classified chiefly by material,,,,,,,,2013,import,goods.sitc1.2000-2025.6,1223845707.2983824000,1223845.7072983824,thousand_usd,numeric,unspecified,detail,2000-2025,geostat_trade_import-sitc-2000-2026,SITC-2000-2025-years,P13,Manufactured goods classified chiefly by material,"#,##0.0"
goods_products,,,,,,sitc1,1,7,Machinery and transport equipment,,,,,,,,2013,import,goods.sitc1.2000-2025.7,2285960328.42818000,2285960.32842818,thousand_usd,numeric,unspecified,detail,2000-2025,geostat_trade_import-sitc-2000-2026,SITC-2000-2025-years,P14,Machinery and transport equipment,"#,##0.0"
goods_products,,,,,,sitc1,1,8,Miscellaneous manufactured articles,,,,,,,,2013,import,goods.sitc1.2000-2025.8,725577396.0123373000,725577.3960123373,thousand_usd,numeric,unspecified,detail,2000-2025,geostat_trade_import-sitc-2000-2026,SITC-2000-2025-years,P15,Miscellaneous manufactured articles,"#,##0.0"
goods_products,,,,,,sitc1,1,9,Commodities not classified elsewhere in the SITC,,,,,,,,2013,import,goods.sitc1.2000-2025.9,37461096.243954082000,37461.096243954082,thousand_usd,numeric,unspecified,detail,2000-2025,geostat_trade_import-sitc-2000-2026,SITC-2000-2025-years,P16,Commodities not classified elsewhere in the SITC,"#,##0.0"
goods_products,,,,,,sitc1,1,,,,,,,,,,2014,import,goods.total,8601814354.5469996000,8601814.3545469996,thousand_usd,numeric,unspecified,total,2000-2025,geostat_trade_import-sitc-2000-2026,SITC-2000-2025-years,Q5,Total Imports,"_-* #,##0.0_-;\-* #,##0.0_-;_-* ""-""?_-;_-@_-"
goods_products,,,,,,sitc1,1,0,Food and live animals,,,,,,,,2014,import,goods.sitc1.2000-2025.0,1001636687.4012528000,1001636.6874012528,thousand_usd,numeric,unspecified,detail,2000-2025,geostat_trade_import-sitc-2000-2026,SITC-2000-2025-years,Q7,Food and live animals,"#,##0.0"
goods_products,,,,,,sitc1,1,1,Beverages and tobacco,,,,,,,,2014,import,goods.sitc1.2000-2025.1,217184155.84093978000,217184.15584093978,thousand_usd,numeric,unspecified,detail,2000-2025,geostat_trade_import-sitc-2000-2026,SITC-2000-2025-years,Q8,Beverages and tobacco,"#,##0.0"
goods_products,,,,,,sitc1,1,2,"Crude materials, inedible, except fuels",,,,,,,,2014,import,goods.sitc1.2000-2025.2,335851849.13569753000,335851.84913569753,thousand_usd,numeric,unspecified,detail,2000-2025,geostat_trade_import-sitc-2000-2026,SITC-2000-2025-years,Q9,"Crude materials, inedible, except fuels","#,##0.0"
goods_products,,,,,,sitc1,1,3,"Mineral fuels, lubricants and related materials",,,,,,,,2014,import,goods.sitc1.2000-2025.3,1432237800.1847335000,1432237.8001847335,thousand_usd,numeric,unspecified,detail,2000-2025,geostat_trade_import-sitc-2000-2026,SITC-2000-2025-years,Q10,"Mineral fuels, lubricants and related materials","#,##0.0"
goods_products,,,,,,sitc1,1,4,"Animal and vegetable oils, fats and waxes",,,,,,,,2014,import,goods.sitc1.2000-2025.4,48201273.967934554000,48201.273967934554,thousand_usd,numeric,unspecified,detail,2000-2025,geostat_trade_import-sitc-2000-2026,SITC-2000-2025-years,Q11,"Animal and vegetable oils, fats and waxes","#,##0.0"
goods_products,,,,,,sitc1,1,5,"Chemicals and related products, n.e.s.",,,,,,,,2014,import,goods.sitc1.2000-2025.5,914862203.65580008000,914862.20365580008,thousand_usd,numeric,unspecified,detail,2000-2025,geostat_trade_import-sitc-2000-2026,SITC-2000-2025-years,Q12,"Chemicals and related products, n.e.s.","#,##0.0"
goods_products,,,,,,sitc1,1,6,Manufactured goods classified chiefly by material,,,,,,,,2014,import,goods.sitc1.2000-2025.6,1338344951.0874478000,1338344.9510874478,thousand_usd,numeric,unspecified,detail,2000-2025,geostat_trade_import-sitc-2000-2026,SITC-2000-2025-years,Q13,Manufactured goods classified chiefly by material,"#,##0.0"
goods_products,,,,,,sitc1,1,7,Machinery and transport equipment,,,,,,,,2014,import,goods.sitc1.2000-2025.7,2468001829.8663911000,2468001.8298663911,thousand_usd,numeric,unspecified,detail,2000-2025,geostat_trade_import-sitc-2000-2026,SITC-2000-2025-years,Q14,Machinery and transport equipment,"#,##0.0"
goods_products,,,,,,sitc1,1,8,Miscellaneous manufactured articles,,,,,,,,2014,import,goods.sitc1.2000-2025.8,828679628.53250129000,828679.62853250129,thousand_usd,numeric,unspecified,detail,2000-2025,geostat_trade_import-sitc-2000-2026,SITC-2000-2025-years,Q15,Miscellaneous manufactured articles,"#,##0.0"
goods_products,,,,,,sitc1,1,9,Commodities not classified elsewhere in the SITC,,,,,,,,2014,import,goods.sitc1.2000-2025.9,16813974.874300067000,16813.974874300067,thousand_usd,numeric,unspecified,detail,2000-2025,geostat_trade_import-sitc-2000-2026,SITC-2000-2025-years,Q16,Commodities not classified elsewhere in the SITC,"#,##0.0"
goods_products,,,,,,sitc1,1,,,,,,,,,,2015,import,goods.total,7304152715.6147342000,7304152.7156147342,thousand_usd,numeric,unspecified,total,2000-2025,geostat_trade_import-sitc-2000-2026,SITC-2000-2025-years,R5,Total Imports,"_(* #,##0.0_);_(* \(#,##0.0\);_(* ""-""?_);_(@_)"
goods_products,,,,,,sitc1,1,0,Food and live animals,,,,,,,,2015,import,goods.sitc1.2000-2025.0,821453722.46656427000,821453.72246656427,thousand_usd,numeric,unspecified,detail,2000-2025,geostat_trade_import-sitc-2000-2026,SITC-2000-2025-years,R7,Food and live animals,"_(* #,##0.0_);_(* \(#,##0.0\);_(* ""-""?_);_(@_)"
goods_products,,,,,,sitc1,1,1,Beverages and tobacco,,,,,,,,2015,import,goods.sitc1.2000-2025.1,185169206.75035196000,185169.20675035196,thousand_usd,numeric,unspecified,detail,2000-2025,geostat_trade_import-sitc-2000-2026,SITC-2000-2025-years,R8,Beverages and tobacco,"_(* #,##0.0_);_(* \(#,##0.0\);_(* ""-""?_);_(@_)"
goods_products,,,,,,sitc1,1,2,"Crude materials, inedible, except fuels",,,,,,,,2015,import,goods.sitc1.2000-2025.2,344744297.13587451000,344744.29713587451,thousand_usd,numeric,unspecified,detail,2000-2025,geostat_trade_import-sitc-2000-2026,SITC-2000-2025-years,R9,"Crude materials, inedible, except fuels","_(* #,##0.0_);_(* \(#,##0.0\);_(* ""-""?_);_(@_)"
goods_products,,,,,,sitc1,1,3,"Mineral fuels, lubricants and related materials",,,,,,,,2015,import,goods.sitc1.2000-2025.3,1241285640.2279977000,1241285.6402279977,thousand_usd,numeric,unspecified,detail,2000-2025,geostat_trade_import-sitc-2000-2026,SITC-2000-2025-years,R10,"Mineral fuels, lubricants and related materials","_(* #,##0.0_);_(* \(#,##0.0\);_(* ""-""?_);_(@_)"
goods_products,,,,,,sitc1,1,4,"Animal and vegetable oils, fats and waxes",,,,,,,,2015,import,goods.sitc1.2000-2025.4,53417395.368631391000,53417.395368631391,thousand_usd,numeric,unspecified,detail,2000-2025,geostat_trade_import-sitc-2000-2026,SITC-2000-2025-years,R11,"Animal and vegetable oils, fats and waxes","_(* #,##0.0_);_(* \(#,##0.0\);_(* ""-""?_);_(@_)"
goods_products,,,,,,sitc1,1,5,"Chemicals and related products, n.e.s.",,,,,,,,2015,import,goods.sitc1.2000-2025.5,843129033.18741277000,843129.03318741277,thousand_usd,numeric,unspecified,detail,2000-2025,geostat_trade_import-sitc-2000-2026,SITC-2000-2025-years,R12,"Chemicals and related products, n.e.s.","_(* #,##0.0_);_(* \(#,##0.0\);_(* ""-""?_);_(@_)"
goods_products,,,,,,sitc1,1,6,Manufactured goods classified chiefly by material,,,,,,,,2015,import,goods.sitc1.2000-2025.6,1145376691.9888651000,1145376.6919888651,thousand_usd,numeric,unspecified,detail,2000-2025,geostat_trade_import-sitc-2000-2026,SITC-2000-2025-years,R13,Manufactured goods classified chiefly by material,"_(* #,##0.0_);_(* \(#,##0.0\);_(* ""-""?_);_(@_)"
goods_products,,,,,,sitc1,1,7,Machinery and transport equipment,,,,,,,,2015,import,goods.sitc1.2000-2025.7,1929886191.9565808000,1929886.1919565808,thousand_usd,numeric,unspecified,detail,2000-2025,geostat_trade_import-sitc-2000-2026,SITC-2000-2025-years,R14,Machinery and transport equipment,"_(* #,##0.0_);_(* \(#,##0.0\);_(* ""-""?_);_(@_)"
goods_products,,,,,,sitc1,1,8,Miscellaneous manufactured articles,,,,,,,,2015,import,goods.sitc1.2000-2025.8,719349972.89591143000,719349.97289591143,thousand_usd,numeric,unspecified,detail,2000-2025,geostat_trade_import-sitc-2000-2026,SITC-2000-2025-years,R15,Miscellaneous manufactured articles,"_(* #,##0.0_);_(* \(#,##0.0\);_(* ""-""?_);_(@_)"
goods_products,,,,,,sitc1,1,9,Commodities not classified elsewhere in the SITC,,,,,,,,2015,import,goods.sitc1.2000-2025.9,20340563.636544935000,20340.563636544935,thousand_usd,numeric,unspecified,detail,2000-2025,geostat_trade_import-sitc-2000-2026,SITC-2000-2025-years,R16,Commodities not classified elsewhere in the SITC,"_(* #,##0.0_);_(* \(#,##0.0\);_(* ""-""?_);_(@_)"
goods_products,,,,,,sitc1,1,,,,,,,,,,2016,import,goods.total,7341698114.4893803000,7341698.1144893803,thousand_usd,numeric,unspecified,total,2000-2025,geostat_trade_import-sitc-2000-2026,SITC-2000-2025-years,S5,Total Imports,"_(* #,##0.0_);_(* \(#,##0.0\);_(* ""-""?_);_(@_)"
goods_products,,,,,,sitc1,1,0,Food and live animals,,,,,,,,2016,import,goods.sitc1.2000-2025.0,810189594.1864315000,810189.5941864315,thousand_usd,numeric,unspecified,detail,2000-2025,geostat_trade_import-sitc-2000-2026,SITC-2000-2025-years,S7,Food and live animals,"_(* #,##0.0_);_(* \(#,##0.0\);_(* ""-""?_);_(@_)"
goods_products,,,,,,sitc1,1,1,Beverages and tobacco,,,,,,,,2016,import,goods.sitc1.2000-2025.1,159421959.98618382000,159421.95998618382,thousand_usd,numeric,unspecified,detail,2000-2025,geostat_trade_import-sitc-2000-2026,SITC-2000-2025-years,S8,Beverages and tobacco,"_(* #,##0.0_);_(* \(#,##0.0\);_(* ""-""?_);_(@_)"
goods_products,,,,,,sitc1,1,2,"Crude materials, inedible, except fuels",,,,,,,,2016,import,goods.sitc1.2000-2025.2,360879474.03961502000,360879.47403961502,thousand_usd,numeric,unspecified,detail,2000-2025,geostat_trade_import-sitc-2000-2026,SITC-2000-2025-years,S9,"Crude materials, inedible, except fuels","_(* #,##0.0_);_(* \(#,##0.0\);_(* ""-""?_);_(@_)"
goods_products,,,,,,sitc1,1,3,"Mineral fuels, lubricants and related materials",,,,,,,,2016,import,goods.sitc1.2000-2025.3,1034633398.2213875000,1034633.3982213875,thousand_usd,numeric,unspecified,detail,2000-2025,geostat_trade_import-sitc-2000-2026,SITC-2000-2025-years,S10,"Mineral fuels, lubricants and related materials","_(* #,##0.0_);_(* \(#,##0.0\);_(* ""-""?_);_(@_)"
goods_products,,,,,,sitc1,1,4,"Animal and vegetable oils, fats and waxes",,,,,,,,2016,import,goods.sitc1.2000-2025.4,49160445.055206561000,49160.445055206561,thousand_usd,numeric,unspecified,detail,2000-2025,geostat_trade_import-sitc-2000-2026,SITC-2000-2025-years,S11,"Animal and vegetable oils, fats and waxes","_(* #,##0.0_);_(* \(#,##0.0\);_(* ""-""?_);_(@_)"
goods_products,,,,,,sitc1,1,5,"Chemicals and related products, n.e.s.",,,,,,,,2016,import,goods.sitc1.2000-2025.5,862960808.08346835000,862960.80808346835,thousand_usd,numeric,unspecified,detail,2000-2025,geostat_trade_import-sitc-2000-2026,SITC-2000-2025-years,S12,"Chemicals and related products, n.e.s.","_(* #,##0.0_);_(* \(#,##0.0\);_(* ""-""?_);_(@_)"
goods_products,,,,,,sitc1,1,6,Manufactured goods classified chiefly by material,,,,,,,,2016,import,goods.sitc1.2000-2025.6,1145787752.1427397000,1145787.7521427397,thousand_usd,numeric,unspecified,detail,2000-2025,geostat_trade_import-sitc-2000-2026,SITC-2000-2025-years,S13,Manufactured goods classified chiefly by material,"_(* #,##0.0_);_(* \(#,##0.0\);_(* ""-""?_);_(@_)"
goods_products,,,,,,sitc1,1,7,Machinery and transport equipment,,,,,,,,2016,import,goods.sitc1.2000-2025.7,2149518041.4117309000,2149518.0414117309,thousand_usd,numeric,unspecified,detail,2000-2025,geostat_trade_import-sitc-2000-2026,SITC-2000-2025-years,S14,Machinery and transport equipment,"_(* #,##0.0_);_(* \(#,##0.0\);_(* ""-""?_);_(@_)"
goods_products,,,,,,sitc1,1,8,Miscellaneous manufactured articles,,,,,,,,2016,import,goods.sitc1.2000-2025.8,758061544.2405846000,758061.5442405846,thousand_usd,numeric,unspecified,detail,2000-2025,geostat_trade_import-sitc-2000-2026,SITC-2000-2025-years,S15,Miscellaneous manufactured articles,"_(* #,##0.0_);_(* \(#,##0.0\);_(* ""-""?_);_(@_)"
goods_products,,,,,,sitc1,1,9,Commodities not classified elsewhere in the SITC,,,,,,,,2016,import,goods.sitc1.2000-2025.9,11085097.122032064000,11085.097122032064,thousand_usd,numeric,unspecified,detail,2000-2025,geostat_trade_import-sitc-2000-2026,SITC-2000-2025-years,S16,Commodities not classified elsewhere in the SITC,"_(* #,##0.0_);_(* \(#,##0.0\);_(* ""-""?_);_(@_)"
goods_products,,,,,,sitc1,1,,,,,,,,,,2017,import,goods.total,8057082210.5736574000,8057082.2105736574,thousand_usd,numeric,unspecified,total,2000-2025,geostat_trade_import-sitc-2000-2026,SITC-2000-2025-years,T5,Total Imports,"_(* #,##0.0_);_(* \(#,##0.0\);_(* ""-""?_);_(@_)"
goods_products,,,,,,sitc1,1,0,Food and live animals,,,,,,,,2017,import,goods.sitc1.2000-2025.0,894813084.47500074000,894813.08447500074,thousand_usd,numeric,unspecified,detail,2000-2025,geostat_trade_import-sitc-2000-2026,SITC-2000-2025-years,T7,Food and live animals,"_(* #,##0.0_);_(* \(#,##0.0\);_(* ""-""?_);_(@_)"
goods_products,,,,,,sitc1,1,1,Beverages and tobacco,,,,,,,,2017,import,goods.sitc1.2000-2025.1,179352085.35954877000,179352.08535954877,thousand_usd,numeric,unspecified,detail,2000-2025,geostat_trade_import-sitc-2000-2026,SITC-2000-2025-years,T8,Beverages and tobacco,"_(* #,##0.0_);_(* \(#,##0.0\);_(* ""-""?_);_(@_)"
goods_products,,,,,,sitc1,1,2,"Crude materials, inedible, except fuels",,,,,,,,2017,import,goods.sitc1.2000-2025.2,469728637.4648661000,469728.6374648661,thousand_usd,numeric,unspecified,detail,2000-2025,geostat_trade_import-sitc-2000-2026,SITC-2000-2025-years,T9,"Crude materials, inedible, except fuels","_(* #,##0.0_);_(* \(#,##0.0\);_(* ""-""?_);_(@_)"
goods_products,,,,,,sitc1,1,3,"Mineral fuels, lubricants and related materials",,,,,,,,2017,import,goods.sitc1.2000-2025.3,1179423935.5612455000,1179423.9355612455,thousand_usd,numeric,unspecified,detail,2000-2025,geostat_trade_import-sitc-2000-2026,SITC-2000-2025-years,T10,"Mineral fuels, lubricants and related materials","_(* #,##0.0_);_(* \(#,##0.0\);_(* ""-""?_);_(@_)"
goods_products,,,,,,sitc1,1,4,"Animal and vegetable oils, fats and waxes",,,,,,,,2017,import,goods.sitc1.2000-2025.4,47591042.175981893000,47591.042175981893,thousand_usd,numeric,unspecified,detail,2000-2025,geostat_trade_import-sitc-2000-2026,SITC-2000-2025-years,T11,"Animal and vegetable oils, fats and waxes","_(* #,##0.0_);_(* \(#,##0.0\);_(* ""-""?_);_(@_)"
goods_products,,,,,,sitc1,1,5,"Chemicals and related products, n.e.s.",,,,,,,,2017,import,goods.sitc1.2000-2025.5,951109970.00388463000,951109.97000388463,thousand_usd,numeric,unspecified,detail,2000-2025,geostat_trade_import-sitc-2000-2026,SITC-2000-2025-years,T12,"Chemicals and related products, n.e.s.","_(* #,##0.0_);_(* \(#,##0.0\);_(* ""-""?_);_(@_)"
goods_products,,,,,,sitc1,1,6,Manufactured goods classified chiefly by material,,,,,,,,2017,import,goods.sitc1.2000-2025.6,1265844347.8603237000,1265844.3478603237,thousand_usd,numeric,unspecified,detail,2000-2025,geostat_trade_import-sitc-2000-2026,SITC-2000-2025-years,T13,Manufactured goods classified chiefly by material,"_(* #,##0.0_);_(* \(#,##0.0\);_(* ""-""?_);_(@_)"
goods_products,,,,,,sitc1,1,7,Machinery and transport equipment,,,,,,,,2017,import,goods.sitc1.2000-2025.7,2229645842.0671052000,2229645.8420671052,thousand_usd,numeric,unspecified,detail,2000-2025,geostat_trade_import-sitc-2000-2026,SITC-2000-2025-years,T14,Machinery and transport equipment,"_(* #,##0.0_);_(* \(#,##0.0\);_(* ""-""?_);_(@_)"
goods_products,,,,,,sitc1,1,8,Miscellaneous manufactured articles,,,,,,,,2017,import,goods.sitc1.2000-2025.8,822526354.595816000,822526.354595816,thousand_usd,numeric,unspecified,detail,2000-2025,geostat_trade_import-sitc-2000-2026,SITC-2000-2025-years,T15,Miscellaneous manufactured articles,"_(* #,##0.0_);_(* \(#,##0.0\);_(* ""-""?_);_(@_)"
goods_products,,,,,,sitc1,1,9,Commodities not classified elsewhere in the SITC,,,,,,,,2017,import,goods.sitc1.2000-2025.9,17046911.009884505000,17046.911009884505,thousand_usd,numeric,unspecified,detail,2000-2025,geostat_trade_import-sitc-2000-2026,SITC-2000-2025-years,T16,Commodities not classified elsewhere in the SITC,"_(* #,##0.0_);_(* \(#,##0.0\);_(* ""-""?_);_(@_)"
goods_products,,,,,,sitc1,1,,,,,,,,,,2018,import,goods.total,9361247035.8862542000,9361247.0358862542,thousand_usd,numeric,unspecified,total,2000-2025,geostat_trade_import-sitc-2000-2026,SITC-2000-2025-years,U5,Total Imports,"_(* #,##0.0_);_(* \(#,##0.0\);_(* ""-""?_);_(@_)"
goods_products,,,,,,sitc1,1,0,Food and live animals,,,,,,,,2018,import,goods.sitc1.2000-2025.0,957268036.30006697000,957268.03630006697,thousand_usd,numeric,unspecified,detail,2000-2025,geostat_trade_import-sitc-2000-2026,SITC-2000-2025-years,U7,Food and live animals,"_(* #,##0.0_);_(* \(#,##0.0\);_(* ""-""?_);_(@_)"
goods_products,,,,,,sitc1,1,1,Beverages and tobacco,,,,,,,,2018,import,goods.sitc1.2000-2025.1,271495311.60719745000,271495.31160719745,thousand_usd,numeric,unspecified,detail,2000-2025,geostat_trade_import-sitc-2000-2026,SITC-2000-2025-years,U8,Beverages and tobacco,"_(* #,##0.0_);_(* \(#,##0.0\);_(* ""-""?_);_(@_)"
goods_products,,,,,,sitc1,1,2,"Crude materials, inedible, except fuels",,,,,,,,2018,import,goods.sitc1.2000-2025.2,555197428.95915546000,555197.42895915546,thousand_usd,numeric,unspecified,detail,2000-2025,geostat_trade_import-sitc-2000-2026,SITC-2000-2025-years,U9,"Crude materials, inedible, except fuels","_(* #,##0.0_);_(* \(#,##0.0\);_(* ""-""?_);_(@_)"
goods_products,,,,,,sitc1,1,3,"Mineral fuels, lubricants and related materials",,,,,,,,2018,import,goods.sitc1.2000-2025.3,1341121029.225321000,1341121.029225321,thousand_usd,numeric,unspecified,detail,2000-2025,geostat_trade_import-sitc-2000-2026,SITC-2000-2025-years,U10,"Mineral fuels, lubricants and related materials","_(* #,##0.0_);_(* \(#,##0.0\);_(* ""-""?_);_(@_)"
goods_products,,,,,,sitc1,1,4,"Animal and vegetable oils, fats and waxes",,,,,,,,2018,import,goods.sitc1.2000-2025.4,53973840.405962292000,53973.840405962292,thousand_usd,numeric,unspecified,detail,2000-2025,geostat_trade_import-sitc-2000-2026,SITC-2000-2025-years,U11,"Animal and vegetable oils, fats and waxes","_(* #,##0.0_);_(* \(#,##0.0\);_(* ""-""?_);_(@_)"
goods_products,,,,,,sitc1,1,5,"Chemicals and related products, n.e.s.",,,,,,,,2018,import,goods.sitc1.2000-2025.5,1014173038.7694483000,1014173.0387694483,thousand_usd,numeric,unspecified,detail,2000-2025,geostat_trade_import-sitc-2000-2026,SITC-2000-2025-years,U12,"Chemicals and related products, n.e.s.","_(* #,##0.0_);_(* \(#,##0.0\);_(* ""-""?_);_(@_)"
goods_products,,,,,,sitc1,1,6,Manufactured goods classified chiefly by material,,,,,,,,2018,import,goods.sitc1.2000-2025.6,1435081246.3776965000,1435081.2463776965,thousand_usd,numeric,unspecified,detail,2000-2025,geostat_trade_import-sitc-2000-2026,SITC-2000-2025-years,U13,Manufactured goods classified chiefly by material,"_(* #,##0.0_);_(* \(#,##0.0\);_(* ""-""?_);_(@_)"
goods_products,,,,,,sitc1,1,7,Machinery and transport equipment,,,,,,,,2018,import,goods.sitc1.2000-2025.7,2741998331.9540797000,2741998.3319540797,thousand_usd,numeric,unspecified,detail,2000-2025,geostat_trade_import-sitc-2000-2026,SITC-2000-2025-years,U14,Machinery and transport equipment,"_(* #,##0.0_);_(* \(#,##0.0\);_(* ""-""?_);_(@_)"
goods_products,,,,,,sitc1,1,8,Miscellaneous manufactured articles,,,,,,,,2018,import,goods.sitc1.2000-2025.8,887620982.25628911000,887620.98225628911,thousand_usd,numeric,unspecified,detail,2000-2025,geostat_trade_import-sitc-2000-2026,SITC-2000-2025-years,U15,Miscellaneous manufactured articles,"_(* #,##0.0_);_(* \(#,##0.0\);_(* ""-""?_);_(@_)"
goods_products,,,,,,sitc1,1,9,Commodities not classified elsewhere in the SITC,,,,,,,,2018,import,goods.sitc1.2000-2025.9,103317790.03103808000,103317.79003103808,thousand_usd,numeric,unspecified,detail,2000-2025,geostat_trade_import-sitc-2000-2026,SITC-2000-2025-years,U16,Commodities not classified elsewhere in the SITC,"_(* #,##0.0_);_(* \(#,##0.0\);_(* ""-""?_);_(@_)"
goods_products,,,,,,sitc1,1,,,,,,,,,,2019,import,goods.total,9517967520.38268000,9517967.52038268,thousand_usd,numeric,unspecified,total,2000-2025,geostat_trade_import-sitc-2000-2026,SITC-2000-2025-years,V5,Total Imports,"_(* #,##0.0_);_(* \(#,##0.0\);_(* ""-""?_);_(@_)"
goods_products,,,,,,sitc1,1,0,Food and live animals,,,,,,,,2019,import,goods.sitc1.2000-2025.0,953090348.19368308000,953090.34819368308,thousand_usd,numeric,unspecified,detail,2000-2025,geostat_trade_import-sitc-2000-2026,SITC-2000-2025-years,V7,Food and live animals,"_(* #,##0.0_);_(* \(#,##0.0\);_(* ""-""?_);_(@_)"
goods_products,,,,,,sitc1,1,1,Beverages and tobacco,,,,,,,,2019,import,goods.sitc1.2000-2025.1,197590798.55898555000,197590.79855898555,thousand_usd,numeric,unspecified,detail,2000-2025,geostat_trade_import-sitc-2000-2026,SITC-2000-2025-years,V8,Beverages and tobacco,"_(* #,##0.0_);_(* \(#,##0.0\);_(* ""-""?_);_(@_)"
goods_products,,,,,,sitc1,1,2,"Crude materials, inedible, except fuels",,,,,,,,2019,import,goods.sitc1.2000-2025.2,737597686.44977699000,737597.68644977699,thousand_usd,numeric,unspecified,detail,2000-2025,geostat_trade_import-sitc-2000-2026,SITC-2000-2025-years,V9,"Crude materials, inedible, except fuels","_(* #,##0.0_);_(* \(#,##0.0\);_(* ""-""?_);_(@_)"
goods_products,,,,,,sitc1,1,3,"Mineral fuels, lubricants and related materials",,,,,,,,2019,import,goods.sitc1.2000-2025.3,1294281055.1506497000,1294281.0551506497,thousand_usd,numeric,unspecified,detail,2000-2025,geostat_trade_import-sitc-2000-2026,SITC-2000-2025-years,V10,"Mineral fuels, lubricants and related materials","_(* #,##0.0_);_(* \(#,##0.0\);_(* ""-""?_);_(@_)"
goods_products,,,,,,sitc1,1,4,"Animal and vegetable oils, fats and waxes",,,,,,,,2019,import,goods.sitc1.2000-2025.4,52493703.067881404000,52493.703067881404,thousand_usd,numeric,unspecified,detail,2000-2025,geostat_trade_import-sitc-2000-2026,SITC-2000-2025-years,V11,"Animal and vegetable oils, fats and waxes","_(* #,##0.0_);_(* \(#,##0.0\);_(* ""-""?_);_(@_)"
goods_products,,,,,,sitc1,1,5,"Chemicals and related products, n.e.s.",,,,,,,,2019,import,goods.sitc1.2000-2025.5,1069820163.0426489000,1069820.1630426489,thousand_usd,numeric,unspecified,detail,2000-2025,geostat_trade_import-sitc-2000-2026,SITC-2000-2025-years,V12,"Chemicals and related products, n.e.s.","_(* #,##0.0_);_(* \(#,##0.0\);_(* ""-""?_);_(@_)"
goods_products,,,,,,sitc1,1,6,Manufactured goods classified chiefly by material,,,,,,,,2019,import,goods.sitc1.2000-2025.6,1448713979.7320943000,1448713.9797320943,thousand_usd,numeric,unspecified,detail,2000-2025,geostat_trade_import-sitc-2000-2026,SITC-2000-2025-years,V13,Manufactured goods classified chiefly by material,"_(* #,##0.0_);_(* \(#,##0.0\);_(* ""-""?_);_(@_)"
goods_products,,,,,,sitc1,1,7,Machinery and transport equipment,,,,,,,,2019,import,goods.sitc1.2000-2025.7,2886449706.344503000,2886449.706344503,thousand_usd,numeric,unspecified,detail,2000-2025,geostat_trade_import-sitc-2000-2026,SITC-2000-2025-years,V14,Machinery and transport equipment,"_(* #,##0.0_);_(* \(#,##0.0\);_(* ""-""?_);_(@_)"
goods_products,,,,,,sitc1,1,8,Miscellaneous manufactured articles,,,,,,,,2019,import,goods.sitc1.2000-2025.8,867634911.48225393000,867634.91148225393,thousand_usd,numeric,unspecified,detail,2000-2025,geostat_trade_import-sitc-2000-2026,SITC-2000-2025-years,V15,Miscellaneous manufactured articles,"_(* #,##0.0_);_(* \(#,##0.0\);_(* ""-""?_);_(@_)"
goods_products,,,,,,sitc1,1,9,Commodities not classified elsewhere in the SITC,,,,,,,,2019,import,goods.sitc1.2000-2025.9,10295168.360202706000,10295.168360202706,thousand_usd,numeric,unspecified,detail,2000-2025,geostat_trade_import-sitc-2000-2026,SITC-2000-2025-years,V16,Commodities not classified elsewhere in the SITC,"_(* #,##0.0_);_(* \(#,##0.0\);_(* ""-""?_);_(@_)"
goods_products,,,,,,sitc1,1,,,,,,,,,,2020,import,goods.total,8048758483.0401354000,8048758.4830401354,thousand_usd,numeric,unspecified,total,2000-2025,geostat_trade_import-sitc-2000-2026,SITC-2000-2025-years,W5,Total Imports,"_(* #,##0.0_);_(* \(#,##0.0\);_(* ""-""?_);_(@_)"
goods_products,,,,,,sitc1,1,0,Food and live animals,,,,,,,,2020,import,goods.sitc1.2000-2025.0,939888236.58365384000,939888.23658365384,thousand_usd,numeric,unspecified,detail,2000-2025,geostat_trade_import-sitc-2000-2026,SITC-2000-2025-years,W7,Food and live animals,"_(* #,##0.0_);_(* \(#,##0.0\);_(* ""-""?_);_(@_)"
goods_products,,,,,,sitc1,1,1,Beverages and tobacco,,,,,,,,2020,import,goods.sitc1.2000-2025.1,154964287.62784592000,154964.28762784592,thousand_usd,numeric,unspecified,detail,2000-2025,geostat_trade_import-sitc-2000-2026,SITC-2000-2025-years,W8,Beverages and tobacco,"_(* #,##0.0_);_(* \(#,##0.0\);_(* ""-""?_);_(@_)"
goods_products,,,,,,sitc1,1,2,"Crude materials, inedible, except fuels",,,,,,,,2020,import,goods.sitc1.2000-2025.2,717107494.54712821000,717107.49454712821,thousand_usd,numeric,unspecified,detail,2000-2025,geostat_trade_import-sitc-2000-2026,SITC-2000-2025-years,W9,"Crude materials, inedible, except fuels","_(* #,##0.0_);_(* \(#,##0.0\);_(* ""-""?_);_(@_)"
goods_products,,,,,,sitc1,1,3,"Mineral fuels, lubricants and related materials",,,,,,,,2020,import,goods.sitc1.2000-2025.3,954603465.99476633000,954603.46599476633,thousand_usd,numeric,unspecified,detail,2000-2025,geostat_trade_import-sitc-2000-2026,SITC-2000-2025-years,W10,"Mineral fuels, lubricants and related materials","_(* #,##0.0_);_(* \(#,##0.0\);_(* ""-""?_);_(@_)"
goods_products,,,,,,sitc1,1,4,"Animal and vegetable oils, fats and waxes",,,,,,,,2020,import,goods.sitc1.2000-2025.4,58276638.888469752000,58276.638888469752,thousand_usd,numeric,unspecified,detail,2000-2025,geostat_trade_import-sitc-2000-2026,SITC-2000-2025-years,W11,"Animal and vegetable oils, fats and waxes","_(* #,##0.0_);_(* \(#,##0.0\);_(* ""-""?_);_(@_)"
goods_products,,,,,,sitc1,1,5,"Chemicals and related products, n.e.s.",,,,,,,,2020,import,goods.sitc1.2000-2025.5,1046105520.7717518000,1046105.5207717518,thousand_usd,numeric,unspecified,detail,2000-2025,geostat_trade_import-sitc-2000-2026,SITC-2000-2025-years,W12,"Chemicals and related products, n.e.s.","_(* #,##0.0_);_(* \(#,##0.0\);_(* ""-""?_);_(@_)"
goods_products,,,,,,sitc1,1,6,Manufactured goods classified chiefly by material,,,,,,,,2020,import,goods.sitc1.2000-2025.6,1271924824.2619906000,1271924.8242619906,thousand_usd,numeric,unspecified,detail,2000-2025,geostat_trade_import-sitc-2000-2026,SITC-2000-2025-years,W13,Manufactured goods classified chiefly by material,"_(* #,##0.0_);_(* \(#,##0.0\);_(* ""-""?_);_(@_)"
goods_products,,,,,,sitc1,1,7,Machinery and transport equipment,,,,,,,,2020,import,goods.sitc1.2000-2025.7,2200532898.2310477000,2200532.8982310477,thousand_usd,numeric,unspecified,detail,2000-2025,geostat_trade_import-sitc-2000-2026,SITC-2000-2025-years,W14,Machinery and transport equipment,"_(* #,##0.0_);_(* \(#,##0.0\);_(* ""-""?_);_(@_)"
goods_products,,,,,,sitc1,1,8,Miscellaneous manufactured articles,,,,,,,,2020,import,goods.sitc1.2000-2025.8,676278614.93945343000,676278.61493945343,thousand_usd,numeric,unspecified,detail,2000-2025,geostat_trade_import-sitc-2000-2026,SITC-2000-2025-years,W15,Miscellaneous manufactured articles,"_(* #,##0.0_);_(* \(#,##0.0\);_(* ""-""?_);_(@_)"
goods_products,,,,,,sitc1,1,9,Commodities not classified elsewhere in the SITC,,,,,,,,2020,import,goods.sitc1.2000-2025.9,29076501.1940279000,29076.5011940279,thousand_usd,numeric,unspecified,detail,2000-2025,geostat_trade_import-sitc-2000-2026,SITC-2000-2025-years,W16,Commodities not classified elsewhere in the SITC,"_(* #,##0.0_);_(* \(#,##0.0\);_(* ""-""?_);_(@_)"
goods_products,,,,,,sitc1,1,,,,,,,,,,2021,import,goods.total,10099041319.938723000,10099041.319938723,thousand_usd,numeric,unspecified,total,2000-2025,geostat_trade_import-sitc-2000-2026,SITC-2000-2025-years,X5,Total Imports,"_(* #,##0.0_);_(* \(#,##0.0\);_(* ""-""?_);_(@_)"
goods_products,,,,,,sitc1,1,0,Food and live animals,,,,,,,,2021,import,goods.sitc1.2000-2025.0,1027334969.8784919000,1027334.9698784919,thousand_usd,numeric,unspecified,detail,2000-2025,geostat_trade_import-sitc-2000-2026,SITC-2000-2025-years,X7,Food and live animals,"_(* #,##0.0_);_(* \(#,##0.0\);_(* ""-""?_);_(@_)"
goods_products,,,,,,sitc1,1,1,Beverages and tobacco,,,,,,,,2021,import,goods.sitc1.2000-2025.1,194613284.79432079000,194613.28479432079,thousand_usd,numeric,unspecified,detail,2000-2025,geostat_trade_import-sitc-2000-2026,SITC-2000-2025-years,X8,Beverages and tobacco,"_(* #,##0.0_);_(* \(#,##0.0\);_(* ""-""?_);_(@_)"
goods_products,,,,,,sitc1,1,2,"Crude materials, inedible, except fuels",,,,,,,,2021,import,goods.sitc1.2000-2025.2,877299657.87675267000,877299.65787675267,thousand_usd,numeric,unspecified,detail,2000-2025,geostat_trade_import-sitc-2000-2026,SITC-2000-2025-years,X9,"Crude materials, inedible, except fuels","_(* #,##0.0_);_(* \(#,##0.0\);_(* ""-""?_);_(@_)"
goods_products,,,,,,sitc1,1,3,"Mineral fuels, lubricants and related materials",,,,,,,,2021,import,goods.sitc1.2000-2025.3,1322024497.1843108000,1322024.4971843108,thousand_usd,numeric,unspecified,detail,2000-2025,geostat_trade_import-sitc-2000-2026,SITC-2000-2025-years,X10,"Mineral fuels, lubricants and related materials","_(* #,##0.0_);_(* \(#,##0.0\);_(* ""-""?_);_(@_)"
goods_products,,,,,,sitc1,1,4,"Animal and vegetable oils, fats and waxes",,,,,,,,2021,import,goods.sitc1.2000-2025.4,64499014.09335521000,64499.01409335521,thousand_usd,numeric,unspecified,detail,2000-2025,geostat_trade_import-sitc-2000-2026,SITC-2000-2025-years,X11,"Animal and vegetable oils, fats and waxes","_(* #,##0.0_);_(* \(#,##0.0\);_(* ""-""?_);_(@_)"
goods_products,,,,,,sitc1,1,5,"Chemicals and related products, n.e.s.",,,,,,,,2021,import,goods.sitc1.2000-2025.5,1322064865.8822405000,1322064.8658822405,thousand_usd,numeric,unspecified,detail,2000-2025,geostat_trade_import-sitc-2000-2026,SITC-2000-2025-years,X12,"Chemicals and related products, n.e.s.","_(* #,##0.0_);_(* \(#,##0.0\);_(* ""-""?_);_(@_)"
goods_products,,,,,,sitc1,1,6,Manufactured goods classified chiefly by material,,,,,,,,2021,import,goods.sitc1.2000-2025.6,1614839147.1461428000,1614839.1471461428,thousand_usd,numeric,unspecified,detail,2000-2025,geostat_trade_import-sitc-2000-2026,SITC-2000-2025-years,X13,Manufactured goods classified chiefly by material,"_(* #,##0.0_);_(* \(#,##0.0\);_(* ""-""?_);_(@_)"
goods_products,,,,,,sitc1,1,7,Machinery and transport equipment,,,,,,,,2021,import,goods.sitc1.2000-2025.7,2752186304.8019595000,2752186.3048019595,thousand_usd,numeric,unspecified,detail,2000-2025,geostat_trade_import-sitc-2000-2026,SITC-2000-2025-years,X14,Machinery and transport equipment,"_(* #,##0.0_);_(* \(#,##0.0\);_(* ""-""?_);_(@_)"
goods_products,,,,,,sitc1,1,8,Miscellaneous manufactured articles,,,,,,,,2021,import,goods.sitc1.2000-2025.8,876510016.97672287000,876510.01697672287,thousand_usd,numeric,unspecified,detail,2000-2025,geostat_trade_import-sitc-2000-2026,SITC-2000-2025-years,X15,Miscellaneous manufactured articles,"_(* #,##0.0_);_(* \(#,##0.0\);_(* ""-""?_);_(@_)"
goods_products,,,,,,sitc1,1,9,Commodities not classified elsewhere in the SITC,,,,,,,,2021,import,goods.sitc1.2000-2025.9,47669561.3044251000,47669.5613044251,thousand_usd,numeric,unspecified,detail,2000-2025,geostat_trade_import-sitc-2000-2026,SITC-2000-2025-years,X16,Commodities not classified elsewhere in the SITC,"_(* #,##0.0_);_(* \(#,##0.0\);_(* ""-""?_);_(@_)"
goods_products,,,,,,sitc1,1,,,,,,,,,,2022,import,goods.total,13539713872.844242000,13539713.872844242,thousand_usd,numeric,unspecified,total,2000-2025,geostat_trade_import-sitc-2000-2026,SITC-2000-2025-years,Y5,Total Imports,"_(* #,##0.0_);_(* \(#,##0.0\);_(* ""-""?_);_(@_)"
goods_products,,,,,,sitc1,1,0,Food and live animals,,,,,,,,2022,import,goods.sitc1.2000-2025.0,1464291055.800078000,1464291.055800078,thousand_usd,numeric,unspecified,detail,2000-2025,geostat_trade_import-sitc-2000-2026,SITC-2000-2025-years,Y7,Food and live animals,"_(* #,##0.0_);_(* \(#,##0.0\);_(* ""-""?_);_(@_)"
goods_products,,,,,,sitc1,1,1,Beverages and tobacco,,,,,,,,2022,import,goods.sitc1.2000-2025.1,247356025.71926286000,247356.02571926286,thousand_usd,numeric,unspecified,detail,2000-2025,geostat_trade_import-sitc-2000-2026,SITC-2000-2025-years,Y8,Beverages and tobacco,"_(* #,##0.0_);_(* \(#,##0.0\);_(* ""-""?_);_(@_)"
goods_products,,,,,,sitc1,1,2,"Crude materials, inedible, except fuels",,,,,,,,2022,import,goods.sitc1.2000-2025.2,1052084148.1731255000,1052084.1481731255,thousand_usd,numeric,unspecified,detail,2000-2025,geostat_trade_import-sitc-2000-2026,SITC-2000-2025-years,Y9,"Crude materials, inedible, except fuels","_(* #,##0.0_);_(* \(#,##0.0\);_(* ""-""?_);_(@_)"
goods_products,,,,,,sitc1,1,3,"Mineral fuels, lubricants and related materials",,,,,,,,2022,import,goods.sitc1.2000-2025.3,1981320055.8907799000,1981320.0558907799,thousand_usd,numeric,unspecified,detail,2000-2025,geostat_trade_import-sitc-2000-2026,SITC-2000-2025-years,Y10,"Mineral fuels, lubricants and related materials","_(* #,##0.0_);_(* \(#,##0.0\);_(* ""-""?_);_(@_)"
goods_products,,,,,,sitc1,1,4,"Animal and vegetable oils, fats and waxes",,,,,,,,2022,import,goods.sitc1.2000-2025.4,70021075.941107643000,70021.075941107643,thousand_usd,numeric,unspecified,detail,2000-2025,geostat_trade_import-sitc-2000-2026,SITC-2000-2025-years,Y11,"Animal and vegetable oils, fats and waxes","_(* #,##0.0_);_(* \(#,##0.0\);_(* ""-""?_);_(@_)"
goods_products,,,,,,sitc1,1,5,"Chemicals and related products, n.e.s.",,,,,,,,2022,import,goods.sitc1.2000-2025.5,1424061693.3461223000,1424061.6933461223,thousand_usd,numeric,unspecified,detail,2000-2025,geostat_trade_import-sitc-2000-2026,SITC-2000-2025-years,Y12,"Chemicals and related products, n.e.s.","_(* #,##0.0_);_(* \(#,##0.0\);_(* ""-""?_);_(@_)"
goods_products,,,,,,sitc1,1,6,Manufactured goods classified chiefly by material,,,,,,,,2022,import,goods.sitc1.2000-2025.6,2116451904.3037011000,2116451.9043037011,thousand_usd,numeric,unspecified,detail,2000-2025,geostat_trade_import-sitc-2000-2026,SITC-2000-2025-years,Y13,Manufactured goods classified chiefly by material,"_(* #,##0.0_);_(* \(#,##0.0\);_(* ""-""?_);_(@_)"
goods_products,,,,,,sitc1,1,7,Machinery and transport equipment,,,,,,,,2022,import,goods.sitc1.2000-2025.7,4008409363.1589166000,4008409.3631589166,thousand_usd,numeric,unspecified,detail,2000-2025,geostat_trade_import-sitc-2000-2026,SITC-2000-2025-years,Y14,Machinery and transport equipment,"_(* #,##0.0_);_(* \(#,##0.0\);_(* ""-""?_);_(@_)"
goods_products,,,,,,sitc1,1,8,Miscellaneous manufactured articles,,,,,,,,2022,import,goods.sitc1.2000-2025.8,1147808112.8291476000,1147808.1128291476,thousand_usd,numeric,unspecified,detail,2000-2025,geostat_trade_import-sitc-2000-2026,SITC-2000-2025-years,Y15,Miscellaneous manufactured articles,"_(* #,##0.0_);_(* \(#,##0.0\);_(* ""-""?_);_(@_)"
goods_products,,,,,,sitc1,1,9,Commodities not classified elsewhere in the SITC,,,,,,,,2022,import,goods.sitc1.2000-2025.9,27910437.68200179000,27910.43768200179,thousand_usd,numeric,unspecified,detail,2000-2025,geostat_trade_import-sitc-2000-2026,SITC-2000-2025-years,Y16,Commodities not classified elsewhere in the SITC,"_(* #,##0.0_);_(* \(#,##0.0\);_(* ""-""?_);_(@_)"
goods_products,,,,,,sitc1,1,,,,,,,,,,2023,import,goods.total,15615270126.513826000,15615270.126513826,thousand_usd,numeric,unspecified,total,2000-2025,geostat_trade_import-sitc-2000-2026,SITC-2000-2025-years,Z5,Total Imports,"_(* #,##0.0_);_(* \(#,##0.0\);_(* ""-""?_);_(@_)"
goods_products,,,,,,sitc1,1,0,Food and live animals,,,,,,,,2023,import,goods.sitc1.2000-2025.0,1579970342.4363551000,1579970.3424363551,thousand_usd,numeric,unspecified,detail,2000-2025,geostat_trade_import-sitc-2000-2026,SITC-2000-2025-years,Z7,Food and live animals,"_(* #,##0.0_);_(* \(#,##0.0\);_(* ""-""?_);_(@_)"
goods_products,,,,,,sitc1,1,1,Beverages and tobacco,,,,,,,,2023,import,goods.sitc1.2000-2025.1,289062935.98307093000,289062.93598307093,thousand_usd,numeric,unspecified,detail,2000-2025,geostat_trade_import-sitc-2000-2026,SITC-2000-2025-years,Z8,Beverages and tobacco,"_(* #,##0.0_);_(* \(#,##0.0\);_(* ""-""?_);_(@_)"
goods_products,,,,,,sitc1,1,2,"Crude materials, inedible, except fuels",,,,,,,,2023,import,goods.sitc1.2000-2025.2,489717273.76766794000,489717.27376766794,thousand_usd,numeric,unspecified,detail,2000-2025,geostat_trade_import-sitc-2000-2026,SITC-2000-2025-years,Z9,"Crude materials, inedible, except fuels","_(* #,##0.0_);_(* \(#,##0.0\);_(* ""-""?_);_(@_)"
goods_products,,,,,,sitc1,1,3,"Mineral fuels, lubricants and related materials",,,,,,,,2023,import,goods.sitc1.2000-2025.3,1741611822.1919579000,1741611.8221919579,thousand_usd,numeric,unspecified,detail,2000-2025,geostat_trade_import-sitc-2000-2026,SITC-2000-2025-years,Z10,"Mineral fuels, lubricants and related materials","_(* #,##0.0_);_(* \(#,##0.0\);_(* ""-""?_);_(@_)"
goods_products,,,,,,sitc1,1,4,"Animal and vegetable oils, fats and waxes",,,,,,,,2023,import,goods.sitc1.2000-2025.4,63452358.198897797000,63452.358198897797,thousand_usd,numeric,unspecified,detail,2000-2025,geostat_trade_import-sitc-2000-2026,SITC-2000-2025-years,Z11,"Animal and vegetable oils, fats and waxes","_(* #,##0.0_);_(* \(#,##0.0\);_(* ""-""?_);_(@_)"
goods_products,,,,,,sitc1,1,5,"Chemicals and related products, n.e.s.",,,,,,,,2023,import,goods.sitc1.2000-2025.5,1698378409.4554854000,1698378.4094554854,thousand_usd,numeric,unspecified,detail,2000-2025,geostat_trade_import-sitc-2000-2026,SITC-2000-2025-years,Z12,"Chemicals and related products, n.e.s.","_(* #,##0.0_);_(* \(#,##0.0\);_(* ""-""?_);_(@_)"
goods_products,,,,,,sitc1,1,6,Manufactured goods classified chiefly by material,,,,,,,,2023,import,goods.sitc1.2000-2025.6,2211341213.4546577000,2211341.2134546577,thousand_usd,numeric,unspecified,detail,2000-2025,geostat_trade_import-sitc-2000-2026,SITC-2000-2025-years,Z13,Manufactured goods classified chiefly by material,"_(* #,##0.0_);_(* \(#,##0.0\);_(* ""-""?_);_(@_)"
goods_products,,,,,,sitc1,1,7,Machinery and transport equipment,,,,,,,,2023,import,goods.sitc1.2000-2025.7,6104603707.3109802000,6104603.7073109802,thousand_usd,numeric,unspecified,detail,2000-2025,geostat_trade_import-sitc-2000-2026,SITC-2000-2025-years,Z14,Machinery and transport equipment,"_(* #,##0.0_);_(* \(#,##0.0\);_(* ""-""?_);_(@_)"
goods_products,,,,,,sitc1,1,8,Miscellaneous manufactured articles,,,,,,,,2023,import,goods.sitc1.2000-2025.8,1368890907.1070398000,1368890.9071070398,thousand_usd,numeric,unspecified,detail,2000-2025,geostat_trade_import-sitc-2000-2026,SITC-2000-2025-years,Z15,Miscellaneous manufactured articles,"_(* #,##0.0_);_(* \(#,##0.0\);_(* ""-""?_);_(@_)"
goods_products,,,,,,sitc1,1,9,Commodities not classified elsewhere in the SITC,,,,,,,,2023,import,goods.sitc1.2000-2025.9,68241156.60771227000,68241.15660771227,thousand_usd,numeric,unspecified,detail,2000-2025,geostat_trade_import-sitc-2000-2026,SITC-2000-2025-years,Z16,Commodities not classified elsewhere in the SITC,"_(* #,##0.0_);_(* \(#,##0.0\);_(* ""-""?_);_(@_)"
goods_products,,,,,,sitc1,1,,,,,,,,,,2024,import,goods.total,16916834845.71024000,16916834.84571024,thousand_usd,numeric,unspecified,total,2000-2025,geostat_trade_import-sitc-2000-2026,SITC-2000-2025-years,AA5,Total Imports,"_(* #,##0.0_);_(* \(#,##0.0\);_(* ""-""?_);_(@_)"
goods_products,,,,,,sitc1,1,0,Food and live animals,,,,,,,,2024,import,goods.sitc1.2000-2025.0,1717512314.9373143000,1717512.3149373143,thousand_usd,numeric,unspecified,detail,2000-2025,geostat_trade_import-sitc-2000-2026,SITC-2000-2025-years,AA7,Food and live animals,"_(* #,##0.0_);_(* \(#,##0.0\);_(* ""-""?_);_(@_)"
goods_products,,,,,,sitc1,1,1,Beverages and tobacco,,,,,,,,2024,import,goods.sitc1.2000-2025.1,315578706.75646589000,315578.70675646589,thousand_usd,numeric,unspecified,detail,2000-2025,geostat_trade_import-sitc-2000-2026,SITC-2000-2025-years,AA8,Beverages and tobacco,"_(* #,##0.0_);_(* \(#,##0.0\);_(* ""-""?_);_(@_)"
goods_products,,,,,,sitc1,1,2,"Crude materials, inedible, except fuels",,,,,,,,2024,import,goods.sitc1.2000-2025.2,322339762.12210744000,322339.76212210744,thousand_usd,numeric,unspecified,detail,2000-2025,geostat_trade_import-sitc-2000-2026,SITC-2000-2025-years,AA9,"Crude materials, inedible, except fuels","_(* #,##0.0_);_(* \(#,##0.0\);_(* ""-""?_);_(@_)"
goods_products,,,,,,sitc1,1,3,"Mineral fuels, lubricants and related materials",,,,,,,,2024,import,goods.sitc1.2000-2025.3,1892338952.8980483000,1892338.9528980483,thousand_usd,numeric,unspecified,detail,2000-2025,geostat_trade_import-sitc-2000-2026,SITC-2000-2025-years,AA10,"Mineral fuels, lubricants and related materials","_(* #,##0.0_);_(* \(#,##0.0\);_(* ""-""?_);_(@_)"
goods_products,,,,,,sitc1,1,4,"Animal and vegetable oils, fats and waxes",,,,,,,,2024,import,goods.sitc1.2000-2025.4,70207337.827716983000,70207.337827716983,thousand_usd,numeric,unspecified,detail,2000-2025,geostat_trade_import-sitc-2000-2026,SITC-2000-2025-years,AA11,"Animal and vegetable oils, fats and waxes","_(* #,##0.0_);_(* \(#,##0.0\);_(* ""-""?_);_(@_)"
goods_products,,,,,,sitc1,1,5,"Chemicals and related products, n.e.s.",,,,,,,,2024,import,goods.sitc1.2000-2025.5,1871068579.5297138000,1871068.5795297138,thousand_usd,numeric,unspecified,detail,2000-2025,geostat_trade_import-sitc-2000-2026,SITC-2000-2025-years,AA12,"Chemicals and related products, n.e.s.","_(* #,##0.0_);_(* \(#,##0.0\);_(* ""-""?_);_(@_)"
goods_products,,,,,,sitc1,1,6,Manufactured goods classified chiefly by material,,,,,,,,2024,import,goods.sitc1.2000-2025.6,2373743992.6972664000,2373743.9926972664,thousand_usd,numeric,unspecified,detail,2000-2025,geostat_trade_import-sitc-2000-2026,SITC-2000-2025-years,AA13,Manufactured goods classified chiefly by material,"_(* #,##0.0_);_(* \(#,##0.0\);_(* ""-""?_);_(@_)"
goods_products,,,,,,sitc1,1,7,Machinery and transport equipment,,,,,,,,2024,import,goods.sitc1.2000-2025.7,6657782383.9671444000,6657782.3839671444,thousand_usd,numeric,unspecified,detail,2000-2025,geostat_trade_import-sitc-2000-2026,SITC-2000-2025-years,AA14,Machinery and transport equipment,"_(* #,##0.0_);_(* \(#,##0.0\);_(* ""-""?_);_(@_)"
goods_products,,,,,,sitc1,1,8,Miscellaneous manufactured articles,,,,,,,,2024,import,goods.sitc1.2000-2025.8,1490616399.844564000,1490616.399844564,thousand_usd,numeric,unspecified,detail,2000-2025,geostat_trade_import-sitc-2000-2026,SITC-2000-2025-years,AA15,Miscellaneous manufactured articles,"_(* #,##0.0_);_(* \(#,##0.0\);_(* ""-""?_);_(@_)"
goods_products,,,,,,sitc1,1,9,Commodities not classified elsewhere in the SITC,,,,,,,,2024,import,goods.sitc1.2000-2025.9,205646415.1298978000,205646.4151298978,thousand_usd,numeric,unspecified,detail,2000-2025,geostat_trade_import-sitc-2000-2026,SITC-2000-2025-years,AA16,Commodities not classified elsewhere in the SITC,"_(* #,##0.0_);_(* \(#,##0.0\);_(* ""-""?_);_(@_)"
goods_products,,,,,,sitc1,1,,,,,,,,,,2025,import,goods.total,18648513307.186801000,18648513.307186801,thousand_usd,numeric,unspecified,total,2000-2025,geostat_trade_import-sitc-2000-2026,SITC-2000-2025-years,AB5,Total Imports,"_(* #,##0.0_);_(* \(#,##0.0\);_(* ""-""?_);_(@_)"
goods_products,,,,,,sitc1,1,0,Food and live animals,,,,,,,,2025,import,goods.sitc1.2000-2025.0,2053637009.8281663000,2053637.0098281663,thousand_usd,numeric,unspecified,detail,2000-2025,geostat_trade_import-sitc-2000-2026,SITC-2000-2025-years,AB7,Food and live animals,"_(* #,##0.0_);_(* \(#,##0.0\);_(* ""-""?_);_(@_)"
goods_products,,,,,,sitc1,1,1,Beverages and tobacco,,,,,,,,2025,import,goods.sitc1.2000-2025.1,338900764.8350941000,338900.7648350941,thousand_usd,numeric,unspecified,detail,2000-2025,geostat_trade_import-sitc-2000-2026,SITC-2000-2025-years,AB8,Beverages and tobacco,"_(* #,##0.0_);_(* \(#,##0.0\);_(* ""-""?_);_(@_)"
goods_products,,,,,,sitc1,1,2,"Crude materials, inedible, except fuels",,,,,,,,2025,import,goods.sitc1.2000-2025.2,358734823.13997758000,358734.82313997758,thousand_usd,numeric,unspecified,detail,2000-2025,geostat_trade_import-sitc-2000-2026,SITC-2000-2025-years,AB9,"Crude materials, inedible, except fuels","_(* #,##0.0_);_(* \(#,##0.0\);_(* ""-""?_);_(@_)"
goods_products,,,,,,sitc1,1,3,"Mineral fuels, lubricants and related materials",,,,,,,,2025,import,goods.sitc1.2000-2025.3,2064025291.7419991000,2064025.2917419991,thousand_usd,numeric,unspecified,detail,2000-2025,geostat_trade_import-sitc-2000-2026,SITC-2000-2025-years,AB10,"Mineral fuels, lubricants and related materials","_(* #,##0.0_);_(* \(#,##0.0\);_(* ""-""?_);_(@_)"
goods_products,,,,,,sitc1,1,4,"Animal and vegetable oils, fats and waxes",,,,,,,,2025,import,goods.sitc1.2000-2025.4,96756451.982626197000,96756.451982626197,thousand_usd,numeric,unspecified,detail,2000-2025,geostat_trade_import-sitc-2000-2026,SITC-2000-2025-years,AB11,"Animal and vegetable oils, fats and waxes","_(* #,##0.0_);_(* \(#,##0.0\);_(* ""-""?_);_(@_)"
goods_products,,,,,,sitc1,1,5,"Chemicals and related products, n.e.s.",,,,,,,,2025,import,goods.sitc1.2000-2025.5,2086221942.7191212000,2086221.9427191212,thousand_usd,numeric,unspecified,detail,2000-2025,geostat_trade_import-sitc-2000-2026,SITC-2000-2025-years,AB12,"Chemicals and related products, n.e.s.","_(* #,##0.0_);_(* \(#,##0.0\);_(* ""-""?_);_(@_)"
goods_products,,,,,,sitc1,1,6,Manufactured goods classified chiefly by material,,,,,,,,2025,import,goods.sitc1.2000-2025.6,2360211492.1585522000,2360211.4921585522,thousand_usd,numeric,unspecified,detail,2000-2025,geostat_trade_import-sitc-2000-2026,SITC-2000-2025-years,AB13,Manufactured goods classified chiefly by material,"_(* #,##0.0_);_(* \(#,##0.0\);_(* ""-""?_);_(@_)"
goods_products,,,,,,sitc1,1,7,Machinery and transport equipment,,,,,,,,2025,import,goods.sitc1.2000-2025.7,7025799873.4602528000,7025799.8734602528,thousand_usd,numeric,unspecified,detail,2000-2025,geostat_trade_import-sitc-2000-2026,SITC-2000-2025-years,AB14,Machinery and transport equipment,"_(* #,##0.0_);_(* \(#,##0.0\);_(* ""-""?_);_(@_)"
goods_products,,,,,,sitc1,1,8,Miscellaneous manufactured articles,,,,,,,,2025,import,goods.sitc1.2000-2025.8,2060450839.6945845000,2060450.8396945845,thousand_usd,numeric,unspecified,detail,2000-2025,geostat_trade_import-sitc-2000-2026,SITC-2000-2025-years,AB15,Miscellaneous manufactured articles,"_(* #,##0.0_);_(* \(#,##0.0\);_(* ""-""?_);_(@_)"
goods_products,,,,,,sitc1,1,9,Commodities not classified elsewhere in the SITC,,,,,,,,2025,import,goods.sitc1.2000-2025.9,203774817.62642742000,203774.81762642742,thousand_usd,numeric,unspecified,detail,2000-2025,geostat_trade_import-sitc-2000-2026,SITC-2000-2025-years,AB16,Commodities not classified elsewhere in the SITC,"_(* #,##0.0_);_(* \(#,##0.0\);_(* ""-""?_);_(@_)"
