"year","item_id","source_codes","official_calculation","official_amount_gel","official_rounded_gel","app_fact_amount_gel","diff_gel","source_id"
"2008","revenue.vat","11411","source 11411","2068988282.55","2068988283","2068988283","0","source.mof_2008_revenue_form1_pdf"
"2008","revenue.income_tax","11111","source 11111","1296344116.94","1296344117","1296344117","0","source.mof_2008_revenue_form1_pdf"
"2008","revenue.profit_tax","11121","source 11121","592119128.28","592119128","592119128","0","source.mof_2008_revenue_form1_pdf"
"2008","revenue.excise_tax","1142","source 1142","518479361.56","518479362","518479362","0","source.mof_2008_revenue_form1_pdf"
"2008","revenue.import_tax","1151","source 1151","51880827.53","51880828","51880828","0","source.mof_2008_revenue_form1_pdf"
"2008","revenue.property_tax","113","source 113","131861840.07","131861840","131861840","0","source.mof_2008_revenue_form1_pdf"
"2008","revenue.other_taxes","11+11111+11121+11411+1142+1151+113","source 11 minus six known tax categories","92983332.59","92983333","92983333","0","source.mof_2008_revenue_form1_pdf"
"2008","revenue.grants","13+133","source 13 minus internal grants source 133","490103598.09","490103598","490103598","0","source.mof_2008_revenue_form1_pdf"
"2008","revenue.other_revenue","14+14111","source 14 minus internal other revenue source 14111","484129546.73","484129547","484129547","0","source.mof_2008_revenue_form1_pdf"
"2008","revenue.asset_decrease","31+32","source 31 plus source 32","724033110.51","724033111","724033111","0","source.mof_2008_revenue_form1_pdf"
"2008","revenue.increase_liabilities","33","source 33","967175166.17","967175166","967175166","0","source.mof_2008_revenue_form1_pdf"
"2009","revenue.vat","11411","source 11411","2051747945.96","2051747946","2051747946","0","source.mof_2009_revenue_form1_pdf"
"2009","revenue.income_tax","11111","source 11111","1118946002.75","1118946003","1118946003","0","source.mof_2009_revenue_form1_pdf"
"2009","revenue.profit_tax","11121","source 11121","517652722.42","517652722","517652722","0","source.mof_2009_revenue_form1_pdf"
"2009","revenue.excise_tax","1142","source 1142","443236640.94","443236641","443236641","0","source.mof_2009_revenue_form1_pdf"
"2009","revenue.import_tax","1151","source 1151","35911414.04","35911414","35911414","0","source.mof_2009_revenue_form1_pdf"
"2009","revenue.property_tax","113","source 113","160383298","160383298","160383298","0","source.mof_2009_revenue_form1_pdf"
"2009","revenue.other_taxes","11+11111+11121+11411+1142+1151+113","source 11 minus six known tax categories","60995281.92","60995282","60995282","0","source.mof_2009_revenue_form1_pdf"
"2009","revenue.grants","13+133","source 13 minus internal grants source 133","150984579.19","150984579","150984579","0","source.mof_2009_revenue_form1_pdf"
"2009","revenue.other_revenue","14+14111","source 14 minus internal other revenue source 14111","477619128.07","477619128","477619128","0","source.mof_2009_revenue_form1_pdf"
"2009","revenue.asset_decrease","31+32","source 31 plus source 32","456333987.34","456333987","456333987","0","source.mof_2009_revenue_form1_pdf"
"2009","revenue.increase_liabilities","33","source 33","960517572.99","960517573","960517573","0","source.mof_2009_revenue_form1_pdf"
"2010","revenue.vat","11411","source 11411","2203093186.81","2203093187","2203093187","0","source.mof_2010_revenue_form1_pdf"
"2010","revenue.income_tax","11111","source 11111","1202065948.92","1202065949","1202065949","0","source.mof_2010_revenue_form1_pdf"
"2010","revenue.profit_tax","11121","source 11121","575947202.98","575947203","575947203","0","source.mof_2010_revenue_form1_pdf"
"2010","revenue.excise_tax","1142","source 1142","560820436.27","560820436","560820436","0","source.mof_2010_revenue_form1_pdf"
"2010","revenue.import_tax","1151","source 1151","70382874.62","70382875","70382875","0","source.mof_2010_revenue_form1_pdf"
"2010","revenue.property_tax","113","source 113","191728596.88","191728597","191728597","0","source.mof_2010_revenue_form1_pdf"
"2010","revenue.other_taxes","11+11111+11121+11411+1142+1151+113","source 11 minus six known tax categories","63468461.66","63468462","63468462","0","source.mof_2010_revenue_form1_pdf"
"2010","revenue.grants","13+133","source 13 minus internal grants source 133","165424278.37","165424278","165424278","0","source.mof_2010_revenue_form1_pdf"
"2010","revenue.other_revenue","14+14111","source 14 minus internal other revenue source 14111","524982118.08","524982118","524982118","0","source.mof_2010_revenue_form1_pdf"
"2010","revenue.asset_decrease","31+32","source 31 plus source 32","286137978.5","286137979","286137979","0","source.mof_2010_revenue_form1_pdf"
"2010","revenue.increase_liabilities","33","source 33","1206129867.71","1206129868","1206129868","0","source.mof_2010_revenue_form1_pdf"
"2011","revenue.vat","11411","source 11411","2784346287.9","2784346288","2784346288","0","source.mof_2011_revenue_form1_pdf"
"2011","revenue.income_tax","11111","source 11111","1551039984.87","1551039985","1551039985","0","source.mof_2011_revenue_form1_pdf"
"2011","revenue.profit_tax","11121","source 11121","832201278.36","832201278","832201278","0","source.mof_2011_revenue_form1_pdf"
"2011","revenue.excise_tax","1142","source 1142","615169600.89","615169601","615169601","0","source.mof_2011_revenue_form1_pdf"
"2011","revenue.import_tax","1151","source 1151","93210822.44","93210822","93210822","0","source.mof_2011_revenue_form1_pdf"
"2011","revenue.property_tax","113","source 113","220390039.27","220390039","220390039","0","source.mof_2011_revenue_form1_pdf"
"2011","revenue.other_taxes","11+11111+11121+11411+1142+1151+113","source 11 minus six known tax categories","38394304.5","38394304","38394304","0","source.mof_2011_revenue_form1_pdf"
"2011","revenue.grants","13+133","source 13 minus internal grants source 133","31189348.67","31189349","31189349","0","source.mof_2011_revenue_form1_pdf"
"2011","revenue.other_revenue","14+14111","source 14 minus internal other revenue source 14111","609103583.91","609103584","609103584","0","source.mof_2011_revenue_form1_pdf"
"2011","revenue.asset_decrease","31+32","source 31 plus source 32","355779751.27","355779751","355779751","0","source.mof_2011_revenue_form1_pdf"
"2011","revenue.increase_liabilities","33","source 33","444227374.6","444227375","444227375","0","source.mof_2011_revenue_form1_pdf"
"2012","revenue.vat","11411","source 11411","3040331850.94","3040331851","3040331851","0","source.mof_2012_revenue_form1_pdf"
"2012","revenue.income_tax","11111","source 11111","1764754286.56","1764754287","1764754287","0","source.mof_2012_revenue_form1_pdf"
"2012","revenue.profit_tax","11121","source 11121","850995044.48","850995044","850995044","0","source.mof_2012_revenue_form1_pdf"
"2012","revenue.excise_tax","1142","source 1142","659606113.93","659606114","659606114","0","source.mof_2012_revenue_form1_pdf"
"2012","revenue.import_tax","1151","source 1151","90078994.62","90078995","90078995","0","source.mof_2012_revenue_form1_pdf"
"2012","revenue.property_tax","113","source 113","229970274.15","229970274","229970274","0","source.mof_2012_revenue_form1_pdf"
"2012","revenue.other_taxes","11+11111+11121+11411+1142+1151+113","source 11 minus six known tax categories","35232917.46","35232917","35232917","0","source.mof_2012_revenue_form1_pdf"
"2012","revenue.grants","13+133","source 13 minus internal grants source 133","116165893.59","116165894","116165894","0","source.mof_2012_revenue_form1_pdf"
"2012","revenue.other_revenue","14+14111","source 14 minus internal other revenue source 14111","728761088.95","728761089","728761089","0","source.mof_2012_revenue_form1_pdf"
"2012","revenue.asset_decrease","31+32","source 31 plus source 32","212030143.43","212030143","212030143","0","source.mof_2012_revenue_form1_pdf"
"2012","revenue.increase_liabilities","33","source 33","391000742.14","391000742","391000742","0","source.mof_2012_revenue_form1_pdf"
