dimension,group_id,group_label_en,year_min,year_max,year_count,years
national,georgia,Georgia,2010,2025,16,2010|2011|2012|2013|2014|2015|2016|2017|2018|2019|2020|2021|2022|2023|2024|2025
sex,men,Men,2010,2025,16,2010|2011|2012|2013|2014|2015|2016|2017|2018|2019|2020|2021|2022|2023|2024|2025
sex,women,Women,2010,2025,16,2010|2011|2012|2013|2014|2015|2016|2017|2018|2019|2020|2021|2022|2023|2024|2025
settlement,rural,Rural,2010,2025,16,2010|2011|2012|2013|2014|2015|2016|2017|2018|2019|2020|2021|2022|2023|2024|2025
settlement,urban,Urban,2010,2025,16,2010|2011|2012|2013|2014|2015|2016|2017|2018|2019|2020|2021|2022|2023|2024|2025
age,age.15_19,15-19,2020,2025,6,2020|2021|2022|2023|2024|2025
age,age.15_24,15-24,2010,2019,10,2010|2011|2012|2013|2014|2015|2016|2017|2018|2019
age,age.20_24,20-24,2020,2025,6,2020|2021|2022|2023|2024|2025
age,age.25_29,25-29,2020,2025,6,2020|2021|2022|2023|2024|2025
age,age.25_34,25-34,2010,2019,10,2010|2011|2012|2013|2014|2015|2016|2017|2018|2019
age,age.30_34,30-34,2020,2025,6,2020|2021|2022|2023|2024|2025
age,age.35_39,35-39,2020,2025,6,2020|2021|2022|2023|2024|2025
age,age.35_44,35-44,2010,2019,10,2010|2011|2012|2013|2014|2015|2016|2017|2018|2019
age,age.40_44,40-44,2020,2025,6,2020|2021|2022|2023|2024|2025
age,age.45_49,45-49,2020,2025,6,2020|2021|2022|2023|2024|2025
age,age.45_54,45-54,2010,2019,10,2010|2011|2012|2013|2014|2015|2016|2017|2018|2019
age,age.50_54,50-54,2020,2025,6,2020|2021|2022|2023|2024|2025
age,age.55_59,55-59,2020,2025,6,2020|2021|2022|2023|2024|2025
age,age.55_64,55-64,2010,2019,10,2010|2011|2012|2013|2014|2015|2016|2017|2018|2019
age,age.60_64,60-64,2020,2025,6,2020|2021|2022|2023|2024|2025
age,age.65_plus,65+,2010,2025,16,2010|2011|2012|2013|2014|2015|2016|2017|2018|2019|2020|2021|2022|2023|2024|2025
region,region.adjara,Adjara,2010,2025,16,2010|2011|2012|2013|2014|2015|2016|2017|2018|2019|2020|2021|2022|2023|2024|2025
region,region.guria,Guria,2017,2025,9,2017|2018|2019|2020|2021|2022|2023|2024|2025
region,region.imereti,Imereti,2019,2025,7,2019|2020|2021|2022|2023|2024|2025
region,region.imereti_racha_lechkhumi_kvemo_svaneti,"Imereti, Racha-Lechkhumi and Kvemo Svaneti",2010,2018,9,2010|2011|2012|2013|2014|2015|2016|2017|2018
region,region.kakheti,Kakheti,2010,2025,16,2010|2011|2012|2013|2014|2015|2016|2017|2018|2019|2020|2021|2022|2023|2024|2025
region,region.kvemo_kartli,Kvemo Kartli,2010,2025,16,2010|2011|2012|2013|2014|2015|2016|2017|2018|2019|2020|2021|2022|2023|2024|2025
region,region.mtskheta_mtianeti,Mtskheta-Mtianeti,2017,2025,9,2017|2018|2019|2020|2021|2022|2023|2024|2025
region,region.racha_lechkhumi_kvemo_svaneti,Racha-Lechkhumi and Kvemo Svaneti,2019,2025,7,2019|2020|2021|2022|2023|2024|2025
region,region.samegrelo_zemo_svaneti,Samegrelo-Zemo Svaneti,2010,2025,16,2010|2011|2012|2013|2014|2015|2016|2017|2018|2019|2020|2021|2022|2023|2024|2025
region,region.samtskhe_javakheti,Samtskhe-Javakheti,2017,2025,9,2017|2018|2019|2020|2021|2022|2023|2024|2025
region,region.samtskhe_javakheti_guria_mtskheta_mtianeti,"Samtskhe-Javakheti, Guria and Mtskheta-Mtianeti",2010,2016,7,2010|2011|2012|2013|2014|2015|2016
region,region.shida_kartli,Shida Kartli,2010,2025,16,2010|2011|2012|2013|2014|2015|2016|2017|2018|2019|2020|2021|2022|2023|2024|2025
region,region.tbilisi,Tbilisi,2010,2025,16,2010|2011|2012|2013|2014|2015|2016|2017|2018|2019|2020|2021|2022|2023|2024|2025
