source_id,dataset_title,publisher,source_page_url,retrieved_file_url,resolved_file_url,retrieved_at,local_file,sha256,bytes,content_type
geostat_lfs_annual_total,Labour Force Indicators,National Statistics Office of Georgia (Geostat),https://www.geostat.ge/en/modules/categories/683/Employment-Unemployment,https://geostat.ge/media/78735/01-Labour-Force-Indicators.xlsx,https://www.geostat.ge/media/78735/01-Labour-Force-Indicators.xlsx,2026-10-03,official/01-labour-force-indicators.xlsx,9A55E31CC79F7B7A68CF10F99B0C21055A0397CCD4D604210E45BC2B3C347214,16390,application/vnd.openxmlformats-officedocument.spreadsheetml.sheet
geostat_lfs_annual_sex,Labour Force Indicators by Sex,National Statistics Office of Georgia (Geostat),https://www.geostat.ge/en/modules/categories/683/Employment-Unemployment,https://geostat.ge/media/78736/02-Labour-Force-Indicators-by-sex.xlsx,https://www.geostat.ge/media/78736/02-Labour-Force-Indicators-by-sex.xlsx,2026-10-03,official/02-labour-force-indicators-by-sex.xlsx,8F1A14EFCEFE5C4F6492C26E93891CC4B97CE03B361C3880AAB0EFBC83B5B086,21765,application/vnd.openxmlformats-officedocument.spreadsheetml.sheet
geostat_lfs_annual_settlement,Labour Force Indicators by Urban-Rural Areas,National Statistics Office of Georgia (Geostat),https://www.geostat.ge/en/modules/categories/683/Employment-Unemployment,https://geostat.ge/media/78737/03-Labour-Force-Indicators-in-urban-rural-areas.xlsx,https://www.geostat.ge/media/78737/03-Labour-Force-Indicators-in-urban-rural-areas.xlsx,2026-10-03,official/03-labour-force-indicators-urban-rural.xlsx,33017C802395860DC87D6623878EA8EB7CA723996B60763664E6BD88F6BC8652,33177,application/vnd.openxmlformats-officedocument.spreadsheetml.sheet
geostat_lfs_annual_age,Labour Force Indicators by Age Groups,National Statistics Office of Georgia (Geostat),https://www.geostat.ge/en/modules/categories/683/Employment-Unemployment,https://geostat.ge/media/78738/04-Labour-Force-Indicators-by-age-groups.xlsx,https://www.geostat.ge/media/78738/04-Labour-Force-Indicators-by-age-groups.xlsx,2026-10-03,official/04-labour-force-indicators-by-age.xlsx,FBA38F484B553C90A08015ACC31FABC3320D0514EF870DFB65E525CD6136198C,53839,application/vnd.openxmlformats-officedocument.spreadsheetml.sheet
geostat_lfs_annual_region,Labour Force Indicators by Regions,National Statistics Office of Georgia (Geostat),https://www.geostat.ge/en/modules/categories/683/Employment-Unemployment,https://geostat.ge/media/78739/05-Labour-Force-Indicators-by-regions.xlsx,https://www.geostat.ge/media/78739/05-Labour-Force-Indicators-by-regions.xlsx,2026-10-03,official/05-labour-force-indicators-by-region.xlsx,502BAF07875D7200D457EFCF847E73D97029DAA25BF5681138B6ECEE0AA1E59E,55086,application/vnd.openxmlformats-officedocument.spreadsheetml.sheet
geostat_lfs_metadata_2026,"Labour Force Survey metadata, updated 20 May 2026",National Statistics Office of Georgia (Geostat),https://www.geostat.ge/en/modules/categories/683/Employment-Unemployment,https://www.geostat.ge/media/79111/0708_200526_EN.PDF,https://www.geostat.ge/media/79111/0708_200526_EN.PDF,2026-10-03,official/labour-force-survey-metadata-2026.pdf,61A991AE824B681F41406D55FE7E9A58410BD9CB183E73AFDB1F57B5E521A708,131365,application/pdf
geostat_lfs_source_page,"Employment and Unemployment source page, English",National Statistics Office of Georgia (Geostat),https://www.geostat.ge/en/modules/categories/683/Employment-Unemployment,https://www.geostat.ge/en/modules/categories/683/Employment-Unemployment,https://www.geostat.ge/en/modules/categories/683/Employment-Unemployment,2026-10-03,official/employment-unemployment-en.html,FBEEED7AB2124B53153261A9D978ECF076AC023EC9799382DBFED0231020C889,120925,text/html; charset=UTF-8
geostat_lfs_annual_education,Labour Force Indicators by educational attainment level,National Statistics Office of Georgia (Geostat),https://www.geostat.ge/en/modules/categories/683/Employment-Unemployment,https://geostat.ge/media/78747/13-Labour-force-indicators-by-education.xlsx,https://www.geostat.ge/media/78747/13-Labour-force-indicators-by-education.xlsx,2026-10-03,official/13-labour-force-indicators-by-education.xlsx,89F26C4D3C6DF720ACC7A297676B8A04E00CFF59EFDAAB21DDD2106988971418,28096,application/vnd.openxmlformats-officedocument.spreadsheetml.sheet
geostat_lfs_annual_long_term,Number of long-term unemployed and long-term unemployment rate,National Statistics Office of Georgia (Geostat),https://www.geostat.ge/en/modules/categories/683/Employment-Unemployment,https://geostat.ge/media/78750/16-Long-term-unemployment.xlsx,https://www.geostat.ge/media/78750/16-Long-term-unemployment.xlsx,2026-10-03,official/16-long-term-unemployment.xlsx,DE2E83068136F1A05EB352F09D41C5B0512E233883662A4DD84D6D8BD068E846,11609,application/vnd.openxmlformats-officedocument.spreadsheetml.sheet
