year,sex,group_id,indicator_id,reason
2020,total,education.no_education,participation_rate,Rate row not published in the official source
2020,total,education.no_education,employment_rate,Rate row not published in the official source
2020,total,education.no_education,unemployment_rate,Rate row not published in the official source
2020,women,education.no_education,participation_rate,Rate row not published in the official source
2020,women,education.no_education,employment_rate,Rate row not published in the official source
2020,women,education.no_education,unemployment_rate,Rate row not published in the official source
2020,men,education.no_education,participation_rate,Rate row not published in the official source
2020,men,education.no_education,employment_rate,Rate row not published in the official source
2020,men,education.no_education,unemployment_rate,Rate row not published in the official source
2021,total,education.no_education,participation_rate,Rate row not published in the official source
2021,total,education.no_education,employment_rate,Rate row not published in the official source
2021,total,education.no_education,unemployment_rate,Rate row not published in the official source
2021,women,education.no_education,participation_rate,Rate row not published in the official source
2021,women,education.no_education,employment_rate,Rate row not published in the official source
2021,women,education.no_education,unemployment_rate,Rate row not published in the official source
2021,men,education.no_education,participation_rate,Rate row not published in the official source
2021,men,education.no_education,employment_rate,Rate row not published in the official source
2021,men,education.no_education,unemployment_rate,Rate row not published in the official source
2022,total,education.no_education,participation_rate,Rate row not published in the official source
2022,total,education.no_education,employment_rate,Rate row not published in the official source
2022,total,education.no_education,unemployment_rate,Rate row not published in the official source
2022,women,education.no_education,participation_rate,Rate row not published in the official source
2022,women,education.no_education,employment_rate,Rate row not published in the official source
2022,women,education.no_education,unemployment_rate,Rate row not published in the official source
2022,men,education.no_education,participation_rate,Rate row not published in the official source
2022,men,education.no_education,employment_rate,Rate row not published in the official source
2022,men,education.no_education,unemployment_rate,Rate row not published in the official source
2023,total,education.no_education,participation_rate,Rate row not published in the official source
2023,total,education.no_education,employment_rate,Rate row not published in the official source
2023,total,education.no_education,unemployment_rate,Rate row not published in the official source
2023,women,education.no_education,participation_rate,Rate row not published in the official source
2023,women,education.no_education,employment_rate,Rate row not published in the official source
2023,women,education.no_education,unemployment_rate,Rate row not published in the official source
2023,men,education.no_education,participation_rate,Rate row not published in the official source
2023,men,education.no_education,employment_rate,Rate row not published in the official source
2023,men,education.no_education,unemployment_rate,Rate row not published in the official source
2024,total,education.no_education,participation_rate,Rate row not published in the official source
2024,total,education.no_education,employment_rate,Rate row not published in the official source
2024,total,education.no_education,unemployment_rate,Rate row not published in the official source
2024,women,education.no_education,participation_rate,Rate row not published in the official source
2024,women,education.no_education,employment_rate,Rate row not published in the official source
2024,women,education.no_education,unemployment_rate,Rate row not published in the official source
2024,men,education.no_education,participation_rate,Rate row not published in the official source
2024,men,education.no_education,employment_rate,Rate row not published in the official source
2024,men,education.no_education,unemployment_rate,Rate row not published in the official source
2025,total,education.no_education,participation_rate,Rate row not published in the official source
2025,total,education.no_education,employment_rate,Rate row not published in the official source
2025,total,education.no_education,unemployment_rate,Rate row not published in the official source
2025,women,education.no_education,participation_rate,Rate row not published in the official source
2025,women,education.no_education,employment_rate,Rate row not published in the official source
2025,women,education.no_education,unemployment_rate,Rate row not published in the official source
2025,men,education.no_education,participation_rate,Rate row not published in the official source
2025,men,education.no_education,employment_rate,Rate row not published in the official source
2025,men,education.no_education,unemployment_rate,Rate row not published in the official source
