canonical_decision_id,dataset_id,canonical_document,canonical_heading,public_decision_id,classification,reviewed_at
"expenditure.scope.2004_excluded.functional","expenditure","docs/data-methodology/treasury-functional-expenditure-methodology-2004-2025.md","2004 — not loaded","expenditure.scope.2004_excluded","limitation","2026-08-11"
"expenditure.scope.2004_excluded.admin","expenditure","docs/data-methodology/ministries-expenditure-methodology.md","6.11 2004 — excluded (scope)","expenditure.scope.2004_excluded","limitation","2026-08-11"
"expenditure.basis.actual_payments","expenditure","docs/data-methodology/treasury-functional-expenditure-methodology-2004-2025.md","1. Scope, concept, and units","expenditure.basis.actual_payments","official_fact","2026-08-11"
"expenditure.precedence.actual_over_planned","expenditure","docs/data-methodology/treasury-functional-expenditure-methodology-2004-2025.md","1. Scope, concept, and units","expenditure.precedence.actual_over_planned","geodata_decision","2026-08-11"
"expenditure.disclosure.official_totals_geodata_categories","expenditure","docs/data-methodology/treasury-functional-expenditure-methodology-2004-2025.md","10. Limitations & disclosure","expenditure.disclosure.official_totals_geodata_categories","geodata_decision","2026-08-11"
"expenditure.mapping.cofog","expenditure","docs/data-methodology/treasury-functional-expenditure-methodology-2004-2025.md","6a. COFOG functional code → public category (2007–2025)","expenditure.mapping.cofog","geodata_decision","2026-08-11"
"expenditure.mapping.old_14_group","expenditure","docs/data-methodology/treasury-functional-expenditure-methodology-2004-2025.md","6b. Old 14-group → public category (2005–2006)","expenditure.mapping.old_14_group","geodata_decision","2026-08-11"
"expenditure.mapping.supplement_exact_then_keyword","expenditure","docs/data-methodology/treasury-functional-expenditure-methodology-2004-2025.md","6c. Supplement / keyword mapping (pre-2023 years)","expenditure.mapping.supplement_exact_then_keyword","geodata_decision","2026-08-11"
"expenditure.mapping.unclassified_never_dropped","expenditure","docs/data-methodology/treasury-functional-expenditure-methodology-2004-2025.md","10. Limitations & disclosure","expenditure.mapping.unclassified_never_dropped","geodata_decision","2026-08-11"
"expenditure.decision.2009_tax_arrears","expenditure","docs/data-methodology/treasury-functional-expenditure-methodology-2004-2025.md","7. Reviewed data decisions (the judgment-call log)","expenditure.decision.2009_tax_arrears","geodata_decision","2026-08-11"
"expenditure.decision.2012_disaster_fund","expenditure","docs/data-methodology/treasury-functional-expenditure-methodology-2004-2025.md","7. Reviewed data decisions (the judgment-call log)","expenditure.decision.2012_disaster_fund","geodata_decision","2026-08-11"
"expenditure.decision.donor_coordination","expenditure","docs/data-methodology/treasury-functional-expenditure-methodology-2004-2025.md","7. Reviewed data decisions (the judgment-call log)","expenditure.decision.donor_coordination","geodata_decision","2026-08-11"
"expenditure.decision.2008_financial_aggregates","expenditure","docs/data-methodology/treasury-functional-expenditure-methodology-2004-2025.md","7. Reviewed data decisions (the judgment-call log)","expenditure.decision.2008_financial_aggregates","geodata_decision","2026-08-11"
"expenditure.decision.2011_arrears_court_fund","expenditure","docs/data-methodology/treasury-functional-expenditure-methodology-2004-2025.md","7. Reviewed data decisions (the judgment-call log)","expenditure.decision.2011_arrears_court_fund","geodata_decision","2026-08-11"
"expenditure.decision.2014_2016_residual_review","expenditure","docs/data-methodology/treasury-functional-expenditure-methodology-2004-2025.md","7. Reviewed data decisions (the judgment-call log)","expenditure.decision.2014_2016_residual_review","geodata_decision","2026-08-11"
"expenditure.decision.2008_2011_residual_review","expenditure","docs/data-methodology/treasury-functional-expenditure-methodology-2004-2025.md","7. Reviewed data decisions (the judgment-call log)","expenditure.decision.2008_2011_residual_review","geodata_decision","2026-08-11"
"expenditure.admin.idp_health_social","expenditure","docs/data-methodology/ministries-expenditure-methodology.md","6.1 IDP / Refugees ministry → Health & Social (2005–2018)","expenditure.admin.idp_health_social","geodata_decision","2026-08-11"
"expenditure.admin.environment_agriculture","expenditure","docs/data-methodology/ministries-expenditure-methodology.md","6.2 Environment (old naming) → Environment & Agriculture (through 2017)","expenditure.admin.environment_agriculture","geodata_decision","2026-08-11"
"expenditure.admin.sport_culture_demerger","expenditure","docs/data-methodology/ministries-expenditure-methodology.md","6.3 Sport / Culture de-merge (2018–2024)","expenditure.admin.sport_culture_demerger","geodata_decision","2026-08-11"
"expenditure.admin.penitentiary_justice","expenditure","docs/data-methodology/ministries-expenditure-methodology.md","6.4 Penitentiary / Corrections → Justice (2009–2013)","expenditure.admin.penitentiary_justice","geodata_decision","2026-08-11"
"expenditure.admin.youth_education","expenditure","docs/data-methodology/ministries-expenditure-methodology.md","6.5 Youth Affairs → Education (2005)","expenditure.admin.youth_education","geodata_decision","2026-08-11"
"expenditure.admin.finance_three_way_split","expenditure","docs/data-methodology/ministries-expenditure-methodology.md","6.6 Finance three-way split (2005; 2006–2009)","expenditure.admin.finance_three_way_split","geodata_decision","2026-08-11"
"expenditure.admin.culture_sport_split","expenditure","docs/data-methodology/ministries-expenditure-methodology.md","6.7 Culture / Sport split for the combined ministries (2005; 2006–2009)","expenditure.admin.culture_sport_split","geodata_decision","2026-08-11"
"expenditure.admin.debt_service","expenditure","docs/data-methodology/ministries-expenditure-methodology.md","6.9 Debt service","expenditure.admin.debt_service","geodata_decision","2026-08-11"
"expenditure.admin.other_costs","expenditure","docs/data-methodology/ministries-expenditure-methodology.md","6.10 Governors, state-minister offices, constitutionally-independent bodies → Other costs","expenditure.admin.other_costs","geodata_decision","2026-08-11"
"expenditure.program.threshold_100m_modern","expenditure","docs/data-methodology/ministries-drilldown-programs-methodology.md","2.3 Qualification (which programs appear at all)","expenditure.program.threshold_100m_modern","geodata_decision","2026-08-11"
"expenditure.program.modern_presence","expenditure","docs/data-methodology/ministries-drilldown-programs-methodology.md","2.3 Qualification (which programs appear at all)","expenditure.program.modern_presence","geodata_decision","2026-08-11"
"expenditure.program.semantic_eras","expenditure","docs/data-methodology/ministries-drilldown-programs-methodology.md","4. Semantic eras (`PROGRAM_SEMANTIC_ERAS`)","expenditure.program.semantic_eras","geodata_decision","2026-08-11"
"expenditure.program.successions","expenditure","docs/data-methodology/ministries-drilldown-programs-methodology.md","5. Program successions (`programSuccessions.ts`) — owner-approved 2026-07-09","expenditure.program.successions","geodata_decision","2026-08-11"
"expenditure.program.perimeter_changes_not_joined","expenditure","docs/data-methodology/ministries-drilldown-programs-methodology.md","5. Program successions (`programSuccessions.ts`) — owner-approved 2026-07-09","expenditure.program.perimeter_changes_not_joined","geodata_decision","2026-08-11"
"expenditure.program.legacy_joins","expenditure","docs/data-methodology/ministries-drilldown-programs-methodology.md","6. Pre-2012 legacy joins (`legacyProgramJoins.ts`) — owner-approved 2026-07-07","expenditure.program.legacy_joins","geodata_decision","2026-08-11"
"expenditure.program.names_only","expenditure","docs/data-methodology/ministries-drilldown-programs-methodology.md","2.3 Qualification (which programs appear at all)","expenditure.program.names_only","geodata_decision","2026-08-11"
"expenditure.validation.annual_reconciliation","expenditure","docs/data-methodology/treasury-functional-expenditure-methodology-2004-2025.md","8. Reconciliation results","expenditure.validation.annual_reconciliation","official_fact","2026-08-11"
"revenue.scope.consolidated","revenue","docs/data-methodology/revenue-methodology.md","6.1 Publish the consolidated column","revenue.scope.consolidated","official_fact","2026-08-11"
"revenue.scope.2004_excluded","revenue","docs/data-methodology/revenue-methodology.md","5.6 2004 — excluded (scope)","revenue.scope.2004_excluded","limitation","2026-08-11"
"revenue.source.form1","revenue","docs/data-methodology/revenue-methodology.md","2.1 One source family: Treasury ""Form #1"" receipts statements","revenue.source.form1","official_fact","2026-08-11"
"revenue.source.four_code_eras","revenue","docs/data-methodology/revenue-methodology.md","2.3 Four source-code eras","revenue.source.four_code_eras","official_fact","2026-08-11"
"revenue.basis.actual","revenue","docs/data-methodology/revenue-methodology.md","1. What this dataset is","revenue.basis.actual","official_fact","2026-08-11"
"revenue.precedence.actual_over_planned","revenue","docs/data-methodology/revenue-methodology.md","1. What this dataset is","revenue.precedence.actual_over_planned","geodata_decision","2026-08-11"
"revenue.negative_values_allowed","revenue","docs/data-methodology/revenue-methodology.md","3.3 Negative revenue facts are legal","revenue.negative_values_allowed","official_fact","2026-08-11"
"revenue.mapping.net_internal_grants","revenue","docs/data-methodology/revenue-methodology.md","6.2 Net internal flows out of grants and other revenue","revenue.mapping.net_internal_grants","geodata_decision","2026-08-11"
"revenue.mapping.net_internal_other_revenue","revenue","docs/data-methodology/revenue-methodology.md","6.2 Net internal flows out of grants and other revenue","revenue.mapping.net_internal_other_revenue","geodata_decision","2026-08-11"
"revenue.mapping.combined_asset_decrease","revenue","docs/data-methodology/revenue-methodology.md","6.3 One combined asset-decrease category","revenue.mapping.combined_asset_decrease","geodata_decision","2026-08-11"
"revenue.mapping.opening_balance_excluded","revenue","docs/data-methodology/revenue-methodology.md","6.3 One combined asset-decrease category","revenue.mapping.opening_balance_excluded","geodata_decision","2026-08-11"
"revenue.mapping.other_taxes_2019_2025","revenue","docs/data-methodology/revenue-methodology.md","6.4 Other taxes: three era-specific definitions","revenue.mapping.other_taxes_2019_2025","official_fact","2026-08-11"
"revenue.mapping.other_taxes_2008_2018","revenue","docs/data-methodology/revenue-methodology.md","6.4 Other taxes: three era-specific definitions","revenue.mapping.other_taxes_2008_2018","geodata_decision","2026-08-11"
"revenue.mapping.other_taxes_2005_2007","revenue","docs/data-methodology/revenue-methodology.md","6.4 Other taxes: three era-specific definitions","revenue.mapping.other_taxes_2005_2007","geodata_decision","2026-08-11"
"revenue.validation.strict_presence","revenue","docs/data-methodology/revenue-methodology.md","6.5 Strict presence over silence","revenue.validation.strict_presence","geodata_decision","2026-08-11"
"revenue.crosscheck.workbook_2023_2025","revenue","docs/data-methodology/revenue-methodology.md","7. The tavi-1 workbook cross-check (2023–2025)","revenue.crosscheck.workbook_2023_2025","geodata_decision","2026-08-11"
"revenue.validation.receipts_identity_10_gel","revenue","docs/data-methodology/revenue-methodology.md","8.1 The per-year receipts identity (the hard gate)","revenue.validation.receipts_identity_10_gel","official_fact","2026-08-11"
"revenue.limitation.perimeter_asymmetry","revenue","docs/data-methodology/revenue-methodology.md","9. Known limitations & caveats","revenue.limitation.perimeter_asymmetry","limitation","2026-08-11"
"revenue.limitation.workbook_advisory","revenue","docs/data-methodology/revenue-methodology.md","9. Known limitations & caveats","revenue.limitation.workbook_advisory","limitation","2026-08-11"
"revenue.limitation.legacy_hash_gap","revenue","docs/data-methodology/revenue-methodology.md","9. Known limitations & caveats","revenue.limitation.legacy_hash_gap","limitation","2026-08-11"
"municipalities.scope.2015_2025","municipalities","docs/data-methodology/municipal-functional-annual-2015-2025.md","Status and scope","municipalities.scope.2015_2025","official_fact","2026-08-11"
"municipalities.scope.64_municipalities_11_regions","municipalities","docs/data-methodology/municipal-functional-annual-2015-2025.md","Region mapping","municipalities.scope.64_municipalities_11_regions","geodata_decision","2026-08-11"
"municipalities.scope.ten_main_functions","municipalities","docs/data-methodology/municipal-functional-annual-2015-2025.md","Serving status (2026-08-07)","municipalities.scope.ten_main_functions","geodata_decision","2026-08-11"
"municipalities.scope.selected_details_not_served","municipalities","docs/data-methodology/municipal-functional-annual-2015-2025.md","Serving status (2026-08-07)","municipalities.scope.selected_details_not_served","geodata_decision","2026-08-11"
"municipalities.mapping.stable_function_ids","municipalities","docs/data-methodology/municipal-functional-annual-2015-2025.md","Function mapping","municipalities.mapping.stable_function_ids","geodata_decision","2026-08-11"
"municipalities.mapping.reviewed_region_crosswalk","municipalities","docs/data-methodology/municipal-functional-annual-2015-2025.md","Region mapping","municipalities.mapping.reviewed_region_crosswalk","geodata_decision","2026-08-11"
"municipalities.exclusion.five_codes","municipalities","docs/data-methodology/municipal-functional-annual-2015-2025.md","Region mapping","municipalities.exclusion.five_codes","geodata_decision","2026-08-11"
"municipalities.exclusion.abkhazia_region","municipalities","docs/data-methodology/municipal-functional-annual-2015-2025.md","Region mapping","municipalities.exclusion.abkhazia_region","geodata_decision","2026-08-11"
"municipalities.source.2015_2019_portal","municipalities","docs/data-methodology/municipal-functional-annual-2015-2025.md","Functional data","municipalities.source.2015_2019_portal","official_fact","2026-08-11"
"municipalities.source.2020_2025_workbooks","municipalities","docs/data-methodology/municipal-functional-annual-2015-2025.md","Functional data","municipalities.source.2020_2025_workbooks","official_fact","2026-08-11"
"municipalities.total.2015_functional_fallback","municipalities","docs/data-methodology/municipal-functional-annual-2015-2025.md","Public total data","municipalities.total.2015_functional_fallback","limitation","2026-08-11"
"municipalities.total.2016_2025_official_payments","municipalities","docs/data-methodology/municipal-functional-annual-2015-2025.md","Public total data","municipalities.total.2016_2025_official_payments","official_fact","2026-08-11"
"municipalities.total.khulo_2024_fallback","municipalities","docs/data-methodology/municipal-functional-annual-2015-2025.md","Public total data","municipalities.total.khulo_2024_fallback","limitation","2026-08-11"
"municipalities.total.functional_vs_public","municipalities","docs/data-methodology/municipal-functional-annual-2015-2025.md","What the two totals mean","municipalities.total.functional_vs_public","official_fact","2026-08-11"
"municipalities.share.not_normalized","municipalities","docs/data-methodology/municipal-functional-annual-2015-2025.md","Public-display and percentage rule","municipalities.share.not_normalized","geodata_decision","2026-08-11"
"municipalities.share.no_forced_residual","municipalities","docs/data-methodology/municipal-functional-annual-2015-2025.md","Public-display and percentage rule","municipalities.share.no_forced_residual","geodata_decision","2026-08-11"
"municipalities.geometry.osm_odbl","municipalities","docs/data-methodology/municipal-functional-annual-2015-2025.md","Municipality geometry join","municipalities.geometry.osm_odbl","official_fact","2026-08-11"
"municipalities.geometry.natural_earth_public_domain","municipalities","docs/data-methodology/municipal-functional-annual-2015-2025.md","Municipality geometry join","municipalities.geometry.natural_earth_public_domain","official_fact","2026-08-11"
"municipalities.population.not_imported","municipalities","docs/data-methodology/municipal-functional-annual-2015-2025.md","Population — not imported","municipalities.population.not_imported","limitation","2026-08-11"
"municipalities.exclusion.autonomous_budgets","municipalities","docs/data-methodology/municipal-functional-annual-2015-2025.md","Status and scope","municipalities.exclusion.autonomous_budgets","limitation","2026-08-11"
"municipalities.encoding.excel_bom","municipalities","docs/data-methodology/municipal-functional-annual-2015-2025.md","Encoding","municipalities.encoding.excel_bom","geodata_decision","2026-08-11"
"municipalities.validation.coverage_reconciliation","municipalities","docs/data-methodology/municipal-functional-annual-2015-2025.md","Validation","municipalities.validation.coverage_reconciliation","official_fact","2026-08-11"
"municipalities.limitation.source_transition","municipalities","docs/data-methodology/municipal-functional-annual-2015-2025.md","Limitations","municipalities.limitation.source_transition","limitation","2026-08-11"
