year,source_id,code,label_ka,economic_label_ka,amount_gel,public_spending_field_id,mapping_confidence,mapping_notes
2021,source.mof_2021_tavi6_actual,24 13,"ვარდნილისა და ენგურის ჰიდროელექტროსადგურების რეაბილიტაციის პროექტი (EBRD, EIB, EU)",ფინანსური აქტივების ზრდა,60881500,spending.infrastructure_regional_development,medium,Propagated from reviewed 2023-2025 row by exact Georgian label match: Propagated from 2025 user review by exact label match: ინფრასტრუქტურა.
2021,source.mof_2021_tavi6_actual,24 14 01,ელექტროგადამცემი ქსელის გაძლიერების პროექტი,ფინანსური აქტივების ზრდა,26687100,spending.infrastructure_regional_development,medium,"Generated older-year supplement mapping candidate: transport, municipal, or waste infrastructure label"
2021,source.mof_2021_tavi6_actual,24 14 02 01,"500 კვ ეგხ-ის ""ქსანი-სტეფანწმინდა"" მშენებლობა (EBRD, EU, KfW)",ფინანსური აქტივების ზრდა,1216400,spending.infrastructure_regional_development,medium,Propagated from reviewed 2023-2025 row by exact Georgian label match: User reviewed 2024 remaining unclassified row as ინფრასტრუქტურა და რეგიონული განვითარება.
2021,source.mof_2021_tavi6_actual,24 14 02 02,"ელექტროგადამცემი ხაზი ""ჯვარი ხორგა"" (EBRD, EU, KfW)",ფინანსური აქტივების ზრდა,4385100,spending.infrastructure_regional_development,medium,"Generated older-year supplement mapping candidate: transport, municipal, or waste infrastructure label"
2021,source.mof_2021_tavi6_actual,24 14 03 01,"500 კვ ეგხ ""წყალტუბო-ახალციხე-თორთუმი"" (Kfw, EU-NIF)",ფინანსური აქტივების ზრდა,86200,spending.infrastructure_regional_development,medium,"Generated older-year supplement mapping candidate: transport, municipal, or waste infrastructure label"
2021,source.mof_2021_tavi6_actual,24 14 03 03,500 კვ ეგხ ჯვარი-წყალტუბო (WB),ფინანსური აქტივების ზრდა,8824500,spending.infrastructure_regional_development,medium,Propagated from reviewed 2023-2025 row by exact Georgian label match: accepted deterministic keyword suggestion for Plan 3 first-pass review
2021,source.mof_2021_tavi6_actual,24 14 03 04,გურიის ელგადაცემის ხაზების ინფრასტრუქტურის გაძლიერება (KfW),ფინანსური აქტივების ზრდა,8383500,spending.infrastructure_regional_development,medium,Propagated from reviewed 2023-2025 row by exact Georgian label match: accepted deterministic keyword suggestion for Plan 3 first-pass review
2021,source.mof_2021_tavi6_actual,24 14 03 06,ხელედულა-ლაჯანური-ონი (KfW),ფინანსური აქტივების ზრდა,6622700,spending.infrastructure_regional_development,medium,Propagated from reviewed 2023-2025 row by exact Georgian label match: User reviewed 2023 remaining unclassified row as ინფრასტრუქტურა.
2021,source.mof_2021_tavi6_actual,24 18,ორმხრივი ხელშეკრულებების ფარგლებში აღიარებული ვალდებულებების დაფარვასთან დაკავშირებული ღონისძიებები,ვალდებულებების კლება,2664400,spending.debt_service,medium,Propagated from reviewed 2023-2025 row by exact Georgian label match: Propagated from 2025 user review by exact label match: ვალის მომსახურება.
2021,source.mof_2021_tavi6_actual,25 04,წყალმომარაგების ინფრასტრუქტურის აღდგენა-რეაბილიტაცია,ფინანსური აქტივების ზრდა,66136900,spending.infrastructure_regional_development,medium,Propagated from reviewed 2023-2025 row by exact Georgian label match: accepted deterministic keyword suggestion for Plan 3 first-pass review
2021,source.mof_2021_tavi6_actual,25 05,მყარი ნარჩენების მართვის პროგრამა,ფინანსური აქტივების ზრდა,1038800,spending.infrastructure_regional_development,medium,Propagated from reviewed 2023-2025 row by exact Georgian label match: User reviewed 2025 row as ინფრასტრუქტურა და რეგიონული განვითარება.
2021,source.mof_2021_tavi6_actual,31 05 02,შეღავათიანი აგროკრედიტები,ვალდებულებების კლება,18420400,spending.agriculture_environment,medium,Propagated from reviewed 2023-2025 row by exact Georgian label match: accepted deterministic keyword suggestion for Plan 3 first-pass review
2021,source.mof_2021_tavi6_actual,32 09,კულტურის განვითარების ხელშეწყობა,ვალდებულებების კლება,3197800,spending.culture,medium,Propagated from reviewed 2023-2025 row by exact Georgian label match: accepted deterministic keyword suggestion for Plan 3 first-pass review
2021,source.mof_2021_tavi6_actual,45 12,ა(ა)იპ – ახალქალაქისა და კუმურდოს ეპარქიის სასწავლო ცენტრისთვის გადასაცემი გრანტი,ვალდებულებების კლება,35000,spending.culture,medium,Generated older-year supplement mapping candidate: religious or cultural activity keyword
2021,source.mof_2021_tavi6_actual,56 01,საგარეო სახელმწიფო ვალდებულებების მომსახურება და დაფარვა,ვალდებულებების კლება,2653147900,spending.debt_service,medium,Propagated from reviewed 2023-2025 row by exact Georgian label match: User reviewed 2025 row as ვალის მომსახურება.
2021,source.mof_2021_tavi6_actual,56 02,საშინაო სახელმწიფო ვალდებულებების მომსახურება და დაფარვა,ვალდებულებების კლება,40000000,spending.debt_service,medium,Propagated from reviewed 2023-2025 row by exact Georgian label match: User reviewed 2025 row as ვალის მომსახურება.
2021,source.mof_2021_tavi6_actual,56 06 02,წინა წლებში წარმოქმნილი დავალიანების დაფარვისა და სასამართლო გადაწყვეტილებების აღსრულების ფონდი - საქართველოს ფინანსთა სამინისტრო,ვალდებულებების კლება,24800100,spending.public_order_safety,high,Generated older-year supplement mapping candidate: public order or justice keyword
2021,source.mof_2021_tavi6_actual,56 13 01,ბათუმში კომუნალური ინფრასტრუქტურის დაწესებულებათა რეაბილიტაცია - IV ფაზა (KfW),ფინანსური აქტივების ზრდა,15076300,spending.infrastructure_regional_development,medium,Generated older-year supplement mapping candidate: infrastructure or regional development keyword
2021,source.mof_2021_tavi6_actual,56 13 02,"აჭარის მყარი ნარჩენების პროექტი (EBRD, SIDA)",ფინანსური აქტივების ზრდა,1148900,spending.infrastructure_regional_development,medium,Propagated from reviewed 2023-2025 row by exact Georgian label match: User reviewed 2024 remaining unclassified row as ინფრასტრუქტურა.
2021,source.mof_2021_tavi6_actual,56 13 04,თბილისის მყარი ნარჩენების მართვის პროექტი (EBRD),ფინანსური აქტივების ზრდა,6793200,spending.infrastructure_regional_development,medium,"Generated older-year supplement mapping candidate: transport, municipal, or waste infrastructure label"
2021,source.mof_2021_tavi6_actual,56 13 05,"აჭარის სოფლების წყალმომარაგებისა და წყალარინების პროგრამა, საქართველო (EU, KfW)",ფინანსური აქტივების ზრდა,5689000,spending.infrastructure_regional_development,medium,Propagated from reviewed 2023-2025 row by exact Georgian label match: accepted deterministic keyword suggestion for Plan 3 first-pass review
2021,source.mof_2021_tavi6_actual,56 13 06,თბილისის ავტობუსების პროექტი (ფაზა II) (EBRD),ფინანსური აქტივების ზრდა,105713100,spending.infrastructure_regional_development,medium,Propagated from reviewed 2023-2025 row by exact Georgian label match: User reviewed 2025 row as ინფრასტრუქტურა და რეგიონული განვითარება.
2021,source.mof_2021_tavi6_actual,56 13 08,"ბათუმში კომუნალური ინფრასტრუქტურის დაწესებულებათა რეაბილიტაცია - III ფაზა (EU, KfW)",ფინანსური აქტივების ზრდა,4488800,spending.infrastructure_regional_development,medium,Generated older-year supplement mapping candidate: infrastructure or regional development keyword