year,gdp_current_prices_million_gel,accounting_standard,status,source_id,source_sheet,source_cell,source_unit
1996,3868.5,sna_1993,final_as_published,geostat_national_gdp_sna_1993,GDP at curr pr,G25,mil. GEL
1997,4554.9,sna_1993,final_as_published,geostat_national_gdp_sna_1993,GDP at curr pr,L25,mil. GEL
1998,5022.1,sna_1993,final_as_published,geostat_national_gdp_sna_1993,GDP at curr pr,Q25,mil. GEL
1999,5668.7,sna_1993,final_as_published,geostat_national_gdp_sna_1993,GDP at curr pr,V25,mil. GEL
2000,6043.1,sna_1993,final_as_published,geostat_national_gdp_sna_1993,GDP at curr pr,AA25,mil. GEL
2001,6674.0,sna_1993,final_as_published,geostat_national_gdp_sna_1993,GDP at curr pr,AF25,mil. GEL
2002,7456.0,sna_1993,final_as_published,geostat_national_gdp_sna_1993,GDP at curr pr,AK25,mil. GEL
2003,8564.1,sna_1993,final_as_published,geostat_national_gdp_sna_1993,GDP at curr pr,AP25,mil. GEL
2004,9824.3,sna_1993,final_as_published,geostat_national_gdp_sna_1993,GDP at curr pr,AU25,mil. GEL
2005,11620.9,sna_1993,final_as_published,geostat_national_gdp_sna_1993,GDP at curr pr,AZ25,mil. GEL
2006,13789.9,sna_1993,final_as_published,geostat_national_gdp_sna_1993,GDP at curr pr,BE25,mil. GEL
2007,16993.8,sna_1993,final_as_published,geostat_national_gdp_sna_1993,GDP at curr pr,BJ25,mil. GEL
2008,19074.9,sna_1993,final_as_published,geostat_national_gdp_sna_1993,GDP at curr pr,BO25,mil. GEL
2009,17986.0,sna_1993,final_as_published,geostat_national_gdp_sna_1993,GDP at curr pr,BT25,mil. GEL
2010,20743.4,sna_1993,final_as_published,geostat_national_gdp_sna_1993,GDP at curr pr,BY25,mil. GEL
2010,22148.7,sna_2008,final_as_published,geostat_national_gdp_sna_2008,GDP at current prices,G26,mil. GEL
2011,24344.0,sna_1993,final_as_published,geostat_national_gdp_sna_1993,GDP at curr pr,CD25,mil. GEL
2011,26099.4,sna_2008,final_as_published,geostat_national_gdp_sna_2008,GDP at current prices,L26,mil. GEL
2012,26167.3,sna_1993,final_as_published,geostat_national_gdp_sna_1993,GDP at curr pr,CI25,mil. GEL
2012,27896.9,sna_2008,final_as_published,geostat_national_gdp_sna_2008,GDP at current prices,Q26,mil. GEL
2013,26847.4,sna_1993,final_as_published,geostat_national_gdp_sna_1993,GDP at curr pr,CN25,mil. GEL
2013,29137.7,sna_2008,final_as_published,geostat_national_gdp_sna_2008,GDP at current prices,V26,mil. GEL
2014,29150.5,sna_1993,final_as_published,geostat_national_gdp_sna_1993,GDP at curr pr,CS25,mil. GEL
2014,31722.4,sna_2008,final_as_published,geostat_national_gdp_sna_2008,GDP at current prices,AA26,mil. GEL
2015,31755.6,sna_1993,final_as_published,geostat_national_gdp_sna_1993,GDP at curr pr,CX25,mil. GEL
2015,34548.2,sna_2008,final_as_published,geostat_national_gdp_sna_2008,GDP at current prices,AF26,mil. GEL
2016,34028.5,sna_1993,final_as_published,geostat_national_gdp_sna_1993,GDP at curr pr,DC25,mil. GEL
2016,36553.3,sna_2008,final_as_published,geostat_national_gdp_sna_2008,GDP at current prices,AK26,mil. GEL
2017,37846.6,sna_1993,final_as_published,geostat_national_gdp_sna_1993,GDP at curr pr,DH25,mil. GEL
2017,41339.8,sna_2008,final_as_published,geostat_national_gdp_sna_2008,GDP at current prices,AP26,mil. GEL
2018,41077.5,sna_1993,preliminary,geostat_national_gdp_sna_1993,GDP at curr pr,DM25,mil. GEL
2018,45374.4,sna_2008,final_as_published,geostat_national_gdp_sna_2008,GDP at current prices,AU26,mil. GEL
2019,49726.3,sna_2008,final_as_published,geostat_national_gdp_sna_2008,GDP at current prices,AZ26,mil. GEL
2020,49788.5,sna_2008,final_as_published,geostat_national_gdp_sna_2008,GDP at current prices,BE26,mil. GEL
2021,60724.1,sna_2008,final_as_published,geostat_national_gdp_sna_2008,GDP at current prices,BJ26,mil. GEL
2022,72860.1,sna_2008,final_as_published,geostat_national_gdp_sna_2008,GDP at current prices,BO26,mil. GEL
2023,80882.8,sna_2008,final_as_published,geostat_national_gdp_sna_2008,GDP at current prices,BT26,mil. GEL
2024,93022.3,sna_2008,final_as_published,geostat_national_gdp_sna_2008,GDP at current prices,BY26,mil. GEL
2025,104598.1,sna_2008,preliminary,geostat_national_gdp_sna_2008,GDP at current prices,CD26,mil. GEL
