year,debt_scope,weighted_average_interest_rate_percent,observation_date,portfolio_scope,rate_definition,availability_status,source_id,source_table,source_row_label,source_unit,transformation,last_reviewed_at
2015,total,3.1,2015-12-31,Total Government Debt portfolio,Year-end weighted-average annual interest rate,available,mof_monthly_debt_report_2026_07,ATM and Interest Rate,Weighted Average Interest Rate,% p.a.,Exact published weighted-average portfolio interest rate; no calculation or chart-position digitization.,2026-09-01
2015,domestic,,2015-12-31,Domestic Government Debt portfolio,Year-end weighted-average annual interest rate,not_found_in_reviewed_sources,,,,% p.a.,No exact comparable year-end component rate was found in the reviewed official sources; no estimate.,2026-09-01
2015,external,,2015-12-31,External Government Debt portfolio,Year-end weighted-average annual interest rate,not_found_in_reviewed_sources,,,,% p.a.,No exact comparable year-end component rate was found in the reviewed official sources; no estimate.,2026-09-01
2016,total,3.3,2016-12-31,Total Government Debt portfolio,Year-end weighted-average annual interest rate,available,mof_monthly_debt_report_2026_07,ATM and Interest Rate,Weighted Average Interest Rate,% p.a.,Exact published weighted-average portfolio interest rate; no calculation or chart-position digitization.,2026-09-01
2016,domestic,,2016-12-31,Domestic Government Debt portfolio,Year-end weighted-average annual interest rate,not_found_in_reviewed_sources,,,,% p.a.,No exact comparable year-end component rate was found in the reviewed official sources; no estimate.,2026-09-01
2016,external,,2016-12-31,External Government Debt portfolio,Year-end weighted-average annual interest rate,not_found_in_reviewed_sources,,,,% p.a.,No exact comparable year-end component rate was found in the reviewed official sources; no estimate.,2026-09-01
2017,total,3.2,2017-12-31,Total Government Debt portfolio,Year-end weighted-average annual interest rate,available,mof_monthly_debt_report_2026_07,ATM and Interest Rate,Weighted Average Interest Rate,% p.a.,Exact published weighted-average portfolio interest rate; no calculation or chart-position digitization.,2026-09-01
2017,domestic,,2017-12-31,Domestic Government Debt portfolio,Year-end weighted-average annual interest rate,not_found_in_reviewed_sources,,,,% p.a.,No exact comparable year-end component rate was found in the reviewed official sources; no estimate.,2026-09-01
2017,external,,2017-12-31,External Government Debt portfolio,Year-end weighted-average annual interest rate,not_found_in_reviewed_sources,,,,% p.a.,No exact comparable year-end component rate was found in the reviewed official sources; no estimate.,2026-09-01
2018,total,3.3,2018-12-31,Total Government Debt portfolio,Year-end weighted-average annual interest rate,available,mof_monthly_debt_report_2026_07,ATM and Interest Rate,Weighted Average Interest Rate,% p.a.,Exact published weighted-average portfolio interest rate; no calculation or chart-position digitization.,2026-09-01
2018,domestic,8.3,2018-12-31,Domestic Government Debt portfolio,Year-end weighted-average annual interest rate,available,mof_debt_strategy_2019_2021,Table 2: Weighted Average Interest Rates on General Government Domestic and External Debt,Domestic Debt,% p.a.,Exact published weighted-average portfolio interest rate; no calculation or chart-position digitization.,2026-09-01
2018,external,,2018-12-31,External Government Debt portfolio,Year-end weighted-average annual interest rate,not_found_in_reviewed_sources,mof_debt_strategy_2019_2021,Table 2: Weighted Average Interest Rates on General Government Domestic and External Debt,External Debt / Eurobond,% p.a.,"The reviewed component table reports External Debt and Eurobond separately, so the External Debt row is not normalized as the full External Government Debt portfolio rate.",2026-09-01
2019,total,3.2,2019-12-31,Total Government Debt portfolio,Year-end weighted-average annual interest rate,available,mof_monthly_debt_report_2026_07,ATM and Interest Rate,Weighted Average Interest Rate,% p.a.,Exact published weighted-average portfolio interest rate; no calculation or chart-position digitization.,2026-09-01
2019,domestic,8.21,2019-12-31,Domestic Government Debt portfolio,Year-end weighted-average annual interest rate,available,mof_debt_strategy_2022_2025,Table 4.1: Weighted Average Interest Rates on the General Government Domestic and External Debt Portfolios,Domestic Debt,% p.a.,Exact published weighted-average portfolio interest rate; no calculation or chart-position digitization.,2026-09-01
2019,external,,2019-12-31,External Government Debt portfolio,Year-end weighted-average annual interest rate,not_found_in_reviewed_sources,mof_debt_strategy_2022_2025,Table 4.1: Weighted Average Interest Rates on the General Government Domestic and External Debt Portfolios,External Debt (excludes the Eurobond),% p.a.,"The reviewed component table excludes the Eurobond, so it is not normalized as the full External Government Debt portfolio rate.",2026-09-01
2020,total,2.8,2020-12-31,Total Government Debt portfolio,Year-end weighted-average annual interest rate,available,mof_monthly_debt_report_2026_07,ATM and Interest Rate,Weighted Average Interest Rate,% p.a.,Exact published weighted-average portfolio interest rate; no calculation or chart-position digitization.,2026-09-01
2020,domestic,8.59,2020-12-31,Domestic Government Debt portfolio,Year-end weighted-average annual interest rate,available,mof_debt_strategy_2022_2025,Table 4.1: Weighted Average Interest Rates on the General Government Domestic and External Debt Portfolios,Domestic Debt,% p.a.,Exact published weighted-average portfolio interest rate; no calculation or chart-position digitization.,2026-09-01
2020,external,,2020-12-31,External Government Debt portfolio,Year-end weighted-average annual interest rate,not_found_in_reviewed_sources,mof_debt_strategy_2022_2025,Table 4.1: Weighted Average Interest Rates on the General Government Domestic and External Debt Portfolios,External Debt (excludes the Eurobond),% p.a.,"The reviewed component table excludes the Eurobond, so it is not normalized as the full External Government Debt portfolio rate.",2026-09-01
2021,total,2.5,2021-12-31,Total Government Debt portfolio,Year-end weighted-average annual interest rate,available,mof_monthly_debt_report_2026_07,ATM and Interest Rate,Weighted Average Interest Rate,% p.a.,Exact published weighted-average portfolio interest rate; no calculation or chart-position digitization.,2026-09-01
2021,domestic,8.83,2021-12-31,Domestic Government Debt portfolio,Year-end weighted-average annual interest rate,available,mof_debt_strategy_2023_2026,Table 4.1: Weighted Average Interest Rates on the General Government Domestic and External Debt Portfolios,Domestic Debt,% p.a.,Exact published weighted-average portfolio interest rate; no calculation or chart-position digitization.,2026-09-01
2021,external,0.95,2021-12-31,External Government Debt portfolio,Year-end weighted-average annual interest rate,available,mof_debt_strategy_2023_2026,Table 4.1: Weighted Average Interest Rates on the General Government Domestic and External Debt Portfolios,External Debt,% p.a.,Exact published weighted-average portfolio interest rate; no calculation or chart-position digitization.,2026-09-01
2022,total,3.9,2022-12-31,Total Government Debt portfolio,Year-end weighted-average annual interest rate,available,mof_monthly_debt_report_2026_07,ATM and Interest Rate,Weighted Average Interest Rate,% p.a.,Exact published weighted-average portfolio interest rate; no calculation or chart-position digitization.,2026-09-01
2022,domestic,9.2,2022-12-31,Domestic Government Debt portfolio,Year-end weighted-average annual interest rate,available,mof_debt_strategy_2023_2026,Table 4.1: Weighted Average Interest Rates on the General Government Domestic and External Debt Portfolios,Domestic Debt,% p.a.,Exact published weighted-average portfolio interest rate; no calculation or chart-position digitization.,2026-09-01
2022,external,2.23,2022-12-31,External Government Debt portfolio,Year-end weighted-average annual interest rate,available,mof_debt_strategy_2023_2026,Table 4.1: Weighted Average Interest Rates on the General Government Domestic and External Debt Portfolios,External Debt,% p.a.,Exact published weighted-average portfolio interest rate; no calculation or chart-position digitization.,2026-09-01
2023,total,5,2023-12-31,Total Government Debt portfolio,Year-end weighted-average annual interest rate,available,mof_monthly_debt_report_2026_07,ATM and Interest Rate,Weighted Average Interest Rate,% p.a.,Exact published weighted-average portfolio interest rate; no calculation or chart-position digitization.,2026-09-01
2023,domestic,9.06,2023-12-31,Domestic Government Debt portfolio,Year-end weighted-average annual interest rate,available,mof_debt_strategy_2025_2029,Weighted Average Interest Rates on the Government's Domestic and External Debt Portfolio,Domestic Debt - portfolio,% p.a.,Exact published weighted-average portfolio interest rate; no calculation or chart-position digitization.,2026-09-01
2023,external,3.4,2023-12-31,External Government Debt portfolio,Year-end weighted-average annual interest rate,available,mof_debt_strategy_2025_2029,Weighted Average Interest Rates on the Government's Domestic and External Debt Portfolio,External Debt - portfolio,% p.a.,Exact published weighted-average portfolio interest rate; no calculation or chart-position digitization.,2026-09-01
2024,total,4.9,2024-12-31,Total Government Debt portfolio,Year-end weighted-average annual interest rate,available,mof_monthly_debt_report_2026_07,ATM and Interest Rate,Weighted Average Interest Rate,% p.a.,Exact published weighted-average portfolio interest rate; no calculation or chart-position digitization.,2026-09-01
2024,domestic,8.84,2024-12-31,Domestic Government Debt portfolio,Year-end weighted-average annual interest rate,available,mof_debt_strategy_2025_2029,Weighted Average Interest Rates on the Government's Domestic and External Debt Portfolio,Domestic Debt - portfolio,% p.a.,Exact published weighted-average portfolio interest rate; no calculation or chart-position digitization.,2026-09-01
2024,external,3.12,2024-12-31,External Government Debt portfolio,Year-end weighted-average annual interest rate,available,mof_debt_strategy_2025_2029,Weighted Average Interest Rates on the Government's Domestic and External Debt Portfolio,External Debt - portfolio,% p.a.,Exact published weighted-average portfolio interest rate; no calculation or chart-position digitization.,2026-09-01
2025,total,4.7,2025-12-31,Total Government Debt portfolio,Year-end weighted-average annual interest rate,available,mof_monthly_debt_report_2026_07,ATM and Interest Rate,Weighted Average Interest Rate,% p.a.,Exact published weighted-average portfolio interest rate; no calculation or chart-position digitization.,2026-09-01
2025,domestic,,2025-12-31,Domestic Government Debt portfolio,Year-end weighted-average annual interest rate,not_found_in_reviewed_sources,,,,% p.a.,No exact comparable year-end component rate was found in the reviewed official sources; no estimate.,2026-09-01
2025,external,,2025-12-31,External Government Debt portfolio,Year-end weighted-average annual interest rate,not_found_in_reviewed_sources,,,,% p.a.,No exact comparable year-end component rate was found in the reviewed official sources; no estimate.,2026-09-01
