source_id,dataset_title,publisher,roles,document_date,source_page_url,retrieved_file_url,retrieved_at,local_file,sha256,bytes,source_period_min,source_period_max,used_period_min,used_period_max,notes
mof_public_debt_bulletin_n7,Public Debt of Georgia Statistical Bulletin N7,Ministry of Finance of Georgia,canonical_actual_service,2016-12-31,https://mof.ge/en/fl/sakartvelos_sakhelmtsifo_valis_statistikuri_biuleteni,https://mof.ge/files/download/PublicSectorDebtN7ENGMay2017.pdf/d8812ef3-d563-4447-b35e-8a0a0b812056,2026-09-01,official/public-debt-bulletin-n7.pdf,0FC59178E8910028A7773EE03E55EAE97AF4AC1E425F928544D87B0522CC66DA,1925033,2013,2016,2013,2016,External Government Debt principal and interest paid for 2013-2016.
mof_public_debt_bulletin_n13,Public Debt of Georgia Statistical Bulletin N13,Ministry of Finance of Georgia,canonical_stock|canonical_actual_service,2019-12-31,https://mof.ge/en/fl/sakartvelos_sakhelmtsifo_valis_statistikuri_biuleteni,https://mof.ge/files/download/N13ENG.pdf/78e85ff9-d592-4359-936a-b4874d3ebd1a,2026-09-01,official/public-debt-bulletin-n13.pdf,BB27879C4EDD5D24D8246E2EC05F1E1DBE7F8374FE09BC673397184060E19CC2,4726509,2013,2019,2013,2019,Government Debt stock for 2013-2014 and External Government Debt principal and interest paid for 2017-2019.
mof_public_debt_bulletin_n19,Public Debt of Georgia Statistical Bulletin N19,Ministry of Finance of Georgia,canonical_actual_service,2022-12-31,https://mof.ge/en/fl/sakartvelos_sakhelmtsifo_valis_statistikuri_biuleteni,https://mof.ge/files/download/N19ENG.pdf/87b685f6-5e38-41ec-b777-b9e499ab6eca,2026-09-01,official/public-debt-bulletin-n19.pdf,07BF09C8B3CFEC8FEBD9FDE89CC8BD40E7F2876B836A2B8459692CABC4A9D8BF,3256246,2014,2022,2020,2022,External Government Debt principal and interest paid for 2020-2022; overlapping stock is a control.
mof_public_debt_bulletin_n25,Public Debt of Georgia Statistical Bulletin N25,Ministry of Finance of Georgia,canonical_stock|canonical_actual_service|canonical_forecast,2025-12-31,https://mof.ge/en/fl/sakartvelos_sakhelmtsifo_valis_statistikuri_biuleteni,https://mof.ge/files/download/N25ENGUpdate.pdf/a8e288fa-cb9e-4028-9ae1-32f2dde1ace2,2026-09-01,official/public-debt-bulletin-n25.pdf,F4C3B267C0A351A09D723037CF666C949694FCF1764E0C3366B2EBC393AF35F0,2294087,2013,2053,2013,2030,"Government Debt stock for 2015-2025, domestic service history for 2013-2025, external service for 2023-2025, and the 2025-12-31 forecast snapshot."
mof_monthly_debt_report_2026_07,Monthly Debt Report July 2026,Ministry of Finance of Georgia,canonical_interest_rate,2026-07,https://mof.ge/en/fl/investorebtan_urtiertoba__mtavrobis_valis_koveltviuri_angarishi,https://mof.ge/files/download/Monthly%20Debt%20Report%20%20July.pdf/91fdb650-1e68-46a5-899f-a752f9811742,2026-09-01,official/monthly-debt-report-2026-07.pdf,EF71062CE4BF01042AEA5F5B9B86B783E6CF15E8D3A4A619FEE69415947FFF08,1506985,2015,2026,2015,2025,Consistent one-decimal weighted-average interest rate history for total Government Debt.
mof_debt_strategy_2019_2021,General Government Debt Management Strategy 2019-2021,Ministry of Finance of Georgia,canonical_interest_rate,2019-02,https://mof.ge/en/fl/mtavrobis_valis_martvis_strategia,https://mof.ge/files/download/DMSENG19213May2019Web.pdf/924681c3-c2cd-4455-8043-531d6ded8b5e,2026-09-01,official/debt-management-strategy-2019-2021.pdf,140D7D9BA29747773603829533060D27E7F729E0AC575319C0385E25EC489399,814323,2018,2021,2018,2018,Domestic Government Debt portfolio rate for 2018; the external figure is excluded because it does not cover the same full portfolio.
mof_debt_strategy_2022_2025,General Government Debt Management Strategy 2022-2025,Ministry of Finance of Georgia,canonical_interest_rate,2021-12,https://mof.ge/en/fl/mtavrobis_valis_martvis_strategia,https://mof.ge/files/download/General%20Government%20Debt%20Management%20Strategy%20for%2020222025.pdf/7ebce43c-ea3f-42d8-bd79-4538e5290afe,2026-09-01,official/debt-management-strategy-2022-2025.pdf,3CBB9CB715DBBC7D7F5FA7324F78B2C72801AF296533194BE7CD2911C093572C,354156,2019,2025,2019,2020,Domestic Government Debt portfolio rates for 2019-2020; external rates explicitly exclude the Eurobond and are not normalized.
mof_debt_strategy_2023_2026,General Government Debt Management Strategy 2023-2026,Ministry of Finance of Georgia,canonical_interest_rate,2023,https://mof.ge/en/fl/mtavrobis_valis_martvis_strategia,https://mof.ge/files/download/Government%20Debt%20Management%20Strategy%2020232026.pdf/b27d2e53-de14-417e-aa90-6c99794ad573,2026-09-01,official/debt-management-strategy-2023-2026.pdf,4E1FD16FB2C63289E572B38D44CAE867FF07E6100F8871E1DC9A38429F926EBB,722887,2021,2026,2021,2022,Full domestic and external Government Debt portfolio rates for 2021-2022.
mof_debt_strategy_2025_2029,General Government Debt Management Strategy 2025-2029,Ministry of Finance of Georgia,canonical_interest_rate,2025,https://mof.ge/en/fl/mtavrobis_valis_martvis_strategia,https://mof.ge/files/download/DMS%2020252029%20ENG.pdf/43e57bc8-01e2-4b71-bf3f-57f3516115f1,2026-09-01,official/debt-management-strategy-2025-2029.pdf,FEDC578DA24DD7A49219216A1369FBD7F237F23B89866C036B0F6B69F83D133A,624909,2023,2029,2023,2024,Full domestic and external Government Debt portfolio rates for 2023-2024.
mof_central_government_liabilities_control,"Central Government Debt Liabilities by Maturity, Residency, and Instrument with reference to GFSM 2001",Ministry of Finance of Georgia,control_only,2026-Q2,https://www.mof.ge/en/fl/sakhelmtsifo_finansebis_statistika__tsentraluri_khelisuflebis_valebi,https://www.mof.ge/files/download/centraluri%20xelisuflebis%20valebi%20da%20valdebulebebi.xls%20%20eng%20IIQ.xlsx/dc8cf5f0-82df-4b13-812e-25b53821df8b,2026-09-01,official/central-government-debt-liabilities-control.xlsx,F326A4ECA0ECBA67CEFDE22A07FF6AD47E2FDD19B31B93FEF686332A585D0EDC,25317,2008,2026,2019,2022,Control only: fourth-quarter 2019 and 2022 GFSM liability totals are compared but never used as normalized Government Debt values.
