series_id,geography_id,year,value,unit,estimate_basis,status,source_id,source_locator,last_reviewed_at
demography.population_density,country.georgia,2014,65.0,persons_per_km2,retro_projection,published,source.geostat_demography_density,1!V5 [2014-01-01],2026-10-03
demography.population_density,country.georgia,2015,65.1,persons_per_km2,pre_census,published,source.geostat_demography_density,1!W5 [2015-01-01],2026-10-03
demography.population_density,country.georgia,2016,65.2,persons_per_km2,pre_census,published,source.geostat_demography_density,1!X5 [2016-01-01],2026-10-03
demography.population_density,country.georgia,2017,65.2,persons_per_km2,pre_census,published,source.geostat_demography_density,1!Y5 [2017-01-01],2026-10-03
demography.population_density,country.georgia,2018,65.2,persons_per_km2,pre_census,published,source.geostat_demography_density,1!Z5 [2018-01-01],2026-10-03
demography.population_density,country.georgia,2019,65.1,persons_per_km2,pre_census,published,source.geostat_demography_density,1!AA5 [2019-01-01],2026-10-03
demography.population_density,country.georgia,2020,65.0,persons_per_km2,pre_census,published,source.geostat_demography_density,1!AB5 [2020-01-01],2026-10-03
demography.population_density,country.georgia,2021,65.2,persons_per_km2,pre_census,published,source.geostat_demography_density,1!AC5 [2021-01-01],2026-10-03
demography.population_density,country.georgia,2022,64.5,persons_per_km2,pre_census,published,source.geostat_demography_density,1!AD5 [2022-01-01],2026-10-03
demography.population_density,country.georgia,2023,65.3,persons_per_km2,pre_census,published,source.geostat_demography_density,1!AE5 [2023-01-01],2026-10-03
demography.population_density,country.georgia,2024,64.6,persons_per_km2,pre_census,published,source.geostat_demography_density,1!AF5 [2024-01-01],2026-10-03
demography.population_density,country.georgia,2025,68.7,persons_per_km2,census_based,published,source.geostat_demography_density,1!AG5 [2025-01-01],2026-10-03
demography.population_density,country.georgia,2026,68.9,persons_per_km2,census_based,published,source.geostat_demography_density,1!AH5 [2026-01-01],2026-10-03
demography.population_density,region.tbilisi,2015,2212.6,persons_per_km2,pre_census,published,source.geostat_demography_density,1!W6 [2015-01-01],2026-10-03
demography.population_density,region.tbilisi,2016,2244.9,persons_per_km2,pre_census,published,source.geostat_demography_density,1!X6 [2016-01-01],2026-10-03
demography.population_density,region.tbilisi,2017,2271.7,persons_per_km2,pre_census,published,source.geostat_demography_density,1!Y6 [2017-01-01],2026-10-03
demography.population_density,region.tbilisi,2018,2297.9,persons_per_km2,pre_census,published,source.geostat_demography_density,1!Z6 [2018-01-01],2026-10-03
demography.population_density,region.tbilisi,2019,2322.5,persons_per_km2,pre_census,published,source.geostat_demography_density,1!AA6 [2019-01-01],2026-10-03
demography.population_density,region.tbilisi,2020,2349.7,persons_per_km2,pre_census,published,source.geostat_demography_density,1!AB6 [2020-01-01],2026-10-03
demography.population_density,region.tbilisi,2021,2385.2,persons_per_km2,pre_census,published,source.geostat_demography_density,1!AC6 [2021-01-01],2026-10-03
demography.population_density,region.tbilisi,2022,2383.3,persons_per_km2,pre_census,published,source.geostat_demography_density,1!AD6 [2022-01-01],2026-10-03
demography.population_density,region.tbilisi,2023,2462.5,persons_per_km2,pre_census,published,source.geostat_demography_density,1!AE6 [2023-01-01],2026-10-03
demography.population_density,region.tbilisi,2024,2495.9,persons_per_km2,pre_census,published,source.geostat_demography_density,1!AF6 [2024-01-01],2026-10-03
demography.population_density,region.tbilisi,2025,2648.9,persons_per_km2,census_based,published,source.geostat_demography_density,1!AG6 [2025-01-01],2026-10-03
demography.population_density,region.tbilisi,2026,2715.7,persons_per_km2,census_based,published,source.geostat_demography_density,1!AH6 [2026-01-01],2026-10-03
demography.population_density,region.adjara,2015,116.1,persons_per_km2,pre_census,published,source.geostat_demography_density,1!W8 [2015-01-01],2026-10-03
demography.population_density,region.adjara,2016,117.3,persons_per_km2,pre_census,published,source.geostat_demography_density,1!X8 [2016-01-01],2026-10-03
demography.population_density,region.adjara,2017,118.3,persons_per_km2,pre_census,published,source.geostat_demography_density,1!Y8 [2017-01-01],2026-10-03
demography.population_density,region.adjara,2018,119.4,persons_per_km2,pre_census,published,source.geostat_demography_density,1!Z8 [2018-01-01],2026-10-03
demography.population_density,region.adjara,2019,120.4,persons_per_km2,pre_census,published,source.geostat_demography_density,1!AA8 [2019-01-01],2026-10-03
demography.population_density,region.adjara,2020,121.3,persons_per_km2,pre_census,published,source.geostat_demography_density,1!AB8 [2020-01-01],2026-10-03
demography.population_density,region.adjara,2021,122.4,persons_per_km2,pre_census,published,source.geostat_demography_density,1!AC8 [2021-01-01],2026-10-03
demography.population_density,region.adjara,2022,122.6,persons_per_km2,pre_census,published,source.geostat_demography_density,1!AD8 [2022-01-01],2026-10-03
demography.population_density,region.adjara,2023,124.6,persons_per_km2,pre_census,published,source.geostat_demography_density,1!AE8 [2023-01-01],2026-10-03
demography.population_density,region.adjara,2024,125.2,persons_per_km2,pre_census,published,source.geostat_demography_density,1!AF8 [2024-01-01],2026-10-03
demography.population_density,region.adjara,2025,139.3,persons_per_km2,census_based,published,source.geostat_demography_density,1!AG8 [2025-01-01],2026-10-03
demography.population_density,region.adjara,2026,142.5,persons_per_km2,census_based,published,source.geostat_demography_density,1!AH8 [2026-01-01],2026-10-03
demography.population_density,region.guria,2015,55.7,persons_per_km2,pre_census,published,source.geostat_demography_density,1!W9 [2015-01-01],2026-10-03
demography.population_density,region.guria,2016,55.3,persons_per_km2,pre_census,published,source.geostat_demography_density,1!X9 [2016-01-01],2026-10-03
demography.population_density,region.guria,2017,54.8,persons_per_km2,pre_census,published,source.geostat_demography_density,1!Y9 [2017-01-01],2026-10-03
demography.population_density,region.guria,2018,54.4,persons_per_km2,pre_census,published,source.geostat_demography_density,1!Z9 [2018-01-01],2026-10-03
demography.population_density,region.guria,2019,53.8,persons_per_km2,pre_census,published,source.geostat_demography_density,1!AA9 [2019-01-01],2026-10-03
demography.population_density,region.guria,2020,53.2,persons_per_km2,pre_census,published,source.geostat_demography_density,1!AB9 [2020-01-01],2026-10-03
demography.population_density,region.guria,2021,52.7,persons_per_km2,pre_census,published,source.geostat_demography_density,1!AC9 [2021-01-01],2026-10-03
demography.population_density,region.guria,2022,51.8,persons_per_km2,pre_census,published,source.geostat_demography_density,1!AD9 [2022-01-01],2026-10-03
demography.population_density,region.guria,2023,51.3,persons_per_km2,pre_census,published,source.geostat_demography_density,1!AE9 [2023-01-01],2026-10-03
demography.population_density,region.guria,2024,50.1,persons_per_km2,pre_census,published,source.geostat_demography_density,1!AF9 [2024-01-01],2026-10-03
demography.population_density,region.guria,2025,50.3,persons_per_km2,census_based,published,source.geostat_demography_density,1!AG9 [2025-01-01],2026-10-03
demography.population_density,region.guria,2026,49.9,persons_per_km2,census_based,published,source.geostat_demography_density,1!AH9 [2026-01-01],2026-10-03
demography.population_density,region.imereti,2015,82.8,persons_per_km2,pre_census,published,source.geostat_demography_density,1!W10 [2015-01-01],2026-10-03
demography.population_density,region.imereti,2016,81.6,persons_per_km2,pre_census,published,source.geostat_demography_density,1!X10 [2016-01-01],2026-10-03
demography.population_density,region.imereti,2017,80.2,persons_per_km2,pre_census,published,source.geostat_demography_density,1!Y10 [2017-01-01],2026-10-03
demography.population_density,region.imereti,2018,79.0,persons_per_km2,pre_census,published,source.geostat_demography_density,1!Z10 [2018-01-01],2026-10-03
demography.population_density,region.imereti,2019,77.5,persons_per_km2,pre_census,published,source.geostat_demography_density,1!AA10 [2019-01-01],2026-10-03
demography.population_density,region.imereti,2020,75.9,persons_per_km2,pre_census,published,source.geostat_demography_density,1!AB10 [2020-01-01],2026-10-03
demography.population_density,region.imereti,2021,75.1,persons_per_km2,pre_census,published,source.geostat_demography_density,1!AC10 [2021-01-01],2026-10-03
demography.population_density,region.imereti,2022,72.7,persons_per_km2,pre_census,published,source.geostat_demography_density,1!AD10 [2022-01-01],2026-10-03
demography.population_density,region.imereti,2023,72.2,persons_per_km2,pre_census,published,source.geostat_demography_density,1!AE10 [2023-01-01],2026-10-03
demography.population_density,region.imereti,2024,68.9,persons_per_km2,pre_census,published,source.geostat_demography_density,1!AF10 [2024-01-01],2026-10-03
demography.population_density,region.imereti,2025,79.3,persons_per_km2,census_based,published,source.geostat_demography_density,1!AG10 [2025-01-01],2026-10-03
demography.population_density,region.imereti,2026,76.8,persons_per_km2,census_based,published,source.geostat_demography_density,1!AH10 [2026-01-01],2026-10-03
demography.population_density,region.kakheti,2015,28.0,persons_per_km2,pre_census,published,source.geostat_demography_density,1!W11 [2015-01-01],2026-10-03
demography.population_density,region.kakheti,2016,27.9,persons_per_km2,pre_census,published,source.geostat_demography_density,1!X11 [2016-01-01],2026-10-03
demography.population_density,region.kakheti,2017,27.8,persons_per_km2,pre_census,published,source.geostat_demography_density,1!Y11 [2017-01-01],2026-10-03
demography.population_density,region.kakheti,2018,27.7,persons_per_km2,pre_census,published,source.geostat_demography_density,1!Z11 [2018-01-01],2026-10-03
demography.population_density,region.kakheti,2019,27.5,persons_per_km2,pre_census,published,source.geostat_demography_density,1!AA11 [2019-01-01],2026-10-03
demography.population_density,region.kakheti,2020,27.3,persons_per_km2,pre_census,published,source.geostat_demography_density,1!AB11 [2020-01-01],2026-10-03
demography.population_density,region.kakheti,2021,27.2,persons_per_km2,pre_census,published,source.geostat_demography_density,1!AC11 [2021-01-01],2026-10-03
demography.population_density,region.kakheti,2022,26.8,persons_per_km2,pre_census,published,source.geostat_demography_density,1!AD11 [2022-01-01],2026-10-03
demography.population_density,region.kakheti,2023,26.9,persons_per_km2,pre_census,published,source.geostat_demography_density,1!AE11 [2023-01-01],2026-10-03
demography.population_density,region.kakheti,2024,26.4,persons_per_km2,pre_census,published,source.geostat_demography_density,1!AF11 [2024-01-01],2026-10-03
demography.population_density,region.kakheti,2025,26.7,persons_per_km2,census_based,published,source.geostat_demography_density,1!AG11 [2025-01-01],2026-10-03
demography.population_density,region.kakheti,2026,26.4,persons_per_km2,census_based,published,source.geostat_demography_density,1!AH11 [2026-01-01],2026-10-03
demography.population_density,region.mtskheta_mtianeti,2015,16.8,persons_per_km2,pre_census,published,source.geostat_demography_density,1!W12 [2015-01-01],2026-10-03
demography.population_density,region.mtskheta_mtianeti,2016,16.8,persons_per_km2,pre_census,published,source.geostat_demography_density,1!X12 [2016-01-01],2026-10-03
demography.population_density,region.mtskheta_mtianeti,2017,16.8,persons_per_km2,pre_census,published,source.geostat_demography_density,1!Y12 [2017-01-01],2026-10-03
demography.population_density,region.mtskheta_mtianeti,2018,16.7,persons_per_km2,pre_census,published,source.geostat_demography_density,1!Z12 [2018-01-01],2026-10-03
demography.population_density,region.mtskheta_mtianeti,2019,16.7,persons_per_km2,pre_census,published,source.geostat_demography_density,1!AA12 [2019-01-01],2026-10-03
demography.population_density,region.mtskheta_mtianeti,2020,16.7,persons_per_km2,pre_census,published,source.geostat_demography_density,1!AB12 [2020-01-01],2026-10-03
demography.population_density,region.mtskheta_mtianeti,2021,16.7,persons_per_km2,pre_census,published,source.geostat_demography_density,1!AC12 [2021-01-01],2026-10-03
demography.population_density,region.mtskheta_mtianeti,2022,16.5,persons_per_km2,pre_census,published,source.geostat_demography_density,1!AD12 [2022-01-01],2026-10-03
demography.population_density,region.mtskheta_mtianeti,2023,16.6,persons_per_km2,pre_census,published,source.geostat_demography_density,1!AE12 [2023-01-01],2026-10-03
demography.population_density,region.mtskheta_mtianeti,2024,16.5,persons_per_km2,pre_census,published,source.geostat_demography_density,1!AF12 [2024-01-01],2026-10-03
demography.population_density,region.mtskheta_mtianeti,2025,16.8,persons_per_km2,census_based,published,source.geostat_demography_density,1!AG12 [2025-01-01],2026-10-03
demography.population_density,region.mtskheta_mtianeti,2026,16.6,persons_per_km2,census_based,published,source.geostat_demography_density,1!AH12 [2026-01-01],2026-10-03
demography.population_density,region.racha_lechkhumi_kvemo_svaneti,2015,7.0,persons_per_km2,pre_census,published,source.geostat_demography_density,1!W13 [2015-01-01],2026-10-03
demography.population_density,region.racha_lechkhumi_kvemo_svaneti,2016,6.8,persons_per_km2,pre_census,published,source.geostat_demography_density,1!X13 [2016-01-01],2026-10-03
demography.population_density,region.racha_lechkhumi_kvemo_svaneti,2017,6.7,persons_per_km2,pre_census,published,source.geostat_demography_density,1!Y13 [2017-01-01],2026-10-03
demography.population_density,region.racha_lechkhumi_kvemo_svaneti,2018,6.6,persons_per_km2,pre_census,published,source.geostat_demography_density,1!Z13 [2018-01-01],2026-10-03
demography.population_density,region.racha_lechkhumi_kvemo_svaneti,2019,6.5,persons_per_km2,pre_census,published,source.geostat_demography_density,1!AA13 [2019-01-01],2026-10-03
demography.population_density,region.racha_lechkhumi_kvemo_svaneti,2020,6.3,persons_per_km2,pre_census,published,source.geostat_demography_density,1!AB13 [2020-01-01],2026-10-03
demography.population_density,region.racha_lechkhumi_kvemo_svaneti,2021,6.2,persons_per_km2,pre_census,published,source.geostat_demography_density,1!AC13 [2021-01-01],2026-10-03
demography.population_density,region.racha_lechkhumi_kvemo_svaneti,2022,6.0,persons_per_km2,pre_census,published,source.geostat_demography_density,1!AD13 [2022-01-01],2026-10-03
demography.population_density,region.racha_lechkhumi_kvemo_svaneti,2023,5.9,persons_per_km2,pre_census,published,source.geostat_demography_density,1!AE13 [2023-01-01],2026-10-03
demography.population_density,region.racha_lechkhumi_kvemo_svaneti,2024,5.7,persons_per_km2,pre_census,published,source.geostat_demography_density,1!AF13 [2024-01-01],2026-10-03
demography.population_density,region.racha_lechkhumi_kvemo_svaneti,2025,6.5,persons_per_km2,census_based,published,source.geostat_demography_density,1!AG13 [2025-01-01],2026-10-03
demography.population_density,region.racha_lechkhumi_kvemo_svaneti,2026,6.4,persons_per_km2,census_based,published,source.geostat_demography_density,1!AH13 [2026-01-01],2026-10-03
demography.population_density,region.samegrelo_zemo_svaneti,2015,44.4,persons_per_km2,pre_census,published,source.geostat_demography_density,1!W14 [2015-01-01],2026-10-03
demography.population_density,region.samegrelo_zemo_svaneti,2016,44.0,persons_per_km2,pre_census,published,source.geostat_demography_density,1!X14 [2016-01-01],2026-10-03
demography.population_density,region.samegrelo_zemo_svaneti,2017,43.4,persons_per_km2,pre_census,published,source.geostat_demography_density,1!Y14 [2017-01-01],2026-10-03
demography.population_density,region.samegrelo_zemo_svaneti,2018,43.0,persons_per_km2,pre_census,published,source.geostat_demography_density,1!Z14 [2018-01-01],2026-10-03
demography.population_density,region.samegrelo_zemo_svaneti,2019,42.3,persons_per_km2,pre_census,published,source.geostat_demography_density,1!AA14 [2019-01-01],2026-10-03
demography.population_density,region.samegrelo_zemo_svaneti,2020,41.7,persons_per_km2,pre_census,published,source.geostat_demography_density,1!AB14 [2020-01-01],2026-10-03
demography.population_density,region.samegrelo_zemo_svaneti,2021,41.3,persons_per_km2,pre_census,published,source.geostat_demography_density,1!AC14 [2021-01-01],2026-10-03
demography.population_density,region.samegrelo_zemo_svaneti,2022,40.3,persons_per_km2,pre_census,published,source.geostat_demography_density,1!AD14 [2022-01-01],2026-10-03
demography.population_density,region.samegrelo_zemo_svaneti,2023,40.1,persons_per_km2,pre_census,published,source.geostat_demography_density,1!AE14 [2023-01-01],2026-10-03
demography.population_density,region.samegrelo_zemo_svaneti,2024,38.5,persons_per_km2,pre_census,published,source.geostat_demography_density,1!AF14 [2024-01-01],2026-10-03
demography.population_density,region.samegrelo_zemo_svaneti,2025,40.8,persons_per_km2,census_based,published,source.geostat_demography_density,1!AG14 [2025-01-01],2026-10-03
demography.population_density,region.samegrelo_zemo_svaneti,2026,39.9,persons_per_km2,census_based,published,source.geostat_demography_density,1!AH14 [2026-01-01],2026-10-03
demography.population_density,region.samtskhe_javakheti,2015,25.0,persons_per_km2,pre_census,published,source.geostat_demography_density,1!W15 [2015-01-01],2026-10-03
demography.population_density,region.samtskhe_javakheti,2016,24.8,persons_per_km2,pre_census,published,source.geostat_demography_density,1!X15 [2016-01-01],2026-10-03
demography.population_density,region.samtskhe_javakheti,2017,24.5,persons_per_km2,pre_census,published,source.geostat_demography_density,1!Y15 [2017-01-01],2026-10-03
demography.population_density,region.samtskhe_javakheti,2018,24.3,persons_per_km2,pre_census,published,source.geostat_demography_density,1!Z15 [2018-01-01],2026-10-03
demography.population_density,region.samtskhe_javakheti,2019,24.0,persons_per_km2,pre_census,published,source.geostat_demography_density,1!AA15 [2019-01-01],2026-10-03
demography.population_density,region.samtskhe_javakheti,2020,23.7,persons_per_km2,pre_census,published,source.geostat_demography_density,1!AB15 [2020-01-01],2026-10-03
demography.population_density,region.samtskhe_javakheti,2021,23.6,persons_per_km2,pre_census,published,source.geostat_demography_density,1!AC15 [2021-01-01],2026-10-03
demography.population_density,region.samtskhe_javakheti,2022,23.1,persons_per_km2,pre_census,published,source.geostat_demography_density,1!AD15 [2022-01-01],2026-10-03
demography.population_density,region.samtskhe_javakheti,2023,23.0,persons_per_km2,pre_census,published,source.geostat_demography_density,1!AE15 [2023-01-01],2026-10-03
demography.population_density,region.samtskhe_javakheti,2024,22.2,persons_per_km2,pre_census,published,source.geostat_demography_density,1!AF15 [2024-01-01],2026-10-03
demography.population_density,region.samtskhe_javakheti,2025,24.2,persons_per_km2,census_based,published,source.geostat_demography_density,1!AG15 [2025-01-01],2026-10-03
demography.population_density,region.samtskhe_javakheti,2026,24.2,persons_per_km2,census_based,published,source.geostat_demography_density,1!AH15 [2026-01-01],2026-10-03
demography.population_density,region.kvemo_kartli,2015,66.1,persons_per_km2,pre_census,published,source.geostat_demography_density,1!W16 [2015-01-01],2026-10-03
demography.population_density,region.kvemo_kartli,2016,66.5,persons_per_km2,pre_census,published,source.geostat_demography_density,1!X16 [2016-01-01],2026-10-03
demography.population_density,region.kvemo_kartli,2017,66.8,persons_per_km2,pre_census,published,source.geostat_demography_density,1!Y16 [2017-01-01],2026-10-03
demography.population_density,region.kvemo_kartli,2018,67.2,persons_per_km2,pre_census,published,source.geostat_demography_density,1!Z16 [2018-01-01],2026-10-03
demography.population_density,region.kvemo_kartli,2019,67.3,persons_per_km2,pre_census,published,source.geostat_demography_density,1!AA16 [2019-01-01],2026-10-03
demography.population_density,region.kvemo_kartli,2020,67.5,persons_per_km2,pre_census,published,source.geostat_demography_density,1!AB16 [2020-01-01],2026-10-03
demography.population_density,region.kvemo_kartli,2021,68.0,persons_per_km2,pre_census,published,source.geostat_demography_density,1!AC16 [2021-01-01],2026-10-03
demography.population_density,region.kvemo_kartli,2022,67.5,persons_per_km2,pre_census,published,source.geostat_demography_density,1!AD16 [2022-01-01],2026-10-03
demography.population_density,region.kvemo_kartli,2023,68.8,persons_per_km2,pre_census,published,source.geostat_demography_density,1!AE16 [2023-01-01],2026-10-03
demography.population_density,region.kvemo_kartli,2024,67.7,persons_per_km2,pre_census,published,source.geostat_demography_density,1!AF16 [2024-01-01],2026-10-03
demography.population_density,region.kvemo_kartli,2025,68.6,persons_per_km2,census_based,published,source.geostat_demography_density,1!AG16 [2025-01-01],2026-10-03
demography.population_density,region.kvemo_kartli,2026,68.4,persons_per_km2,census_based,published,source.geostat_demography_density,1!AH16 [2026-01-01],2026-10-03
demography.population_density,region.shida_kartli,2015,76.7,persons_per_km2,pre_census,published,source.geostat_demography_density,1!W17 [2015-01-01],2026-10-03
demography.population_density,region.shida_kartli,2016,76.4,persons_per_km2,pre_census,published,source.geostat_demography_density,1!X17 [2016-01-01],2026-10-03
demography.population_density,region.shida_kartli,2017,76.0,persons_per_km2,pre_census,published,source.geostat_demography_density,1!Y17 [2017-01-01],2026-10-03
demography.population_density,region.shida_kartli,2018,75.6,persons_per_km2,pre_census,published,source.geostat_demography_density,1!Z17 [2018-01-01],2026-10-03
demography.population_density,region.shida_kartli,2019,75.0,persons_per_km2,pre_census,published,source.geostat_demography_density,1!AA17 [2019-01-01],2026-10-03
demography.population_density,region.shida_kartli,2020,74.4,persons_per_km2,pre_census,published,source.geostat_demography_density,1!AB17 [2020-01-01],2026-10-03
demography.population_density,region.shida_kartli,2021,74.1,persons_per_km2,pre_census,published,source.geostat_demography_density,1!AC17 [2021-01-01],2026-10-03
demography.population_density,region.shida_kartli,2022,73.1,persons_per_km2,pre_census,published,source.geostat_demography_density,1!AD17 [2022-01-01],2026-10-03
demography.population_density,region.shida_kartli,2023,72.9,persons_per_km2,pre_census,published,source.geostat_demography_density,1!AE17 [2023-01-01],2026-10-03
demography.population_density,region.shida_kartli,2024,71.2,persons_per_km2,pre_census,published,source.geostat_demography_density,1!AF17 [2024-01-01],2026-10-03
demography.population_density,region.shida_kartli,2025,73.3,persons_per_km2,census_based,published,source.geostat_demography_density,1!AG17 [2025-01-01],2026-10-03
demography.population_density,region.shida_kartli,2026,72.5,persons_per_km2,census_based,published,source.geostat_demography_density,1!AH17 [2026-01-01],2026-10-03
