series_id,geography_id,year,age_group,value,unit,estimate_basis,status,source_id,source_locator,last_reviewed_at
demography.age_specific_fertility_rate,country.georgia,2014,mother_under_20,51.5,births_per_1000_women,registered,published,source.geostat_demography_fertility,1!B26 [2014],2026-10-03
demography.age_specific_fertility_rate,country.georgia,2015,mother_under_20,48.4,births_per_1000_women,registered,published,source.geostat_demography_fertility,1!B27 [2015],2026-10-03
demography.age_specific_fertility_rate,country.georgia,2016,mother_under_20,43.4,births_per_1000_women,registered,published,source.geostat_demography_fertility,1!B28 [2016],2026-10-03
demography.age_specific_fertility_rate,country.georgia,2017,mother_under_20,36.2,births_per_1000_women,registered,published,source.geostat_demography_fertility,1!B29 [2017],2026-10-03
demography.age_specific_fertility_rate,country.georgia,2018,mother_under_20,32.3,births_per_1000_women,registered,published,source.geostat_demography_fertility,1!B30 [2018],2026-10-03
demography.age_specific_fertility_rate,country.georgia,2019,mother_under_20,29.4,births_per_1000_women,registered,published,source.geostat_demography_fertility,1!B31 [2019],2026-10-03
demography.age_specific_fertility_rate,country.georgia,2020,mother_under_20,27.3,births_per_1000_women,registered,published,source.geostat_demography_fertility,1!B32 [2020],2026-10-03
demography.age_specific_fertility_rate,country.georgia,2021,mother_under_20,24.8,births_per_1000_women,registered,published,source.geostat_demography_fertility,1!B33 [2021],2026-10-03
demography.age_specific_fertility_rate,country.georgia,2022,mother_under_20,21.9,births_per_1000_women,registered,published,source.geostat_demography_fertility,1!B34 [2022],2026-10-03
demography.age_specific_fertility_rate,country.georgia,2023,mother_under_20,20.3,births_per_1000_women,registered,published,source.geostat_demography_fertility,1!B35 [2023],2026-10-03
demography.age_specific_fertility_rate,country.georgia,2024,mother_under_20,17.7,births_per_1000_women,registered,published,source.geostat_demography_fertility,1!B36 [2024],2026-10-03
demography.age_specific_fertility_rate,country.georgia,2025,mother_under_20,12.4,births_per_1000_women,registered,published,source.geostat_demography_fertility,1!B37 [2025],2026-10-03
demography.age_specific_fertility_rate,country.georgia,2014,mother_20_24,144.7,births_per_1000_women,registered,published,source.geostat_demography_fertility,1!C26 [2014],2026-10-03
demography.age_specific_fertility_rate,country.georgia,2015,mother_20_24,144.1,births_per_1000_women,registered,published,source.geostat_demography_fertility,1!C27 [2015],2026-10-03
demography.age_specific_fertility_rate,country.georgia,2016,mother_20_24,134.9,births_per_1000_women,registered,published,source.geostat_demography_fertility,1!C28 [2016],2026-10-03
demography.age_specific_fertility_rate,country.georgia,2017,mother_20_24,126.1,births_per_1000_women,registered,published,source.geostat_demography_fertility,1!C29 [2017],2026-10-03
demography.age_specific_fertility_rate,country.georgia,2018,mother_20_24,121.9,births_per_1000_women,registered,published,source.geostat_demography_fertility,1!C30 [2018],2026-10-03
demography.age_specific_fertility_rate,country.georgia,2019,mother_20_24,112.1,births_per_1000_women,registered,published,source.geostat_demography_fertility,1!C31 [2019],2026-10-03
demography.age_specific_fertility_rate,country.georgia,2020,mother_20_24,103.3,births_per_1000_women,registered,published,source.geostat_demography_fertility,1!C32 [2020],2026-10-03
demography.age_specific_fertility_rate,country.georgia,2021,mother_20_24,100.4,births_per_1000_women,registered,published,source.geostat_demography_fertility,1!C33 [2021],2026-10-03
demography.age_specific_fertility_rate,country.georgia,2022,mother_20_24,90.2,births_per_1000_women,registered,published,source.geostat_demography_fertility,1!C34 [2022],2026-10-03
demography.age_specific_fertility_rate,country.georgia,2023,mother_20_24,77.7,births_per_1000_women,registered,published,source.geostat_demography_fertility,1!C35 [2023],2026-10-03
demography.age_specific_fertility_rate,country.georgia,2024,mother_20_24,72.3,births_per_1000_women,registered,published,source.geostat_demography_fertility,1!C36 [2024],2026-10-03
demography.age_specific_fertility_rate,country.georgia,2025,mother_20_24,62.4,births_per_1000_women,registered,published,source.geostat_demography_fertility,1!C37 [2025],2026-10-03
demography.age_specific_fertility_rate,country.georgia,2014,mother_25_29,131.3,births_per_1000_women,registered,published,source.geostat_demography_fertility,1!D26 [2014],2026-10-03
demography.age_specific_fertility_rate,country.georgia,2015,mother_25_29,128.0,births_per_1000_women,registered,published,source.geostat_demography_fertility,1!D27 [2015],2026-10-03
demography.age_specific_fertility_rate,country.georgia,2016,mother_25_29,127.5,births_per_1000_women,registered,published,source.geostat_demography_fertility,1!D28 [2016],2026-10-03
demography.age_specific_fertility_rate,country.georgia,2017,mother_25_29,126.9,births_per_1000_women,registered,published,source.geostat_demography_fertility,1!D29 [2017],2026-10-03
demography.age_specific_fertility_rate,country.georgia,2018,mother_25_29,127.5,births_per_1000_women,registered,published,source.geostat_demography_fertility,1!D30 [2018],2026-10-03
demography.age_specific_fertility_rate,country.georgia,2019,mother_25_29,121.3,births_per_1000_women,registered,published,source.geostat_demography_fertility,1!D31 [2019],2026-10-03
demography.age_specific_fertility_rate,country.georgia,2020,mother_25_29,121.8,births_per_1000_women,registered,published,source.geostat_demography_fertility,1!D32 [2020],2026-10-03
demography.age_specific_fertility_rate,country.georgia,2021,mother_25_29,126.7,births_per_1000_women,registered,published,source.geostat_demography_fertility,1!D33 [2021],2026-10-03
demography.age_specific_fertility_rate,country.georgia,2022,mother_25_29,113.7,births_per_1000_women,registered,published,source.geostat_demography_fertility,1!D34 [2022],2026-10-03
demography.age_specific_fertility_rate,country.georgia,2023,mother_25_29,102.0,births_per_1000_women,registered,published,source.geostat_demography_fertility,1!D35 [2023],2026-10-03
demography.age_specific_fertility_rate,country.georgia,2024,mother_25_29,97.7,births_per_1000_women,registered,published,source.geostat_demography_fertility,1!D36 [2024],2026-10-03
demography.age_specific_fertility_rate,country.georgia,2025,mother_25_29,95.9,births_per_1000_women,registered,published,source.geostat_demography_fertility,1!D37 [2025],2026-10-03
demography.age_specific_fertility_rate,country.georgia,2014,mother_30_34,86.5,births_per_1000_women,registered,published,source.geostat_demography_fertility,1!E26 [2014],2026-10-03
demography.age_specific_fertility_rate,country.georgia,2015,mother_30_34,87.7,births_per_1000_women,registered,published,source.geostat_demography_fertility,1!E27 [2015],2026-10-03
demography.age_specific_fertility_rate,country.georgia,2016,mother_30_34,86.4,births_per_1000_women,registered,published,source.geostat_demography_fertility,1!E28 [2016],2026-10-03
demography.age_specific_fertility_rate,country.georgia,2017,mother_30_34,84.5,births_per_1000_women,registered,published,source.geostat_demography_fertility,1!E29 [2017],2026-10-03
demography.age_specific_fertility_rate,country.georgia,2018,mother_30_34,85.4,births_per_1000_women,registered,published,source.geostat_demography_fertility,1!E30 [2018],2026-10-03
demography.age_specific_fertility_rate,country.georgia,2019,mother_30_34,81.2,births_per_1000_women,registered,published,source.geostat_demography_fertility,1!E31 [2019],2026-10-03
demography.age_specific_fertility_rate,country.georgia,2020,mother_30_34,81.6,births_per_1000_women,registered,published,source.geostat_demography_fertility,1!E32 [2020],2026-10-03
demography.age_specific_fertility_rate,country.georgia,2021,mother_30_34,86.9,births_per_1000_women,registered,published,source.geostat_demography_fertility,1!E33 [2021],2026-10-03
demography.age_specific_fertility_rate,country.georgia,2022,mother_30_34,83.1,births_per_1000_women,registered,published,source.geostat_demography_fertility,1!E34 [2022],2026-10-03
demography.age_specific_fertility_rate,country.georgia,2023,mother_30_34,79.1,births_per_1000_women,registered,published,source.geostat_demography_fertility,1!E35 [2023],2026-10-03
demography.age_specific_fertility_rate,country.georgia,2024,mother_30_34,81.9,births_per_1000_women,registered,published,source.geostat_demography_fertility,1!E36 [2024],2026-10-03
demography.age_specific_fertility_rate,country.georgia,2025,mother_30_34,73.4,births_per_1000_women,registered,published,source.geostat_demography_fertility,1!E37 [2025],2026-10-03
demography.age_specific_fertility_rate,country.georgia,2014,mother_35_39,38.9,births_per_1000_women,registered,published,source.geostat_demography_fertility,1!F26 [2014],2026-10-03
demography.age_specific_fertility_rate,country.georgia,2015,mother_35_39,41.5,births_per_1000_women,registered,published,source.geostat_demography_fertility,1!F27 [2015],2026-10-03
demography.age_specific_fertility_rate,country.georgia,2016,mother_35_39,43.7,births_per_1000_women,registered,published,source.geostat_demography_fertility,1!F28 [2016],2026-10-03
demography.age_specific_fertility_rate,country.georgia,2017,mother_35_39,44.0,births_per_1000_women,registered,published,source.geostat_demography_fertility,1!F29 [2017],2026-10-03
demography.age_specific_fertility_rate,country.georgia,2018,mother_35_39,44.3,births_per_1000_women,registered,published,source.geostat_demography_fertility,1!F30 [2018],2026-10-03
demography.age_specific_fertility_rate,country.georgia,2019,mother_35_39,44.6,births_per_1000_women,registered,published,source.geostat_demography_fertility,1!F31 [2019],2026-10-03
demography.age_specific_fertility_rate,country.georgia,2020,mother_35_39,44.4,births_per_1000_women,registered,published,source.geostat_demography_fertility,1!F32 [2020],2026-10-03
demography.age_specific_fertility_rate,country.georgia,2021,mother_35_39,44.8,births_per_1000_women,registered,published,source.geostat_demography_fertility,1!F33 [2021],2026-10-03
demography.age_specific_fertility_rate,country.georgia,2022,mother_35_39,42.9,births_per_1000_women,registered,published,source.geostat_demography_fertility,1!F34 [2022],2026-10-03
demography.age_specific_fertility_rate,country.georgia,2023,mother_35_39,43.8,births_per_1000_women,registered,published,source.geostat_demography_fertility,1!F35 [2023],2026-10-03
demography.age_specific_fertility_rate,country.georgia,2024,mother_35_39,44.9,births_per_1000_women,registered,published,source.geostat_demography_fertility,1!F36 [2024],2026-10-03
demography.age_specific_fertility_rate,country.georgia,2025,mother_35_39,42.5,births_per_1000_women,registered,published,source.geostat_demography_fertility,1!F37 [2025],2026-10-03
demography.age_specific_fertility_rate,country.georgia,2014,mother_40_44,9.2,births_per_1000_women,registered,published,source.geostat_demography_fertility,1!G26 [2014],2026-10-03
demography.age_specific_fertility_rate,country.georgia,2015,mother_40_44,10.6,births_per_1000_women,registered,published,source.geostat_demography_fertility,1!G27 [2015],2026-10-03
demography.age_specific_fertility_rate,country.georgia,2016,mother_40_44,11.2,births_per_1000_women,registered,published,source.geostat_demography_fertility,1!G28 [2016],2026-10-03
demography.age_specific_fertility_rate,country.georgia,2017,mother_40_44,10.5,births_per_1000_women,registered,published,source.geostat_demography_fertility,1!G29 [2017],2026-10-03
demography.age_specific_fertility_rate,country.georgia,2018,mother_40_44,11.0,births_per_1000_women,registered,published,source.geostat_demography_fertility,1!G30 [2018],2026-10-03
demography.age_specific_fertility_rate,country.georgia,2019,mother_40_44,12.4,births_per_1000_women,registered,published,source.geostat_demography_fertility,1!G31 [2019],2026-10-03
demography.age_specific_fertility_rate,country.georgia,2020,mother_40_44,13.3,births_per_1000_women,registered,published,source.geostat_demography_fertility,1!G32 [2020],2026-10-03
demography.age_specific_fertility_rate,country.georgia,2021,mother_40_44,12.1,births_per_1000_women,registered,published,source.geostat_demography_fertility,1!G33 [2021],2026-10-03
demography.age_specific_fertility_rate,country.georgia,2022,mother_40_44,11.6,births_per_1000_women,registered,published,source.geostat_demography_fertility,1!G34 [2022],2026-10-03
demography.age_specific_fertility_rate,country.georgia,2023,mother_40_44,14.4,births_per_1000_women,registered,published,source.geostat_demography_fertility,1!G35 [2023],2026-10-03
demography.age_specific_fertility_rate,country.georgia,2024,mother_40_44,15.6,births_per_1000_women,registered,published,source.geostat_demography_fertility,1!G36 [2024],2026-10-03
demography.age_specific_fertility_rate,country.georgia,2025,mother_40_44,14.7,births_per_1000_women,registered,published,source.geostat_demography_fertility,1!G37 [2025],2026-10-03
demography.age_specific_fertility_rate,country.georgia,2014,mother_45_54,0.7,births_per_1000_women,registered,published,source.geostat_demography_fertility,1!H26 [2014],2026-10-03
demography.age_specific_fertility_rate,country.georgia,2015,mother_45_54,0.7,births_per_1000_women,registered,published,source.geostat_demography_fertility,1!H27 [2015],2026-10-03
demography.age_specific_fertility_rate,country.georgia,2016,mother_45_54,0.8,births_per_1000_women,registered,published,source.geostat_demography_fertility,1!H28 [2016],2026-10-03
demography.age_specific_fertility_rate,country.georgia,2017,mother_45_54,0.5,births_per_1000_women,registered,published,source.geostat_demography_fertility,1!H29 [2017],2026-10-03
demography.age_specific_fertility_rate,country.georgia,2018,mother_45_54,0.6,births_per_1000_women,registered,published,source.geostat_demography_fertility,1!H30 [2018],2026-10-03
demography.age_specific_fertility_rate,country.georgia,2019,mother_45_54,1.5,births_per_1000_women,registered,published,source.geostat_demography_fertility,1!H31 [2019],2026-10-03
demography.age_specific_fertility_rate,country.georgia,2020,mother_45_54,1.7,births_per_1000_women,registered,published,source.geostat_demography_fertility,1!H32 [2020],2026-10-03
demography.age_specific_fertility_rate,country.georgia,2021,mother_45_54,0.8,births_per_1000_women,registered,published,source.geostat_demography_fertility,1!H33 [2021],2026-10-03
demography.age_specific_fertility_rate,country.georgia,2022,mother_45_54,1.1,births_per_1000_women,registered,published,source.geostat_demography_fertility,1!H34 [2022],2026-10-03
demography.age_specific_fertility_rate,country.georgia,2023,mother_45_54,2.7,births_per_1000_women,registered,published,source.geostat_demography_fertility,1!H35 [2023],2026-10-03
demography.age_specific_fertility_rate,country.georgia,2024,mother_45_54,3.8,births_per_1000_women,registered,published,source.geostat_demography_fertility,1!H36 [2024],2026-10-03
demography.age_specific_fertility_rate,country.georgia,2025,mother_45_54,4.0,births_per_1000_women,registered,published,source.geostat_demography_fertility,1!H37 [2025],2026-10-03
