year,side,item_id,amount_gel,basis,source_id,official_institution,official_program,official_subprogram,public_spending_field_id,mapping_confidence,mapping_notes
2020,expenditure,spending.social_protection,4456406387,actual,source.mof_2020_expenditure_pdf_e11_plus_tavi6_supplement_actual,Multiple official rows,,,spending.social_protection,high,PDF mapped rows: 1; workbook financial-asset/liability supplement rows: 0
2020,expenditure,spending.health,1804864076,actual,source.mof_2020_expenditure_pdf_e11_plus_tavi6_supplement_actual,Multiple official rows,,,spending.health,high,PDF mapped rows: 1; workbook financial-asset/liability supplement rows: 0
2020,expenditure,spending.education,1491663943,actual,source.mof_2020_expenditure_pdf_e11_plus_tavi6_supplement_actual,Multiple official rows,,,spending.education,high,PDF mapped rows: 1; workbook financial-asset/liability supplement rows: 0
2020,expenditure,spending.defence,889464979,actual,source.mof_2020_expenditure_pdf_e11_plus_tavi6_supplement_actual,Multiple official rows,,,spending.defence,high,PDF mapped rows: 1; workbook financial-asset/liability supplement rows: 0
2020,expenditure,spending.public_order_safety,1236941727,actual,source.mof_2020_expenditure_pdf_e11_plus_tavi6_supplement_actual,Multiple official rows,,,spending.public_order_safety,high,PDF mapped rows: 1; workbook financial-asset/liability supplement rows: 0
2020,expenditure,spending.infrastructure_regional_development,2687665459,actual,source.mof_2020_expenditure_pdf_e11_plus_tavi6_supplement_actual,Multiple official rows,,,spending.infrastructure_regional_development,medium,PDF mapped rows: 3; workbook financial-asset/liability supplement rows: 14
2020,expenditure,spending.economic_affairs,592868193,actual,source.mof_2020_expenditure_pdf_e11_plus_tavi6_supplement_actual,Multiple official rows,,,spending.economic_affairs,medium,PDF mapped rows: 5; workbook financial-asset/liability supplement rows: 0
2020,expenditure,spending.agriculture_environment,521990440,actual,source.mof_2020_expenditure_pdf_e11_plus_tavi6_supplement_actual,Multiple official rows,,,spending.agriculture_environment,high,PDF mapped rows: 2; workbook financial-asset/liability supplement rows: 0
2020,expenditure,spending.culture,209060529,actual,source.mof_2020_expenditure_pdf_e11_plus_tavi6_supplement_actual,Multiple official rows,,,spending.culture,medium,PDF mapped rows: 4; workbook financial-asset/liability supplement rows: 2
2020,expenditure,spending.sport,92930991,actual,source.mof_2020_expenditure_pdf_e11_plus_tavi6_supplement_actual,Multiple official rows,,,spending.sport,high,PDF mapped rows: 1; workbook financial-asset/liability supplement rows: 0
2020,expenditure,spending.general_public_services,481770004,actual,source.mof_2020_expenditure_pdf_e11_plus_tavi6_supplement_actual,Multiple official rows,,,spending.general_public_services,medium,PDF mapped rows: 3; workbook financial-asset/liability supplement rows: 0
2020,expenditure,spending.debt_service,1709009239,actual,source.mof_2020_expenditure_pdf_e11_plus_tavi6_supplement_actual,Multiple official rows,,,spending.debt_service,medium,PDF mapped rows: 1; workbook financial-asset/liability supplement rows: 2
2020,expenditure,spending.other_unclassified,0,actual,source.mof_2020_expenditure_pdf_e11_plus_tavi6_supplement_actual,Multiple official rows,,,spending.other_unclassified,high,PDF mapped rows: 0; workbook financial-asset/liability supplement rows: 0