year,frequency,dimension,group_id,group_label_en,indicator_id,unit,value,published_value,basis,value_status,methodology_epoch,role,source_id,source_sheet,source_cell,source_group_label,source_label,source_number_format,sex
2020,annual,long_term,men,Men,long_term_unemployed,thousand_persons,54.441293452972822,54.4,actual,survey_estimate,ilo19_20,primary,geostat_lfs_annual_long_term,1,B13,Men,Number of long-term unemployed,"#,##0.0",men
2020,annual,long_term,men,Men,long_term_unemployed_share,percent,30.921685225165362,30.9,actual,survey_estimate,ilo19_20,primary,geostat_lfs_annual_long_term,1,B15,Men,Share of long-term unemployed in unemployed persons (%),"#,##0.0",men
2020,annual,long_term,men,Men,long_term_unemployment_rate,percent,6.2501791642820468,6.3,actual,survey_estimate,ilo19_20,primary,geostat_lfs_annual_long_term,1,B14,Men,Long-term unemployment rate,"#,##0.0",men
2020,annual,long_term,georgia,Total,long_term_unemployed,thousand_persons,87.847782045249517,87.8,actual,survey_estimate,ilo19_20,primary,geostat_lfs_annual_long_term,1,B5,Total,Number of long-term unemployed,"#,##0.0",total
2020,annual,long_term,georgia,Total,long_term_unemployed_share,percent,31.164105101399691,31.2,actual,survey_estimate,ilo19_20,primary,geostat_lfs_annual_long_term,1,B7,Total,Share of long-term unemployeds in unemployed persons (%),"#,##0.0",total
2020,annual,long_term,georgia,Total,long_term_unemployment_rate,percent,5.7653774193056995,5.8,actual,survey_estimate,ilo19_20,primary,geostat_lfs_annual_long_term,1,B6,Total,Long-term unemployment rate,"#,##0.0",total
2020,annual,long_term,women,Women,long_term_unemployed,thousand_persons,33.40648859227683,33.4,actual,survey_estimate,ilo19_20,primary,geostat_lfs_annual_long_term,1,B9,Women,Number of long-term unemployed,"#,##0.0",women
2020,annual,long_term,women,Women,long_term_unemployed_share,percent,31.567417648096221,31.6,actual,survey_estimate,ilo19_20,primary,geostat_lfs_annual_long_term,1,B11,Women,Share of long-term unemployed in unemployed persons (%),"#,##0.0",women
2020,annual,long_term,women,Women,long_term_unemployment_rate,percent,5.1183809374940132,5.1,actual,survey_estimate,ilo19_20,primary,geostat_lfs_annual_long_term,1,B10,Women,Long-term unemployment rate,"#,##0.0",women
2021,annual,long_term,men,Men,long_term_unemployed,thousand_persons,66.830527450536508,66.8,actual,survey_estimate,ilo19_20,primary,geostat_lfs_annual_long_term,1,C13,Men,Number of long-term unemployed,"#,##0.0",men
2021,annual,long_term,men,Men,long_term_unemployed_share,percent,33.38135930854218,33.4,actual,survey_estimate,ilo19_20,primary,geostat_lfs_annual_long_term,1,C15,Men,Share of long-term unemployed in unemployed persons (%),"#,##0.0",men
2021,annual,long_term,men,Men,long_term_unemployment_rate,percent,7.584269795048689,7.6,actual,survey_estimate,ilo19_20,primary,geostat_lfs_annual_long_term,1,C14,Men,Long-term unemployment rate,"#,##0.0",men
2021,annual,long_term,georgia,Total,long_term_unemployed,thousand_persons,109.95570839853761,110.0,actual,survey_estimate,ilo19_20,primary,geostat_lfs_annual_long_term,1,C5,Total,Number of long-term unemployed,"#,##0.0",total
2021,annual,long_term,georgia,Total,long_term_unemployed_share,percent,34.774570010269599,34.8,actual,survey_estimate,ilo19_20,primary,geostat_lfs_annual_long_term,1,C7,Total,Share of long-term unemployeds in unemployed persons (%),"#,##0.0",total
2021,annual,long_term,georgia,Total,long_term_unemployment_rate,percent,7.1697164231903736,7.2,actual,survey_estimate,ilo19_20,primary,geostat_lfs_annual_long_term,1,C6,Total,Long-term unemployment rate,"#,##0.0",total
2021,annual,long_term,women,Women,long_term_unemployed,thousand_persons,43.125180948001301,43.1,actual,survey_estimate,ilo19_20,primary,geostat_lfs_annual_long_term,1,C9,Women,Number of long-term unemployed,"#,##0.0",women
2021,annual,long_term,women,Women,long_term_unemployed_share,percent,37.179250461640926,37.2,actual,survey_estimate,ilo19_20,primary,geostat_lfs_annual_long_term,1,C11,Women,Share of long-term unemployed in unemployed persons (%),"#,##0.0",women
2021,annual,long_term,women,Women,long_term_unemployment_rate,percent,6.6098288231852278,6.6,actual,survey_estimate,ilo19_20,primary,geostat_lfs_annual_long_term,1,C10,Women,Long-term unemployment rate,"#,##0.0",women
2022,annual,long_term,men,Men,long_term_unemployed,thousand_persons,63.343501203482425,63.3,actual,survey_estimate,ilo19_20,primary,geostat_lfs_annual_long_term,1,D13,Men,Number of long-term unemployed,"#,##0.0",men
2022,annual,long_term,men,Men,long_term_unemployed_share,percent,37.153917313903932,37.2,actual,survey_estimate,ilo19_20,primary,geostat_lfs_annual_long_term,1,D15,Men,Share of long-term unemployed in unemployed persons (%),"#,##0.0",men
2022,annual,long_term,men,Men,long_term_unemployment_rate,percent,7.1552767337047598,7.2,actual,survey_estimate,ilo19_20,primary,geostat_lfs_annual_long_term,1,D14,Men,Long-term unemployment rate,"#,##0.0",men
2022,annual,long_term,georgia,Total,long_term_unemployed,thousand_persons,103.16344430351593,103.2,actual,survey_estimate,ilo19_20,primary,geostat_lfs_annual_long_term,1,D5,Total,Number of long-term unemployed,"#,##0.0",total
2022,annual,long_term,georgia,Total,long_term_unemployed_share,percent,38.512955324926622,38.5,actual,survey_estimate,ilo19_20,primary,geostat_lfs_annual_long_term,1,D7,Total,Share of long-term unemployeds in unemployed persons (%),"#,##0.0",total
2022,annual,long_term,georgia,Total,long_term_unemployment_rate,percent,6.6489571553640214,6.6,actual,survey_estimate,ilo19_20,primary,geostat_lfs_annual_long_term,1,D6,Total,Long-term unemployment rate,"#,##0.0",total
2022,annual,long_term,women,Women,long_term_unemployed,thousand_persons,39.819943100033463,39.8,actual,survey_estimate,ilo19_20,primary,geostat_lfs_annual_long_term,1,D9,Women,Number of long-term unemployed,"#,##0.0",women
2022,annual,long_term,women,Women,long_term_unemployed_share,percent,40.892373309256435,40.9,actual,survey_estimate,ilo19_20,primary,geostat_lfs_annual_long_term,1,D11,Women,Share of long-term unemployed in unemployed persons (%),"#,##0.0",women
2022,annual,long_term,women,Women,long_term_unemployment_rate,percent,5.9762466237300549,6.0,actual,survey_estimate,ilo19_20,primary,geostat_lfs_annual_long_term,1,D10,Women,Long-term unemployment rate,"#,##0.0",women
2023,annual,long_term,men,Men,long_term_unemployed,thousand_persons,65.393748669857217,65.4,actual,survey_estimate,ilo19_20,primary,geostat_lfs_annual_long_term,1,E13,Men,Number of long-term unemployed,"#,##0.0",men
2023,annual,long_term,men,Men,long_term_unemployed_share,percent,39.685048529912372,39.7,actual,survey_estimate,ilo19_20,primary,geostat_lfs_annual_long_term,1,E15,Men,Share of long-term unemployed in unemployed persons (%),"#,##0.0",men
2023,annual,long_term,men,Men,long_term_unemployment_rate,percent,7.2535785606819791,7.3,actual,survey_estimate,ilo19_20,primary,geostat_lfs_annual_long_term,1,E14,Men,Long-term unemployment rate,"#,##0.0",men
2023,annual,long_term,georgia,Total,long_term_unemployed,thousand_persons,103.06692927125222,103.1,actual,survey_estimate,ilo19_20,primary,geostat_lfs_annual_long_term,1,E5,Total,Number of long-term unemployed,"#,##0.0",total
2023,annual,long_term,georgia,Total,long_term_unemployed_share,percent,39.377445453669111,39.4,actual,survey_estimate,ilo19_20,primary,geostat_lfs_annual_long_term,1,E7,Total,Share of long-term unemployeds in unemployed persons (%),"#,##0.0",total
2023,annual,long_term,georgia,Total,long_term_unemployment_rate,percent,6.4566157030437417,6.5,actual,survey_estimate,ilo19_20,primary,geostat_lfs_annual_long_term,1,E6,Total,Long-term unemployment rate,"#,##0.0",total
2023,annual,long_term,women,Women,long_term_unemployed,thousand_persons,37.673180601394847,37.7,actual,survey_estimate,ilo19_20,primary,geostat_lfs_annual_long_term,1,E9,Women,Number of long-term unemployed,"#,##0.0",women
2023,annual,long_term,women,Women,long_term_unemployed_share,percent,38.854675057287814,38.9,actual,survey_estimate,ilo19_20,primary,geostat_lfs_annual_long_term,1,E11,Women,Share of long-term unemployed in unemployed persons (%),"#,##0.0",women
2023,annual,long_term,women,Women,long_term_unemployment_rate,percent,5.4224597309387521,5.4,actual,survey_estimate,ilo19_20,primary,geostat_lfs_annual_long_term,1,E10,Women,Long-term unemployment rate,"#,##0.0",women
2024,annual,long_term,men,Men,long_term_unemployed,thousand_persons,52.585084741152848,52.6,actual,survey_estimate,ilo19_20,primary,geostat_lfs_annual_long_term,1,F13,Men,Number of long-term unemployed,"#,##0.0",men
2024,annual,long_term,men,Men,long_term_unemployed_share,percent,35.72047411244499,35.7,actual,survey_estimate,ilo19_20,primary,geostat_lfs_annual_long_term,1,F15,Men,Share of long-term unemployed in unemployed persons (%),"#,##0.0",men
2024,annual,long_term,men,Men,long_term_unemployment_rate,percent,5.7595815374048929,5.8,actual,survey_estimate,ilo19_20,primary,geostat_lfs_annual_long_term,1,F14,Men,Long-term unemployment rate,"#,##0.0",men
2024,annual,long_term,georgia,Total,long_term_unemployed,thousand_persons,81.738789861091391,81.7,actual,survey_estimate,ilo19_20,primary,geostat_lfs_annual_long_term,1,F5,Total,Number of long-term unemployed,"#,##0.0",total
2024,annual,long_term,georgia,Total,long_term_unemployed_share,percent,36.007597583787096,36.0,actual,survey_estimate,ilo19_20,primary,geostat_lfs_annual_long_term,1,F7,Total,Share of long-term unemployeds in unemployed persons (%),"#,##0.0",total
2024,annual,long_term,georgia,Total,long_term_unemployment_rate,percent,5.0163004146220596,5.0,actual,survey_estimate,ilo19_20,primary,geostat_lfs_annual_long_term,1,F6,Total,Long-term unemployment rate,"#,##0.0",total
2024,annual,long_term,women,Women,long_term_unemployed,thousand_persons,29.15370511993855,29.2,actual,survey_estimate,ilo19_20,primary,geostat_lfs_annual_long_term,1,F9,Women,Number of long-term unemployed,"#,##0.0",women
2024,annual,long_term,women,Women,long_term_unemployed_share,percent,36.537330694035965,36.5,actual,survey_estimate,ilo19_20,primary,geostat_lfs_annual_long_term,1,F11,Women,Share of long-term unemployed in unemployed persons (%),"#,##0.0",women
2024,annual,long_term,women,Women,long_term_unemployment_rate,percent,4.0691221550834342,4.1,actual,survey_estimate,ilo19_20,primary,geostat_lfs_annual_long_term,1,F10,Women,Long-term unemployment rate,0.0,women
2025,annual,long_term,men,Men,long_term_unemployed,thousand_persons,49.589514696322617,49.6,actual,survey_estimate,ilo19_20,primary,geostat_lfs_annual_long_term,1,G13,Men,Number of long-term unemployed,"#,##0.0",men
2025,annual,long_term,men,Men,long_term_unemployed_share,percent,34.296769596382795,34.3,actual,survey_estimate,ilo19_20,primary,geostat_lfs_annual_long_term,1,G15,Men,Share of long-term unemployed in unemployed persons (%),"#,##0.0",men
2025,annual,long_term,men,Men,long_term_unemployment_rate,percent,5.4210033577272201,5.4,actual,survey_estimate,ilo19_20,primary,geostat_lfs_annual_long_term,1,G14,Men,Long-term unemployment rate,"#,##0.0",men
2025,annual,long_term,georgia,Total,long_term_unemployed,thousand_persons,79.433192008957647,79.4,actual,survey_estimate,ilo19_20,primary,geostat_lfs_annual_long_term,1,G5,Total,Number of long-term unemployed,"#,##0.0",total
2025,annual,long_term,georgia,Total,long_term_unemployed_share,percent,35.461509128492644,35.5,actual,survey_estimate,ilo19_20,primary,geostat_lfs_annual_long_term,1,G7,Total,Share of long-term unemployeds in unemployed persons (%),"#,##0.0",total
2025,annual,long_term,georgia,Total,long_term_unemployment_rate,percent,4.9225761908024923,4.9,actual,survey_estimate,ilo19_20,primary,geostat_lfs_annual_long_term,1,G6,Total,Long-term unemployment rate,"#,##0.0",total
2025,annual,long_term,women,Women,long_term_unemployed,thousand_persons,29.843677312635013,29.8,actual,survey_estimate,ilo19_20,primary,geostat_lfs_annual_long_term,1,G9,Women,Number of long-term unemployed,"#,##0.0",women
2025,annual,long_term,women,Women,long_term_unemployed_share,percent,37.582292921734719,37.6,actual,survey_estimate,ilo19_20,primary,geostat_lfs_annual_long_term,1,G11,Women,Share of long-term unemployed in unemployed persons (%),0.0,women
2025,annual,long_term,women,Women,long_term_unemployment_rate,percent,4.2701874048726021,4.3,actual,survey_estimate,ilo19_20,primary,geostat_lfs_annual_long_term,1,G10,Women,Long-term unemployment rate,0.0,women
