table_label,geography_id,area_km2,mapping_note,reviewed_at
Georgia,country.georgia,57178.6706,"Equals the sum of the 11 region areas. Area as of March 2014 without the occupied territories, derived from Geostat's own table 03: area = 1 January 2022 population divided by the density Geostat stores unrounded for 2022, which reproduces that cell to float precision; every served density is checked against it.",2026-10-03
C. Tbilisi,region.tbilisi,504.2406,"Geostat's Tbilisi area (the commonly cited 726 km2 is not what its densities use). Derived value 504.2406304267, kept to four decimals. Area as of March 2014 without the occupied territories, derived from Geostat's own table 03: area = 1 January 2022 population divided by the density Geostat stores unrounded for 2022, which reproduces that cell to float precision; every served density is checked against it.",2026-10-03
Abkhazia A.R.,excluded,,"Occupied territory: Geostat prints '-' in every served year, and a value there stops preparation.",2026-10-03
Adjara A.R.,region.adjara,2900,"Area as of March 2014 without the occupied territories, derived from Geostat's own table 03: area = 1 January 2022 population divided by the density Geostat stores unrounded for 2022, which reproduces that cell to float precision; every served density is checked against it.",2026-10-03
Guria,region.guria,2033.2,"Area as of March 2014 without the occupied territories, derived from Geostat's own table 03: area = 1 January 2022 population divided by the density Geostat stores unrounded for 2022, which reproduces that cell to float precision; every served density is checked against it.",2026-10-03
Imereti,region.imereti,6414.7,"Area as of March 2014 without the occupied territories, derived from Geostat's own table 03: area = 1 January 2022 population divided by the density Geostat stores unrounded for 2022, which reproduces that cell to float precision; every served density is checked against it.",2026-10-03
Kakheti,region.kakheti,11375,"Area as of March 2014 without the occupied territories, derived from Geostat's own table 03: area = 1 January 2022 population divided by the density Geostat stores unrounded for 2022, which reproduces that cell to float precision; every served density is checked against it.",2026-10-03
Mtskheta-Mtianeti,region.mtskheta_mtianeti,5606,"Area as of March 2014 without the occupied territories, derived from Geostat's own table 03: area = 1 January 2022 population divided by the density Geostat stores unrounded for 2022, which reproduces that cell to float precision; every served density is checked against it.",2026-10-03
Racha-Lechkhumi and Kvemo Svaneti,region.racha_lechkhumi_kvemo_svaneti,4600,"Area as of March 2014 without the occupied territories, derived from Geostat's own table 03: area = 1 January 2022 population divided by the density Geostat stores unrounded for 2022, which reproduces that cell to float precision; every served density is checked against it.",2026-10-03
Samegrelo-Zemo Svaneti,region.samegrelo_zemo_svaneti,7468.2,"Area as of March 2014 without the occupied territories, derived from Geostat's own table 03: area = 1 January 2022 population divided by the density Geostat stores unrounded for 2022, which reproduces that cell to float precision; every served density is checked against it.",2026-10-03
Samtskhe-Javakheti,region.samtskhe_javakheti,6412.83,"Area as of March 2014 without the occupied territories, derived from Geostat's own table 03: area = 1 January 2022 population divided by the density Geostat stores unrounded for 2022, which reproduces that cell to float precision; every served density is checked against it.",2026-10-03
Kvemo kartli,region.kvemo_kartli,6436.2,"Geostat's density table writes Kvemo kartli with a lower-case k. Area as of March 2014 without the occupied territories, derived from Geostat's own table 03: area = 1 January 2022 population divided by the density Geostat stores unrounded for 2022, which reproduces that cell to float precision; every served density is checked against it.",2026-10-03
Shida kartli,region.shida_kartli,3428.3,"Geostat's density table writes Shida kartli with a lower-case k. Area as of March 2014 without the occupied territories, derived from Geostat's own table 03: area = 1 January 2022 population divided by the density Geostat stores unrounded for 2022, which reproduces that cell to float precision; every served density is checked against it.",2026-10-03
