year,source_id,functional_code,hierarchy_path,label_ka,actual_gel,public_spending_field_id,mapping_confidence,mapping_reason,include_in_public_fact,review_notes
2020,source.mof_2020_expenditure_pdf_form_e11_actual,7.1.1,"საერთო დანიშნულების სახელმწიფო მომსახურება > აღმასრულებელი და წარმომადგენლობითი ორგანოების საქმიანობის უზრუნველყოფა, ფინანსური და ფისკალური საქმიანობა, საგარეო ურთიერთობები","აღმასრულებელი და წარმომადგენლობითი ორგანოების საქმიანობის უზრუნველყოფა, ფინანსური და ფისკალური საქმიანობა, საგარეო ურთიერთობები",338286938,spending.general_public_services,medium,7.1 split: administrative government services remain in general public services,true,
2020,source.mof_2020_expenditure_pdf_form_e11_actual,7.1.3,საერთო დანიშნულების სახელმწიფო მომსახურება > საერთო დანიშნულების მომსახურება,საერთო დანიშნულების მომსახურება,50123659,spending.general_public_services,medium,7.1 split: common services remain in general public services,true,
2020,source.mof_2020_expenditure_pdf_form_e11_actual,7.1.6,საერთო დანიშნულების სახელმწიფო მომსახურება > ვალთან დაკავშირებული ოპერაციები,ვალთან დაკავშირებული ოპერაციები,767090139,spending.debt_service,high,Debt-related operations map to debt service,true,
2020,source.mof_2020_expenditure_pdf_form_e11_actual,7.1.7,საერთო დანიშნულების სახელმწიფო მომსახურება > საერთო დანიშნულების ფულადი ნაკადები მთავრობის სხვადასხვა დონეს შორის,საერთო დანიშნულების ფულადი ნაკადები მთავრობის სხვადასხვა დონეს შორის,642129355,spending.infrastructure_regional_development,medium,Intergovernmental flows include regional development programs and projects; mapped to infrastructure and regional development for the public taxonomy,true,
2020,source.mof_2020_expenditure_pdf_form_e11_actual,7.1.8,საერთო დანიშნულების სახელმწიფო მომსახურება > სხვა არაკლასიფიცირებული საქმიანობა საერთო დანიშნულების სახელმწიფო მომსახურებაში,სხვა არაკლასიფიცირებული საქმიანობა საერთო დანიშნულების სახელმწიფო მომსახურებაში,93359407,spending.general_public_services,medium,7.1 split: other general public services,true,
2020,source.mof_2020_expenditure_pdf_form_e11_actual,7.2,თავდაცვა,თავდაცვა,889464979,spending.defence,high,Direct functional category match,true,
2020,source.mof_2020_expenditure_pdf_form_e11_actual,7.3,საზოგადოებრივი წესრიგი და უსაფრთხოება,საზოგადოებრივი წესრიგი და უსაფრთხოება,1236941727,spending.public_order_safety,high,Direct functional category match,true,
2020,source.mof_2020_expenditure_pdf_form_e11_actual,7.4.1,"ეკონომიკური საქმიანობა > საერთო ეკონომიკური, კომერციული და შრომით რესურსებთან დაკავშირებული საქმიანობა","საერთო ეკონომიკური, კომერციული და შრომით რესურსებთან დაკავშირებული საქმიანობა",170136811,spending.economic_affairs,medium,7.4 split: general economic and labour-resource activity,true,
2020,source.mof_2020_expenditure_pdf_form_e11_actual,7.4.2,"ეკონომიკური საქმიანობა > სოფლის მეურნეობა, სატყეო მეურნეობა, მეთევზეობა და მონადირეობა","სოფლის მეურნეობა, სატყეო მეურნეობა, მეთევზეობა და მონადირეობა",421989639,spending.agriculture_environment,high,"Agriculture, forestry, fishing, and hunting",true,
2020,source.mof_2020_expenditure_pdf_form_e11_actual,7.4.3,ეკონომიკური საქმიანობა > სათბობი და ენერგეტიკა,სათბობი და ენერგეტიკა,81928966,spending.economic_affairs,medium,7.4 split: fuel and energy kept under economic affairs for pilot review,true,
2020,source.mof_2020_expenditure_pdf_form_e11_actual,7.4.4,"ეკონომიკური საქმიანობა > სამთომომპოვებელი და გადამამუშავებელი მრეწველობა, მშენებლობა","სამთომომპოვებელი და გადამამუშავებელი მრეწველობა, მშენებლობა",3181148,spending.economic_affairs,medium,Budget classification treats construction here as sector support and regulation; transport and communal infrastructure are covered by 7.4.5 and 7.6,true,
2020,source.mof_2020_expenditure_pdf_form_e11_actual,7.4.5,ეკონომიკური საქმიანობა > ტრანსპორტი,ტრანსპორტი,1553015984,spending.infrastructure_regional_development,high,Transport and roads map to infrastructure and regional development,true,
2020,source.mof_2020_expenditure_pdf_form_e11_actual,7.4.7,ეკონომიკური საქმიანობა > ეკონომიკის სხვა დარგები,ეკონომიკის სხვა დარგები,311794333,spending.economic_affairs,medium,7.4 split: other economic sectors,true,
2020,source.mof_2020_expenditure_pdf_form_e11_actual,7.4.9,ეკონომიკური საქმიანობა > სხვა არაკლასიფიცირებული საქმიანობა ეკონომიკის სფეროში,სხვა არაკლასიფიცირებული საქმიანობა ეკონომიკის სფეროში,25826935,spending.economic_affairs,medium,7.4 split: other unclassified economic activity,true,
2020,source.mof_2020_expenditure_pdf_form_e11_actual,7.5,გარემოს დაცვა,გარემოს დაცვა,100000801,spending.agriculture_environment,high,Environmental protection maps to agriculture and environment,true,
2020,source.mof_2020_expenditure_pdf_form_e11_actual,7.6,საბინაო-კომუნალური მეურნეობა,საბინაო-კომუნალური მეურნეობა,114833720,spending.infrastructure_regional_development,high,Housing and communal services map to infrastructure and regional development,true,
2020,source.mof_2020_expenditure_pdf_form_e11_actual,7.7,ჯანმრთელობის დაცვა,ჯანმრთელობის დაცვა,1804864076,spending.health,high,Direct functional category match,true,
2020,source.mof_2020_expenditure_pdf_form_e11_actual,7.8.1,"დასვენება, კულტურა და რელიგია > მომსახურება დასვენებისა და სპორტის სფეროში",მომსახურება დასვენებისა და სპორტის სფეროში,92930991,spending.sport,high,7.8 split: recreation and sport services,true,
2020,source.mof_2020_expenditure_pdf_form_e11_actual,7.8.2,"დასვენება, კულტურა და რელიგია > მომსახურება კულტურის სფეროში",მომსახურება კულტურის სფეროში,96477619,spending.culture,high,7.8 split: culture services,true,
2020,source.mof_2020_expenditure_pdf_form_e11_actual,7.8.3,"დასვენება, კულტურა და რელიგია > ტელერადიომაუწყებლობა და საგამომცემლო საქმიანობა",ტელერადიომაუწყებლობა და საგამომცემლო საქმიანობა,70073147,spending.culture,medium,7.8 split: broadcasting and publishing kept under culture for pilot review,true,
2020,source.mof_2020_expenditure_pdf_form_e11_actual,7.8.4,"დასვენება, კულტურა და რელიგია > რელიგიური და სხვა სახის საზოგადოებრივი საქმიანობა",რელიგიური და სხვა სახის საზოგადოებრივი საქმიანობა,1931999,spending.culture,medium,7.8 split: religious and other public activity kept under culture for pilot review,true,
2020,source.mof_2020_expenditure_pdf_form_e11_actual,7.8.6,"დასვენება, კულტურა და რელიგია > სხვა არაკლასიფიცირებული საქმიანობა დასვენების, კულტურისა და რელიგიის სფეროში","სხვა არაკლასიფიცირებული საქმიანობა დასვენების, კულტურისა და რელიგიის სფეროში",38448664,spending.culture,medium,"7.8 split: other recreation, culture, and religion",true,
2020,source.mof_2020_expenditure_pdf_form_e11_actual,7.9,განათლება,განათლება,1491663943,spending.education,high,Direct functional category match,true,
2020,source.mof_2020_expenditure_pdf_form_e11_actual,7.10,სოციალური დაცვა,სოციალური დაცვა,4456406387,spending.social_protection,high,Direct functional category match,true,