year,source_id,code,label_ka,actual_gel,public_spending_field_id,mapping_reason
2006,source.mof_2006_expenditure_functional_old_classification_actual,1.0.0,საერთო დანიშნულების სახელმწიფო მომსახურება,397283343,spending.general_public_services,old-classification group mapped to its dominant public category
2006,source.mof_2006_expenditure_functional_old_classification_actual,2.0.0,თავდაცვა,720147945,spending.defence,old-classification group mapped to its dominant public category
2006,source.mof_2006_expenditure_functional_old_classification_actual,3.0.0,საზოგადოებრივი წესრიგი და უშიშროება,369005656,spending.public_order_safety,old-classification group mapped to its dominant public category
2006,source.mof_2006_expenditure_functional_old_classification_actual,4.0.0,განათლება,348397763,spending.education,old-classification group mapped to its dominant public category
2006,source.mof_2006_expenditure_functional_old_classification_actual,5.0.0,ჯანმრთელობის დაცვა,205459882,spending.health,old-classification group mapped to its dominant public category
2006,source.mof_2006_expenditure_functional_old_classification_actual,6.0.0,სოციალური დაზღვევა და სოციალური უზრუნველყოფა,622664712,spending.social_protection,old-classification group mapped to its dominant public category
2006,source.mof_2006_expenditure_functional_old_classification_actual,8.1.1,სპორტისა და დასვენების ორგანიზაცია,982329,spending.sport,sport carved out of the culture/sport/religion group (COFOG 7.8.1 convention)
2006,source.mof_2006_expenditure_functional_old_classification_actual,8.0.0,"საქმიანობა კულტურის, სპორტისა და რელიგიის სფეროში",70953216,spending.culture,old-classification group remainder after carve-outs mapped to its dominant public category
2006,source.mof_2006_expenditure_functional_old_classification_actual,9.0.0,სათბობ-ენერგეტიკული კომპლექსი,242712334,spending.economic_affairs,old-classification group mapped to its dominant public category
2006,source.mof_2006_expenditure_functional_old_classification_actual,10.0.0,"სოფლის მეურნეობა, სატყეო მეურნეობა, მეთევზეობა და მონადირეობა",71322821,spending.agriculture_environment,old-classification group mapped to its dominant public category
2006,source.mof_2006_expenditure_functional_old_classification_actual,11.0.0,სამთომომპოვებელი მრეწველობა და სასარგებლო წიაღისეული,110594,spending.economic_affairs,old-classification group mapped to its dominant public category
2006,source.mof_2006_expenditure_functional_old_classification_actual,12.0.0,ტრანსპორტი და კავშირგაბმულობა,181242995,spending.infrastructure_regional_development,old-classification group mapped to its dominant public category
2006,source.mof_2006_expenditure_functional_old_classification_actual,13.5.0,გარემოსა და ბუნებრივი რესურსების დაცვა,4458164,spending.agriculture_environment,environmental protection carved out of the mixed economic group (COFOG 7.5 convention)
2006,source.mof_2006_expenditure_functional_old_classification_actual,13.0.0,"გარემოსა და ბუნებრივი რესურსების დაცვა, ეკონომიკურ საქმიანობასთან დაკავშირებული სხვა საქმიანობა",15168711,spending.economic_affairs,old-classification group remainder after carve-outs mapped to its dominant public category
2006,source.mof_2006_expenditure_functional_old_classification_actual,14.1.0,ოპერაციები სახელმწიფო ვალდებულებებით,334908609,spending.debt_service,state debt operations carved out of the residual group (COFOG 7.1.6 convention)
2006,source.mof_2006_expenditure_functional_old_classification_actual,14.2.0,საერთო ხასიათის ტრანსფერები მმართველობის დონეებს შორის,217279172,spending.infrastructure_regional_development,intergovernmental transfers carved out of the residual group (COFOG 7.1.7 convention)
2006,source.mof_2006_expenditure_functional_old_classification_actual,14.0.0,"ხარჯები, რომელიც არ განეკუთვნება ძირითად განყოფილებებს",20414380,spending.other_unclassified,old-classification group remainder after carve-outs mapped to its dominant public category