indicator_id,dimension,group_id,group_label_en,sector_id,sector_label_en,year_min,year_max,year_count,gaps
average_monthly_nominal_earnings,business_sector,business,Business sector,sector.a,"Agriculture, forestry and fishing",2014,2025,12,
average_monthly_nominal_earnings,business_sector,business,Business sector,sector.b,Mining and quarrying,2014,2025,12,
average_monthly_nominal_earnings,business_sector,business,Business sector,sector.c,Manufacturing,2014,2025,12,
average_monthly_nominal_earnings,business_sector,business,Business sector,sector.d,"Electricity, gas, steam and air conditioning supply",2014,2025,12,
average_monthly_nominal_earnings,business_sector,business,Business sector,sector.e,"Water supply, sewerage, waste management and remediation activities",2014,2025,12,
average_monthly_nominal_earnings,business_sector,business,Business sector,sector.f,Construction,2014,2025,12,
average_monthly_nominal_earnings,business_sector,business,Business sector,sector.g,Wholesale and retail trade; repair of motor vehicles and motorcycles,2014,2025,12,
average_monthly_nominal_earnings,business_sector,business,Business sector,sector.h,Transportation and storage,2014,2025,12,
average_monthly_nominal_earnings,business_sector,business,Business sector,sector.i,Accommodation and food service activities,2014,2025,12,
average_monthly_nominal_earnings,business_sector,business,Business sector,sector.j,Information and communication,2014,2025,12,
average_monthly_nominal_earnings,business_sector,business,Business sector,sector.l,Real estate activities,2014,2025,12,
average_monthly_nominal_earnings,business_sector,business,Business sector,sector.m,"Professional, scientific and technical activities",2014,2025,12,
average_monthly_nominal_earnings,business_sector,business,Business sector,sector.n,Administrative and support service activities,2014,2025,12,
average_monthly_nominal_earnings,business_sector,business,Business sector,sector.p,Education,2014,2025,12,
average_monthly_nominal_earnings,business_sector,business,Business sector,sector.q,Human health and social work activities,2014,2025,12,
average_monthly_nominal_earnings,business_sector,business,Business sector,sector.r,"Arts, entertainment and recreation",2014,2025,12,
average_monthly_nominal_earnings,business_sector,business,Business sector,sector.s,Other service activities,2014,2025,12,
average_monthly_nominal_earnings,business_sector,business,Business sector,total,All economic activities,2006,2025,20,
average_monthly_nominal_earnings,business_sector,non_business,Non-business and financial sector,sector.a,"Agriculture, forestry and fishing",2014,2025,12,
average_monthly_nominal_earnings,business_sector,non_business,Non-business and financial sector,sector.k,Financial and insurance activities,2014,2025,12,
average_monthly_nominal_earnings,business_sector,non_business,Non-business and financial sector,sector.m,"Professional, scientific and technical activities",2014,2025,12,
average_monthly_nominal_earnings,business_sector,non_business,Non-business and financial sector,sector.o,Public administration and defence; compulsory social security,2014,2025,12,
average_monthly_nominal_earnings,business_sector,non_business,Non-business and financial sector,sector.p,Education,2014,2025,12,
average_monthly_nominal_earnings,business_sector,non_business,Non-business and financial sector,sector.q,Human health and social work activities,2014,2025,12,
average_monthly_nominal_earnings,business_sector,non_business,Non-business and financial sector,sector.r,"Arts, entertainment and recreation",2014,2025,12,
average_monthly_nominal_earnings,business_sector,non_business,Non-business and financial sector,sector.s,Other service activities,2014,2025,12,
average_monthly_nominal_earnings,business_sector,non_business,Non-business and financial sector,total,All economic activities,2006,2025,20,
average_monthly_nominal_earnings,national,georgia,Georgia,sector.a,"Agriculture, forestry and fishing",2014,2025,12,
average_monthly_nominal_earnings,national,georgia,Georgia,sector.b,Mining and quarrying,2014,2025,12,
average_monthly_nominal_earnings,national,georgia,Georgia,sector.c,Manufacturing,2014,2025,12,
average_monthly_nominal_earnings,national,georgia,Georgia,sector.d,"Electricity, gas, steam and air conditioning supply",2014,2025,12,
average_monthly_nominal_earnings,national,georgia,Georgia,sector.e,"Water supply, sewerage, waste management and remediation activities",2014,2025,12,
average_monthly_nominal_earnings,national,georgia,Georgia,sector.f,Construction,2014,2025,12,
average_monthly_nominal_earnings,national,georgia,Georgia,sector.g,Wholesale and retail trade; repair of motor vehicles and motorcycles,2014,2025,12,
average_monthly_nominal_earnings,national,georgia,Georgia,sector.h,Transportation and storage,2014,2025,12,
average_monthly_nominal_earnings,national,georgia,Georgia,sector.i,Accommodation and food service activities,2014,2025,12,
average_monthly_nominal_earnings,national,georgia,Georgia,sector.j,Information and communication,2014,2025,12,
average_monthly_nominal_earnings,national,georgia,Georgia,sector.k,Financial and insurance activities,2014,2025,12,
average_monthly_nominal_earnings,national,georgia,Georgia,sector.l,Real estate activities,2014,2025,12,
average_monthly_nominal_earnings,national,georgia,Georgia,sector.m,"Professional, scientific and technical activities",2014,2025,12,
average_monthly_nominal_earnings,national,georgia,Georgia,sector.n,Administrative and support service activities,2014,2025,12,
average_monthly_nominal_earnings,national,georgia,Georgia,sector.o,Public administration and defence; compulsory social security,2014,2025,12,
average_monthly_nominal_earnings,national,georgia,Georgia,sector.p,Education,2014,2025,12,
average_monthly_nominal_earnings,national,georgia,Georgia,sector.q,Human health and social work activities,2014,2025,12,
average_monthly_nominal_earnings,national,georgia,Georgia,sector.r,"Arts, entertainment and recreation",2014,2025,12,
average_monthly_nominal_earnings,national,georgia,Georgia,sector.s,Other service activities,2014,2025,12,
average_monthly_nominal_earnings,national,georgia,Georgia,total,All economic activities,1995,2025,31,
average_monthly_nominal_earnings,ownership,non_public,Non-public sector,sector.a,"Agriculture, forestry and fishing",2014,2025,12,
average_monthly_nominal_earnings,ownership,non_public,Non-public sector,sector.b,Mining and quarrying,2014,2025,12,
average_monthly_nominal_earnings,ownership,non_public,Non-public sector,sector.c,Manufacturing,2014,2025,12,
average_monthly_nominal_earnings,ownership,non_public,Non-public sector,sector.d,"Electricity, gas, steam and air conditioning supply",2014,2025,12,
average_monthly_nominal_earnings,ownership,non_public,Non-public sector,sector.e,"Water supply, sewerage, waste management and remediation activities",2014,2025,12,
average_monthly_nominal_earnings,ownership,non_public,Non-public sector,sector.f,Construction,2014,2025,12,
average_monthly_nominal_earnings,ownership,non_public,Non-public sector,sector.g,Wholesale and retail trade; repair of motor vehicles and motorcycles,2014,2025,12,
average_monthly_nominal_earnings,ownership,non_public,Non-public sector,sector.h,Transportation and storage,2014,2025,12,
average_monthly_nominal_earnings,ownership,non_public,Non-public sector,sector.i,Accommodation and food service activities,2014,2025,12,
average_monthly_nominal_earnings,ownership,non_public,Non-public sector,sector.j,Information and communication,2014,2025,12,
average_monthly_nominal_earnings,ownership,non_public,Non-public sector,sector.k,Financial and insurance activities,2014,2025,12,
average_monthly_nominal_earnings,ownership,non_public,Non-public sector,sector.l,Real estate activities,2014,2025,12,
average_monthly_nominal_earnings,ownership,non_public,Non-public sector,sector.m,"Professional, scientific and technical activities",2014,2025,12,
average_monthly_nominal_earnings,ownership,non_public,Non-public sector,sector.n,Administrative and support service activities,2014,2025,12,
average_monthly_nominal_earnings,ownership,non_public,Non-public sector,sector.p,Education,2014,2025,12,
average_monthly_nominal_earnings,ownership,non_public,Non-public sector,sector.q,Human health and social work activities,2014,2025,12,
average_monthly_nominal_earnings,ownership,non_public,Non-public sector,sector.r,"Arts, entertainment and recreation",2014,2025,12,
average_monthly_nominal_earnings,ownership,non_public,Non-public sector,sector.s,Other service activities,2014,2025,12,
average_monthly_nominal_earnings,ownership,non_public,Non-public sector,total,All economic activities,2000,2025,26,
average_monthly_nominal_earnings,ownership,public,Public sector,sector.a,"Agriculture, forestry and fishing",2014,2025,12,
average_monthly_nominal_earnings,ownership,public,Public sector,sector.b,Mining and quarrying,,,0,2014|2015|2016|2017|2018|2019|2020|2021|2022|2023|2024|2025
average_monthly_nominal_earnings,ownership,public,Public sector,sector.c,Manufacturing,2014,2025,12,
average_monthly_nominal_earnings,ownership,public,Public sector,sector.d,"Electricity, gas, steam and air conditioning supply",2014,2025,12,
average_monthly_nominal_earnings,ownership,public,Public sector,sector.e,"Water supply, sewerage, waste management and remediation activities",2014,2025,12,
average_monthly_nominal_earnings,ownership,public,Public sector,sector.f,Construction,2014,2025,12,
average_monthly_nominal_earnings,ownership,public,Public sector,sector.g,Wholesale and retail trade; repair of motor vehicles and motorcycles,2014,2025,12,
average_monthly_nominal_earnings,ownership,public,Public sector,sector.h,Transportation and storage,2014,2025,12,
average_monthly_nominal_earnings,ownership,public,Public sector,sector.i,Accommodation and food service activities,2014,2025,12,
average_monthly_nominal_earnings,ownership,public,Public sector,sector.j,Information and communication,2014,2025,12,
average_monthly_nominal_earnings,ownership,public,Public sector,sector.l,Real estate activities,2014,2025,12,
average_monthly_nominal_earnings,ownership,public,Public sector,sector.m,"Professional, scientific and technical activities",2014,2025,12,
average_monthly_nominal_earnings,ownership,public,Public sector,sector.n,Administrative and support service activities,2014,2025,12,
average_monthly_nominal_earnings,ownership,public,Public sector,sector.o,Public administration and defence; compulsory social security,2014,2025,12,
average_monthly_nominal_earnings,ownership,public,Public sector,sector.p,Education,2014,2025,12,
average_monthly_nominal_earnings,ownership,public,Public sector,sector.q,Human health and social work activities,2014,2025,12,
average_monthly_nominal_earnings,ownership,public,Public sector,sector.r,"Arts, entertainment and recreation",2014,2025,12,
average_monthly_nominal_earnings,ownership,public,Public sector,sector.s,Other service activities,2014,2025,12,
average_monthly_nominal_earnings,ownership,public,Public sector,total,All economic activities,2000,2025,26,
average_monthly_nominal_earnings,region,region.adjara,Adjara,total,All economic activities,2010,2025,16,
average_monthly_nominal_earnings,region,region.guria,Guria,total,All economic activities,2010,2025,16,
average_monthly_nominal_earnings,region,region.imereti,Imereti,total,All economic activities,2010,2025,16,
average_monthly_nominal_earnings,region,region.kakheti,Kakheti,total,All economic activities,2010,2025,16,
average_monthly_nominal_earnings,region,region.kvemo_kartli,Kvemo Kartli,total,All economic activities,2010,2025,16,
average_monthly_nominal_earnings,region,region.mtskheta_mtianeti,Mtskheta-Mtianeti,total,All economic activities,2010,2025,16,
average_monthly_nominal_earnings,region,region.racha_lechkhumi_kvemo_svaneti,Racha-Lechkhumi and Kvemo Svaneti,total,All economic activities,2010,2025,16,
average_monthly_nominal_earnings,region,region.samegrelo_zemo_svaneti,Samegrelo-Zemo Svaneti,total,All economic activities,2010,2025,16,
average_monthly_nominal_earnings,region,region.samtskhe_javakheti,Samtskhe-Javakheti,total,All economic activities,2010,2025,16,
average_monthly_nominal_earnings,region,region.shida_kartli,Shida Kartli,total,All economic activities,2010,2025,16,
average_monthly_nominal_earnings,region,region.tbilisi,Tbilisi,total,All economic activities,2010,2025,16,
average_monthly_nominal_earnings,sex,men,Men,sector.a,"Agriculture, forestry and fishing",2014,2025,12,
average_monthly_nominal_earnings,sex,men,Men,sector.b,Mining and quarrying,2014,2025,12,
average_monthly_nominal_earnings,sex,men,Men,sector.c,Manufacturing,2014,2025,12,
average_monthly_nominal_earnings,sex,men,Men,sector.d,"Electricity, gas, steam and air conditioning supply",2014,2025,12,
average_monthly_nominal_earnings,sex,men,Men,sector.e,"Water supply, sewerage, waste management and remediation activities",2014,2025,12,
average_monthly_nominal_earnings,sex,men,Men,sector.f,Construction,2014,2025,12,
average_monthly_nominal_earnings,sex,men,Men,sector.g,Wholesale and retail trade; repair of motor vehicles and motorcycles,2014,2025,12,
average_monthly_nominal_earnings,sex,men,Men,sector.h,Transportation and storage,2014,2025,12,
average_monthly_nominal_earnings,sex,men,Men,sector.i,Accommodation and food service activities,2014,2025,12,
average_monthly_nominal_earnings,sex,men,Men,sector.j,Information and communication,2014,2025,12,
average_monthly_nominal_earnings,sex,men,Men,sector.k,Financial and insurance activities,2014,2025,12,
average_monthly_nominal_earnings,sex,men,Men,sector.l,Real estate activities,2014,2025,12,
average_monthly_nominal_earnings,sex,men,Men,sector.m,"Professional, scientific and technical activities",2014,2025,12,
average_monthly_nominal_earnings,sex,men,Men,sector.n,Administrative and support service activities,2014,2025,12,
average_monthly_nominal_earnings,sex,men,Men,sector.o,Public administration and defence; compulsory social security,2014,2025,12,
average_monthly_nominal_earnings,sex,men,Men,sector.p,Education,2014,2025,12,
average_monthly_nominal_earnings,sex,men,Men,sector.q,Human health and social work activities,2014,2025,12,
average_monthly_nominal_earnings,sex,men,Men,sector.r,"Arts, entertainment and recreation",2014,2025,12,
average_monthly_nominal_earnings,sex,men,Men,sector.s,Other service activities,2014,2025,12,
average_monthly_nominal_earnings,sex,men,Men,total,All economic activities,1999,2025,27,
average_monthly_nominal_earnings,sex,women,Women,sector.a,"Agriculture, forestry and fishing",2014,2025,12,
average_monthly_nominal_earnings,sex,women,Women,sector.b,Mining and quarrying,2014,2025,12,
average_monthly_nominal_earnings,sex,women,Women,sector.c,Manufacturing,2014,2025,12,
average_monthly_nominal_earnings,sex,women,Women,sector.d,"Electricity, gas, steam and air conditioning supply",2014,2025,12,
average_monthly_nominal_earnings,sex,women,Women,sector.e,"Water supply, sewerage, waste management and remediation activities",2014,2025,12,
average_monthly_nominal_earnings,sex,women,Women,sector.f,Construction,2014,2025,12,
average_monthly_nominal_earnings,sex,women,Women,sector.g,Wholesale and retail trade; repair of motor vehicles and motorcycles,2014,2025,12,
average_monthly_nominal_earnings,sex,women,Women,sector.h,Transportation and storage,2014,2025,12,
average_monthly_nominal_earnings,sex,women,Women,sector.i,Accommodation and food service activities,2014,2025,12,
average_monthly_nominal_earnings,sex,women,Women,sector.j,Information and communication,2014,2025,12,
average_monthly_nominal_earnings,sex,women,Women,sector.k,Financial and insurance activities,2014,2025,12,
average_monthly_nominal_earnings,sex,women,Women,sector.l,Real estate activities,2014,2025,12,
average_monthly_nominal_earnings,sex,women,Women,sector.m,"Professional, scientific and technical activities",2014,2025,12,
average_monthly_nominal_earnings,sex,women,Women,sector.n,Administrative and support service activities,2014,2025,12,
average_monthly_nominal_earnings,sex,women,Women,sector.o,Public administration and defence; compulsory social security,2014,2025,12,
average_monthly_nominal_earnings,sex,women,Women,sector.p,Education,2014,2025,12,
average_monthly_nominal_earnings,sex,women,Women,sector.q,Human health and social work activities,2014,2025,12,
average_monthly_nominal_earnings,sex,women,Women,sector.r,"Arts, entertainment and recreation",2014,2025,12,
average_monthly_nominal_earnings,sex,women,Women,sector.s,Other service activities,2014,2025,12,
average_monthly_nominal_earnings,sex,women,Women,total,All economic activities,1999,2025,27,
median_monthly_earnings,national,georgia,Georgia,sector.a,"Agriculture, forestry and fishing",2018,2025,8,
median_monthly_earnings,national,georgia,Georgia,sector.b,Mining and quarrying,2018,2025,8,
median_monthly_earnings,national,georgia,Georgia,sector.c,Manufacturing,2018,2025,8,
median_monthly_earnings,national,georgia,Georgia,sector.d,"Electricity, gas, steam and air conditioning supply",2018,2025,8,
median_monthly_earnings,national,georgia,Georgia,sector.e,"Water supply, sewerage, waste management and remediation activities",2018,2025,8,
median_monthly_earnings,national,georgia,Georgia,sector.f,Construction,2018,2025,8,
median_monthly_earnings,national,georgia,Georgia,sector.g,Wholesale and retail trade; repair of motor vehicles and motorcycles,2018,2025,8,
median_monthly_earnings,national,georgia,Georgia,sector.h,Transportation and storage,2018,2025,8,
median_monthly_earnings,national,georgia,Georgia,sector.i,Accommodation and food service activities,2018,2025,8,
median_monthly_earnings,national,georgia,Georgia,sector.j,Information and communication,2018,2025,8,
median_monthly_earnings,national,georgia,Georgia,sector.k,Financial and insurance activities,2018,2025,8,
median_monthly_earnings,national,georgia,Georgia,sector.l,Real estate activities,2018,2025,8,
median_monthly_earnings,national,georgia,Georgia,sector.m,"Professional, scientific and technical activities",2018,2025,8,
median_monthly_earnings,national,georgia,Georgia,sector.n,Administrative and support service activities,2018,2025,8,
median_monthly_earnings,national,georgia,Georgia,sector.o,Public administration and defence; compulsory social security,2018,2025,8,
median_monthly_earnings,national,georgia,Georgia,sector.p,Education,2018,2025,8,
median_monthly_earnings,national,georgia,Georgia,sector.q,Human health and social work activities,2018,2025,8,
median_monthly_earnings,national,georgia,Georgia,sector.r,"Arts, entertainment and recreation",2018,2025,8,
median_monthly_earnings,national,georgia,Georgia,sector.s,Other service activities,2018,2025,8,
median_monthly_earnings,national,georgia,Georgia,total,All economic activities,2018,2025,8,
