check,key,actual,expected,difference,tolerance,passed
repeated_total,average_monthly_nominal_earnings|business_sector|business|total|2006|geostat_earnings_annual_business_sector|NACE1,285.8,285.8,0.0,0,True
repeated_total,average_monthly_nominal_earnings|business_sector|business|total|2007|geostat_earnings_annual_business_sector|NACE1,381.6,381.6,0.0,0,True
repeated_total,average_monthly_nominal_earnings|business_sector|business|total|2008|geostat_earnings_annual_business_sector|NACE1,519.8,519.8,0.0,0,True
repeated_total,average_monthly_nominal_earnings|business_sector|business|total|2009|geostat_earnings_annual_business_sector|NACE1,538.1,538.1,0.0,0,True
repeated_total,average_monthly_nominal_earnings|business_sector|business|total|2010|geostat_earnings_annual_business_sector|NACE1,592.7,592.7,0.0,0,True
repeated_total,average_monthly_nominal_earnings|business_sector|business|total|2011|geostat_earnings_annual_business_sector|NACE1,622.6,622.6,0.0,0,True
repeated_total,average_monthly_nominal_earnings|business_sector|business|total|2012|geostat_earnings_annual_business_sector|NACE1,714.3,714.3,0.0,0,True
repeated_total,average_monthly_nominal_earnings|business_sector|business|total|2013|geostat_earnings_annual_business_sector|NACE1,760.1,760.1,0.0,0,True
repeated_total,average_monthly_nominal_earnings|business_sector|business|total|2014|geostat_earnings_annual_business_sector|NACE1,800.5,800.5,0.0,0,True
repeated_total,average_monthly_nominal_earnings|business_sector|business|total|2014|geostat_earnings_annual_business_sector|NACE2,800.5,800.5,0.0,0,True
repeated_total,average_monthly_nominal_earnings|business_sector|business|total|2015|geostat_earnings_annual_business_sector|NACE1,896.8,896.8,0.0,0,True
repeated_total,average_monthly_nominal_earnings|business_sector|business|total|2015|geostat_earnings_annual_business_sector|NACE2,896.8,896.8,0.0,0,True
repeated_total,average_monthly_nominal_earnings|business_sector|business|total|2016|geostat_earnings_annual_business_sector|NACE1,938.3,938.3,0.0,0,True
repeated_total,average_monthly_nominal_earnings|business_sector|business|total|2016|geostat_earnings_annual_business_sector|NACE2,938.3,938.3,0.0,0,True
repeated_total,average_monthly_nominal_earnings|business_sector|business|total|2017|geostat_earnings_annual_business_sector|NACE1,1019.7,1019.7,0.0,0,True
repeated_total,average_monthly_nominal_earnings|business_sector|business|total|2017|geostat_earnings_annual_business_sector|NACE2,1019.7,1019.7,0.0,0,True
repeated_total,average_monthly_nominal_earnings|business_sector|business|total|2018|geostat_earnings_annual_business_sector|NACE1,1101.3,1101.3,0.0,0,True
repeated_total,average_monthly_nominal_earnings|business_sector|business|total|2018|geostat_earnings_annual_business_sector|NACE2,1101.3,1101.3,0.0,0,True
repeated_total,average_monthly_nominal_earnings|business_sector|business|total|2019|geostat_earnings_annual_business_sector|NACE1,1161.7,1161.7,0.0,0,True
repeated_total,average_monthly_nominal_earnings|business_sector|business|total|2019|geostat_earnings_annual_business_sector|NACE2,1161.7,1161.7,0.0,0,True
repeated_total,average_monthly_nominal_earnings|business_sector|business|total|2020|geostat_earnings_annual_business_sector|NACE2,1222.9,1222.9,0.0,0,True
repeated_total,average_monthly_nominal_earnings|business_sector|business|total|2021|geostat_earnings_annual_business_sector|NACE2,1347.6,1347.6,0.0,0,True
repeated_total,average_monthly_nominal_earnings|business_sector|business|total|2022|geostat_earnings_annual_business_sector|NACE2,1605.9,1605.9,0.0,0,True
repeated_total,average_monthly_nominal_earnings|business_sector|business|total|2023|geostat_earnings_annual_business_sector|NACE2,1827.3,1827.3,0.0,0,True
repeated_total,average_monthly_nominal_earnings|business_sector|business|total|2024|geostat_earnings_annual_business_sector|NACE2,2024.4,2024.4,0.0,0,True
repeated_total,average_monthly_nominal_earnings|business_sector|business|total|2025|geostat_earnings_annual_business_sector|NACE2,2198.4,2198.4,0.0,0,True
repeated_total,average_monthly_nominal_earnings|business_sector|non_business|total|2006|geostat_earnings_annual_business_sector|NACE1,265.7,265.7,0.0,0,True
repeated_total,average_monthly_nominal_earnings|business_sector|non_business|total|2007|geostat_earnings_annual_business_sector|NACE1,348.8,348.8,0.0,0,True
repeated_total,average_monthly_nominal_earnings|business_sector|non_business|total|2008|geostat_earnings_annual_business_sector|NACE1,553.2,553.2,0.0,0,True
repeated_total,average_monthly_nominal_earnings|business_sector|non_business|total|2009|geostat_earnings_annual_business_sector|NACE1,580.5,580.5,0.0,0,True
repeated_total,average_monthly_nominal_earnings|business_sector|non_business|total|2010|geostat_earnings_annual_business_sector|NACE1,603.9,603.9,0.0,0,True
repeated_total,average_monthly_nominal_earnings|business_sector|non_business|total|2011|geostat_earnings_annual_business_sector|NACE1,658.1,658.1,0.0,0,True
repeated_total,average_monthly_nominal_earnings|business_sector|non_business|total|2012|geostat_earnings_annual_business_sector|NACE1,709.5,709.5,0.0,0,True
repeated_total,average_monthly_nominal_earnings|business_sector|non_business|total|2013|geostat_earnings_annual_business_sector|NACE1,794.3,794.3,0.0,0,True
repeated_total,average_monthly_nominal_earnings|business_sector|non_business|total|2014|geostat_earnings_annual_business_sector|NACE1,847.1,847.1,0.0,0,True
repeated_total,average_monthly_nominal_earnings|business_sector|non_business|total|2014|geostat_earnings_annual_business_sector|NACE2,847.1,847.1,0.0,0,True
repeated_total,average_monthly_nominal_earnings|business_sector|non_business|total|2015|geostat_earnings_annual_business_sector|NACE1,906.4,906.4,0.0,0,True
repeated_total,average_monthly_nominal_earnings|business_sector|non_business|total|2015|geostat_earnings_annual_business_sector|NACE2,906.4,906.4,0.0,0,True
repeated_total,average_monthly_nominal_earnings|business_sector|non_business|total|2016|geostat_earnings_annual_business_sector|NACE1,943.0,943.0,0.0,0,True
repeated_total,average_monthly_nominal_earnings|business_sector|non_business|total|2016|geostat_earnings_annual_business_sector|NACE2,943.0,943.0,0.0,0,True
repeated_total,average_monthly_nominal_earnings|business_sector|non_business|total|2017|geostat_earnings_annual_business_sector|NACE1,962.7,962.7,0.0,0,True
repeated_total,average_monthly_nominal_earnings|business_sector|non_business|total|2017|geostat_earnings_annual_business_sector|NACE2,962.7,962.7,0.0,0,True
repeated_total,average_monthly_nominal_earnings|business_sector|non_business|total|2018|geostat_earnings_annual_business_sector|NACE1,1008.1,1008.1,0.0,0,True
repeated_total,average_monthly_nominal_earnings|business_sector|non_business|total|2018|geostat_earnings_annual_business_sector|NACE2,1008.1,1008.1,0.0,0,True
repeated_total,average_monthly_nominal_earnings|business_sector|non_business|total|2019|geostat_earnings_annual_business_sector|NACE1,1068.5,1068.5,0.0,0,True
repeated_total,average_monthly_nominal_earnings|business_sector|non_business|total|2019|geostat_earnings_annual_business_sector|NACE2,1068.5,1068.5,0.0,0,True
repeated_total,average_monthly_nominal_earnings|business_sector|non_business|total|2020|geostat_earnings_annual_business_sector|NACE2,1135.7,1135.7,0.0,0,True
repeated_total,average_monthly_nominal_earnings|business_sector|non_business|total|2021|geostat_earnings_annual_business_sector|NACE2,1228.0,1228.0,0.0,0,True
repeated_total,average_monthly_nominal_earnings|business_sector|non_business|total|2022|geostat_earnings_annual_business_sector|NACE2,1423.5,1423.5,0.0,0,True
repeated_total,average_monthly_nominal_earnings|business_sector|non_business|total|2023|geostat_earnings_annual_business_sector|NACE2,1649.6,1649.6,0.0,0,True
repeated_total,average_monthly_nominal_earnings|business_sector|non_business|total|2024|geostat_earnings_annual_business_sector|NACE2,1866.8,1866.8,0.0,0,True
repeated_total,average_monthly_nominal_earnings|business_sector|non_business|total|2025|geostat_earnings_annual_business_sector|NACE2,2100.5,2100.5,0.0,0,True
repeated_total,average_monthly_nominal_earnings|national|georgia|total|1998|geostat_earnings_annual_activity|NACE1,55.4,55.4,0.0,0,True
repeated_total,average_monthly_nominal_earnings|national|georgia|total|1999|geostat_earnings_annual_activity|NACE1,67.5,67.5,0.0,0,True
repeated_total,average_monthly_nominal_earnings|national|georgia|total|2000|geostat_earnings_annual_activity|NACE1,72.3,72.3,0.0,0,True
repeated_total,average_monthly_nominal_earnings|national|georgia|total|2001|geostat_earnings_annual_activity|NACE1,94.6,94.6,0.0,0,True
repeated_total,average_monthly_nominal_earnings|national|georgia|total|2002|geostat_earnings_annual_activity|NACE1,113.5,113.5,0.0,0,True
repeated_total,average_monthly_nominal_earnings|national|georgia|total|2003|geostat_earnings_annual_activity|NACE1,125.9,125.9,0.0,0,True
repeated_total,average_monthly_nominal_earnings|national|georgia|total|2004|geostat_earnings_annual_activity|NACE1,156.6,156.6,0.0,0,True
repeated_total,average_monthly_nominal_earnings|national|georgia|total|2005|geostat_earnings_annual_activity|NACE1,204.2,204.2,0.0,0,True
repeated_total,average_monthly_nominal_earnings|national|georgia|total|2006|geostat_earnings_annual_activity|NACE1,277.9,277.9,0.0,0,True
repeated_total,average_monthly_nominal_earnings|national|georgia|total|2007|geostat_earnings_annual_activity|NACE1,368.1,368.1,0.0,0,True
repeated_total,average_monthly_nominal_earnings|national|georgia|total|2008|geostat_earnings_annual_activity|NACE1,534.9,534.9,0.0,0,True
repeated_total,average_monthly_nominal_earnings|national|georgia|total|2009|geostat_earnings_annual_activity|NACE1,556.8,556.8,0.0,0,True
repeated_total,average_monthly_nominal_earnings|national|georgia|total|2010|geostat_earnings_annual_activity|NACE1,597.6,597.6,0.0,0,True
repeated_total,average_monthly_nominal_earnings|national|georgia|total|2010|geostat_earnings_annual_region|1,597.6,597.6,0.0,0,True
repeated_total,average_monthly_nominal_earnings|national|georgia|total|2011|geostat_earnings_annual_activity|NACE1,636.0,636.0,0.0,0,True
repeated_total,average_monthly_nominal_earnings|national|georgia|total|2011|geostat_earnings_annual_region|1,636.0,636.0,0.0,0,True
repeated_total,average_monthly_nominal_earnings|national|georgia|total|2012|geostat_earnings_annual_activity|NACE1,712.5,712.5,0.0,0,True
repeated_total,average_monthly_nominal_earnings|national|georgia|total|2012|geostat_earnings_annual_region|1,712.5,712.5,0.0,0,True
repeated_total,average_monthly_nominal_earnings|national|georgia|total|2013|geostat_earnings_annual_activity|NACE1,773.1,773.1,0.0,0,True
repeated_total,average_monthly_nominal_earnings|national|georgia|total|2013|geostat_earnings_annual_region|1,773.1,773.1,0.0,0,True
repeated_total,average_monthly_nominal_earnings|national|georgia|total|2014|geostat_earnings_annual_activity|NACE1,818.0,818.0,0.0,0,True
repeated_total,average_monthly_nominal_earnings|national|georgia|total|2014|geostat_earnings_annual_activity|NACE2,818.0,818.0,0.0,0,True
repeated_total,average_monthly_nominal_earnings|national|georgia|total|2014|geostat_earnings_annual_region|1,818.0,818.0,0.0,0,True
repeated_total,average_monthly_nominal_earnings|national|georgia|total|2015|geostat_earnings_annual_activity|NACE1,900.4,900.4,0.0,0,True
repeated_total,average_monthly_nominal_earnings|national|georgia|total|2015|geostat_earnings_annual_activity|NACE2,900.4,900.4,0.0,0,True
repeated_total,average_monthly_nominal_earnings|national|georgia|total|2015|geostat_earnings_annual_region|1,900.4,900.4,0.0,0,True
repeated_total,average_monthly_nominal_earnings|national|georgia|total|2016|geostat_earnings_annual_activity|NACE1,940.0,940.0,0.0,0,True
repeated_total,average_monthly_nominal_earnings|national|georgia|total|2016|geostat_earnings_annual_activity|NACE2,940.0,940.0,0.0,0,True
repeated_total,average_monthly_nominal_earnings|national|georgia|total|2016|geostat_earnings_annual_region|1,940.0,940.0,0.0,0,True
repeated_total,average_monthly_nominal_earnings|national|georgia|total|2017|geostat_earnings_annual_activity|NACE1,999.1,999.1,0.0,0,True
repeated_total,average_monthly_nominal_earnings|national|georgia|total|2017|geostat_earnings_annual_activity|NACE2,999.1,999.1,0.0,0,True
repeated_total,average_monthly_nominal_earnings|national|georgia|total|2017|geostat_earnings_annual_region|1,999.1,999.1,0.0,0,True
repeated_total,average_monthly_nominal_earnings|national|georgia|total|2018|geostat_earnings_annual_activity|NACE1,1068.3,1068.3,0.0,0,True
repeated_total,average_monthly_nominal_earnings|national|georgia|total|2018|geostat_earnings_annual_activity|NACE2,1068.3,1068.3,0.0,0,True
repeated_total,average_monthly_nominal_earnings|national|georgia|total|2018|geostat_earnings_annual_region|1,1068.3,1068.3,0.0,0,True
repeated_total,average_monthly_nominal_earnings|national|georgia|total|2019|geostat_earnings_annual_activity|NACE1,1129.5,1129.5,0.0,0,True
repeated_total,average_monthly_nominal_earnings|national|georgia|total|2019|geostat_earnings_annual_activity|NACE2,1129.5,1129.5,0.0,0,True
repeated_total,average_monthly_nominal_earnings|national|georgia|total|2019|geostat_earnings_annual_region|1,1129.5,1129.5,0.0,0,True
repeated_total,average_monthly_nominal_earnings|national|georgia|total|2020|geostat_earnings_annual_activity|NACE2,1191.0,1191.0,0.0,0,True
repeated_total,average_monthly_nominal_earnings|national|georgia|total|2020|geostat_earnings_annual_region|1,1191.0,1191.0,0.0,0,True
repeated_total,average_monthly_nominal_earnings|national|georgia|total|2021|geostat_earnings_annual_activity|NACE2,1304.5,1304.5,0.0,0,True
repeated_total,average_monthly_nominal_earnings|national|georgia|total|2021|geostat_earnings_annual_region|1,1304.5,1304.5,0.0,0,True
repeated_total,average_monthly_nominal_earnings|national|georgia|total|2022|geostat_earnings_annual_activity|NACE2,1543.0,1543.0,0.0,0,True
repeated_total,average_monthly_nominal_earnings|national|georgia|total|2022|geostat_earnings_annual_region|1,1543.0,1543.0,0.0,0,True
repeated_total,average_monthly_nominal_earnings|national|georgia|total|2023|geostat_earnings_annual_activity|NACE2,1766.8,1766.8,0.0,0,True
repeated_total,average_monthly_nominal_earnings|national|georgia|total|2023|geostat_earnings_annual_region|1,1766.8,1766.8,0.0,0,True
repeated_total,average_monthly_nominal_earnings|national|georgia|total|2024|geostat_earnings_annual_activity|NACE2,1970.8,1970.8,0.0,0,True
repeated_total,average_monthly_nominal_earnings|national|georgia|total|2024|geostat_earnings_annual_region|1,1970.8,1970.8,0.0,0,True
repeated_total,average_monthly_nominal_earnings|national|georgia|total|2025|geostat_earnings_annual_activity|NACE2,2165.2,2165.2,0.0,0,True
repeated_total,average_monthly_nominal_earnings|national|georgia|total|2025|geostat_earnings_annual_region|1,2165.2,2165.2,0.0,0,True
repeated_total,average_monthly_nominal_earnings|ownership|non_public|total|2000|geostat_earnings_annual_ownership|NACE1,94.8,94.8,0.0,0,True
repeated_total,average_monthly_nominal_earnings|ownership|non_public|total|2001|geostat_earnings_annual_ownership|NACE1,123.5,123.5,0.0,0,True
repeated_total,average_monthly_nominal_earnings|ownership|non_public|total|2002|geostat_earnings_annual_ownership|NACE1,145.1,145.1,0.0,0,True
repeated_total,average_monthly_nominal_earnings|ownership|non_public|total|2003|geostat_earnings_annual_ownership|NACE1,167.1,167.1,0.0,0,True
repeated_total,average_monthly_nominal_earnings|ownership|non_public|total|2004|geostat_earnings_annual_ownership|NACE1,190.9,190.9,0.0,0,True
repeated_total,average_monthly_nominal_earnings|ownership|non_public|total|2005|geostat_earnings_annual_ownership|NACE1,227.6,227.6,0.0,0,True
repeated_total,average_monthly_nominal_earnings|ownership|non_public|total|2006|geostat_earnings_annual_ownership|NACE1,316.3,316.3,0.0,0,True
repeated_total,average_monthly_nominal_earnings|ownership|non_public|total|2007|geostat_earnings_annual_ownership|NACE1,437.8,437.8,0.0,0,True
repeated_total,average_monthly_nominal_earnings|ownership|non_public|total|2008|geostat_earnings_annual_ownership|NACE1,603.4,603.4,0.0,0,True
repeated_total,average_monthly_nominal_earnings|ownership|non_public|total|2009|geostat_earnings_annual_ownership|NACE1,608.5,608.5,0.0,0,True
repeated_total,average_monthly_nominal_earnings|ownership|non_public|total|2010|geostat_earnings_annual_ownership|NACE1,661.1,661.1,0.0,0,True
repeated_total,average_monthly_nominal_earnings|ownership|non_public|total|2011|geostat_earnings_annual_ownership|NACE1,670.2,670.2,0.0,0,True
repeated_total,average_monthly_nominal_earnings|ownership|non_public|total|2012|geostat_earnings_annual_ownership|NACE1,748.6,748.6,0.0,0,True
repeated_total,average_monthly_nominal_earnings|ownership|non_public|total|2013|geostat_earnings_annual_ownership|NACE1,795.1,795.1,0.0,0,True
repeated_total,average_monthly_nominal_earnings|ownership|non_public|total|2014|geostat_earnings_annual_ownership|NACE1,836.4,836.4,0.0,0,True
repeated_total,average_monthly_nominal_earnings|ownership|non_public|total|2014|geostat_earnings_annual_ownership|NACE2,836.4,836.4,0.0,0,True
repeated_total,average_monthly_nominal_earnings|ownership|non_public|total|2015|geostat_earnings_annual_ownership|NACE1,945.1,945.1,0.0,0,True
repeated_total,average_monthly_nominal_earnings|ownership|non_public|total|2015|geostat_earnings_annual_ownership|NACE2,945.1,945.1,0.0,0,True
repeated_total,average_monthly_nominal_earnings|ownership|non_public|total|2016|geostat_earnings_annual_ownership|NACE1,990.9,990.9,0.0,0,True
repeated_total,average_monthly_nominal_earnings|ownership|non_public|total|2016|geostat_earnings_annual_ownership|NACE2,990.9,990.9,0.0,0,True
repeated_total,average_monthly_nominal_earnings|ownership|non_public|total|2017|geostat_earnings_annual_ownership|NACE1,1077.1,1077.1,0.0,0,True
repeated_total,average_monthly_nominal_earnings|ownership|non_public|total|2017|geostat_earnings_annual_ownership|NACE2,1077.1,1077.1,0.0,0,True
repeated_total,average_monthly_nominal_earnings|ownership|non_public|total|2018|geostat_earnings_annual_ownership|NACE1,1164.0,1164.0,0.0,0,True
repeated_total,average_monthly_nominal_earnings|ownership|non_public|total|2018|geostat_earnings_annual_ownership|NACE2,1164.0,1164.0,0.0,0,True
repeated_total,average_monthly_nominal_earnings|ownership|non_public|total|2019|geostat_earnings_annual_ownership|NACE1,1211.1,1211.1,0.0,0,True
repeated_total,average_monthly_nominal_earnings|ownership|non_public|total|2019|geostat_earnings_annual_ownership|NACE2,1211.1,1211.1,0.0,0,True
repeated_total,average_monthly_nominal_earnings|ownership|non_public|total|2020|geostat_earnings_annual_ownership|NACE2,1284.9,1284.9,0.0,0,True
repeated_total,average_monthly_nominal_earnings|ownership|non_public|total|2021|geostat_earnings_annual_ownership|NACE2,1408.7,1408.7,0.0,0,True
repeated_total,average_monthly_nominal_earnings|ownership|non_public|total|2022|geostat_earnings_annual_ownership|NACE2,1675.1,1675.1,0.0,0,True
repeated_total,average_monthly_nominal_earnings|ownership|non_public|total|2023|geostat_earnings_annual_ownership|NACE2,1907.9,1907.9,0.0,0,True
repeated_total,average_monthly_nominal_earnings|ownership|non_public|total|2024|geostat_earnings_annual_ownership|NACE2,2116.5,2116.5,0.0,0,True
repeated_total,average_monthly_nominal_earnings|ownership|non_public|total|2025|geostat_earnings_annual_ownership|NACE2,2301.0,2301.0,0.0,0,True
repeated_total,average_monthly_nominal_earnings|ownership|public|total|2000|geostat_earnings_annual_ownership|NACE1,66.6,66.6,0.0,0,True
repeated_total,average_monthly_nominal_earnings|ownership|public|total|2001|geostat_earnings_annual_ownership|NACE1,85.7,85.7,0.0,0,True
repeated_total,average_monthly_nominal_earnings|ownership|public|total|2002|geostat_earnings_annual_ownership|NACE1,104.1,104.1,0.0,0,True
repeated_total,average_monthly_nominal_earnings|ownership|public|total|2003|geostat_earnings_annual_ownership|NACE1,114.5,114.5,0.0,0,True
repeated_total,average_monthly_nominal_earnings|ownership|public|total|2004|geostat_earnings_annual_ownership|NACE1,144.3,144.3,0.0,0,True
repeated_total,average_monthly_nominal_earnings|ownership|public|total|2005|geostat_earnings_annual_ownership|NACE1,193.6,193.6,0.0,0,True
repeated_total,average_monthly_nominal_earnings|ownership|public|total|2006|geostat_earnings_annual_ownership|NACE1,249.2,249.2,0.0,0,True
repeated_total,average_monthly_nominal_earnings|ownership|public|total|2007|geostat_earnings_annual_ownership|NACE1,312.3,312.3,0.0,0,True
repeated_total,average_monthly_nominal_earnings|ownership|public|total|2008|geostat_earnings_annual_ownership|NACE1,481.3,481.3,0.0,0,True
repeated_total,average_monthly_nominal_earnings|ownership|public|total|2009|geostat_earnings_annual_ownership|NACE1,512.6,512.6,0.0,0,True
repeated_total,average_monthly_nominal_earnings|ownership|public|total|2010|geostat_earnings_annual_ownership|NACE1,539.1,539.1,0.0,0,True
repeated_total,average_monthly_nominal_earnings|ownership|public|total|2011|geostat_earnings_annual_ownership|NACE1,589.1,589.1,0.0,0,True
repeated_total,average_monthly_nominal_earnings|ownership|public|total|2012|geostat_earnings_annual_ownership|NACE1,656.1,656.1,0.0,0,True
repeated_total,average_monthly_nominal_earnings|ownership|public|total|2013|geostat_earnings_annual_ownership|NACE1,738.7,738.7,0.0,0,True
repeated_total,average_monthly_nominal_earnings|ownership|public|total|2014|geostat_earnings_annual_ownership|NACE1,788.5,788.5,0.0,0,True
repeated_total,average_monthly_nominal_earnings|ownership|public|total|2014|geostat_earnings_annual_ownership|NACE2,788.5,788.5,0.0,0,True
repeated_total,average_monthly_nominal_earnings|ownership|public|total|2015|geostat_earnings_annual_ownership|NACE1,825.6,825.6,0.0,0,True
repeated_total,average_monthly_nominal_earnings|ownership|public|total|2015|geostat_earnings_annual_ownership|NACE2,825.6,825.6,0.0,0,True
repeated_total,average_monthly_nominal_earnings|ownership|public|total|2016|geostat_earnings_annual_ownership|NACE1,855.2,855.2,0.0,0,True
repeated_total,average_monthly_nominal_earnings|ownership|public|total|2016|geostat_earnings_annual_ownership|NACE2,855.2,855.2,0.0,0,True
repeated_total,average_monthly_nominal_earnings|ownership|public|total|2017|geostat_earnings_annual_ownership|NACE1,861.2,861.2,0.0,0,True
repeated_total,average_monthly_nominal_earnings|ownership|public|total|2017|geostat_earnings_annual_ownership|NACE2,861.2,861.2,0.0,0,True
repeated_total,average_monthly_nominal_earnings|ownership|public|total|2018|geostat_earnings_annual_ownership|NACE1,892.1,892.1,0.0,0,True
repeated_total,average_monthly_nominal_earnings|ownership|public|total|2018|geostat_earnings_annual_ownership|NACE2,892.1,892.1,0.0,0,True
repeated_total,average_monthly_nominal_earnings|ownership|public|total|2019|geostat_earnings_annual_ownership|NACE1,973.7,973.7,0.0,0,True
repeated_total,average_monthly_nominal_earnings|ownership|public|total|2019|geostat_earnings_annual_ownership|NACE2,973.7,973.7,0.0,0,True
repeated_total,average_monthly_nominal_earnings|ownership|public|total|2020|geostat_earnings_annual_ownership|NACE2,1024.4,1024.4,0.0,0,True
repeated_total,average_monthly_nominal_earnings|ownership|public|total|2021|geostat_earnings_annual_ownership|NACE2,1117.2,1117.2,0.0,0,True
repeated_total,average_monthly_nominal_earnings|ownership|public|total|2022|geostat_earnings_annual_ownership|NACE2,1285.6,1285.6,0.0,0,True
repeated_total,average_monthly_nominal_earnings|ownership|public|total|2023|geostat_earnings_annual_ownership|NACE2,1487.5,1487.5,0.0,0,True
repeated_total,average_monthly_nominal_earnings|ownership|public|total|2024|geostat_earnings_annual_ownership|NACE2,1680.5,1680.5,0.0,0,True
repeated_total,average_monthly_nominal_earnings|ownership|public|total|2025|geostat_earnings_annual_ownership|NACE2,1895.4,1895.4,0.0,0,True
repeated_total,average_monthly_nominal_earnings|sex|men|total|1999|geostat_earnings_annual_sex|NACE1,90.9,90.9,0.0,0,True
repeated_total,average_monthly_nominal_earnings|sex|men|total|2000|geostat_earnings_annual_sex|NACE1,95.9,95.9,0.0,0,True
repeated_total,average_monthly_nominal_earnings|sex|men|total|2001|geostat_earnings_annual_sex|NACE1,125.2,125.2,0.0,0,True
repeated_total,average_monthly_nominal_earnings|sex|men|total|2002|geostat_earnings_annual_sex|NACE1,150.1,150.1,0.0,0,True
repeated_total,average_monthly_nominal_earnings|sex|men|total|2003|geostat_earnings_annual_sex|NACE1,163.0,163.0,0.0,0,True
repeated_total,average_monthly_nominal_earnings|sex|men|total|2004|geostat_earnings_annual_sex|NACE1,200.8,200.8,0.0,0,True
repeated_total,average_monthly_nominal_earnings|sex|men|total|2005|geostat_earnings_annual_sex|NACE1,267.9,267.9,0.0,0,True
repeated_total,average_monthly_nominal_earnings|sex|men|total|2006|geostat_earnings_annual_sex|NACE1,362.0,362.0,0.0,0,True
repeated_total,average_monthly_nominal_earnings|sex|men|total|2007|geostat_earnings_annual_sex|NACE1,475.6,475.6,0.0,0,True
repeated_total,average_monthly_nominal_earnings|sex|men|total|2008|geostat_earnings_annual_sex|NACE1,678.4,678.4,0.0,0,True
repeated_total,average_monthly_nominal_earnings|sex|men|total|2009|geostat_earnings_annual_sex|NACE1,690.8,690.8,0.0,0,True
repeated_total,average_monthly_nominal_earnings|sex|men|total|2010|geostat_earnings_annual_sex|NACE1,742.8,742.8,0.0,0,True
repeated_total,average_monthly_nominal_earnings|sex|men|total|2011|geostat_earnings_annual_sex|NACE1,771.1,771.1,0.0,0,True
repeated_total,average_monthly_nominal_earnings|sex|men|total|2012|geostat_earnings_annual_sex|NACE1,859.6,859.6,0.0,0,True
repeated_total,average_monthly_nominal_earnings|sex|men|total|2013|geostat_earnings_annual_sex|NACE1,920.3,920.3,0.0,0,True
repeated_total,average_monthly_nominal_earnings|sex|men|total|2014|geostat_earnings_annual_sex|NACE1,980.0,980.0,0.0,0,True
repeated_total,average_monthly_nominal_earnings|sex|men|total|2014|geostat_earnings_annual_sex|NACE2,980.0,980.0,0.0,0,True
repeated_total,average_monthly_nominal_earnings|sex|men|total|2015|geostat_earnings_annual_sex|NACE1,1074.3,1074.3,0.0,0,True
repeated_total,average_monthly_nominal_earnings|sex|men|total|2015|geostat_earnings_annual_sex|NACE2,1074.3,1074.3,0.0,0,True
repeated_total,average_monthly_nominal_earnings|sex|men|total|2016|geostat_earnings_annual_sex|NACE1,1116.6,1116.6,0.0,0,True
repeated_total,average_monthly_nominal_earnings|sex|men|total|2016|geostat_earnings_annual_sex|NACE2,1116.6,1116.6,0.0,0,True
repeated_total,average_monthly_nominal_earnings|sex|men|total|2017|geostat_earnings_annual_sex|NACE1,1197.4,1197.4,0.0,0,True
repeated_total,average_monthly_nominal_earnings|sex|men|total|2017|geostat_earnings_annual_sex|NACE2,1197.4,1197.4,0.0,0,True
repeated_total,average_monthly_nominal_earnings|sex|men|total|2018|geostat_earnings_annual_sex|NACE1,1280.7,1280.7,0.0,0,True
repeated_total,average_monthly_nominal_earnings|sex|men|total|2018|geostat_earnings_annual_sex|NACE2,1280.7,1280.7,0.0,0,True
repeated_total,average_monthly_nominal_earnings|sex|men|total|2019|geostat_earnings_annual_sex|NACE1,1361.8,1361.8,0.0,0,True
repeated_total,average_monthly_nominal_earnings|sex|men|total|2019|geostat_earnings_annual_sex|NACE2,1361.8,1361.8,0.0,0,True
repeated_total,average_monthly_nominal_earnings|sex|men|total|2020|geostat_earnings_annual_sex|NACE2,1407.7,1407.7,0.0,0,True
repeated_total,average_monthly_nominal_earnings|sex|men|total|2021|geostat_earnings_annual_sex|NACE2,1537.9,1537.9,0.0,0,True
repeated_total,average_monthly_nominal_earnings|sex|men|total|2022|geostat_earnings_annual_sex|NACE2,1827.0,1827.0,0.0,0,True
repeated_total,average_monthly_nominal_earnings|sex|men|total|2023|geostat_earnings_annual_sex|NACE2,2099.8,2099.8,0.0,0,True
repeated_total,average_monthly_nominal_earnings|sex|men|total|2024|geostat_earnings_annual_sex|NACE2,2340.7,2340.7,0.0,0,True
repeated_total,average_monthly_nominal_earnings|sex|men|total|2025|geostat_earnings_annual_sex|NACE2,2586.5,2586.5,0.0,0,True
repeated_total,average_monthly_nominal_earnings|sex|women|total|1999|geostat_earnings_annual_sex|NACE1,47.4,47.4,0.0,0,True
repeated_total,average_monthly_nominal_earnings|sex|women|total|2000|geostat_earnings_annual_sex|NACE1,52.1,52.1,0.0,0,True
repeated_total,average_monthly_nominal_earnings|sex|women|total|2001|geostat_earnings_annual_sex|NACE1,63.5,63.5,0.0,0,True
repeated_total,average_monthly_nominal_earnings|sex|women|total|2002|geostat_earnings_annual_sex|NACE1,75.7,75.7,0.0,0,True
repeated_total,average_monthly_nominal_earnings|sex|women|total|2003|geostat_earnings_annual_sex|NACE1,85.7,85.7,0.0,0,True
repeated_total,average_monthly_nominal_earnings|sex|women|total|2004|geostat_earnings_annual_sex|NACE1,108.3,108.3,0.0,0,True
repeated_total,average_monthly_nominal_earnings|sex|women|total|2005|geostat_earnings_annual_sex|NACE1,131.1,131.1,0.0,0,True
repeated_total,average_monthly_nominal_earnings|sex|women|total|2006|geostat_earnings_annual_sex|NACE1,177.6,177.6,0.0,0,True
repeated_total,average_monthly_nominal_earnings|sex|women|total|2007|geostat_earnings_annual_sex|NACE1,240.2,240.2,0.0,0,True
repeated_total,average_monthly_nominal_earnings|sex|women|total|2008|geostat_earnings_annual_sex|NACE1,367.7,367.7,0.0,0,True
repeated_total,average_monthly_nominal_earnings|sex|women|total|2009|geostat_earnings_annual_sex|NACE1,398.3,398.3,0.0,0,True
repeated_total,average_monthly_nominal_earnings|sex|women|total|2010|geostat_earnings_annual_sex|NACE1,426.6,426.6,0.0,0,True
repeated_total,average_monthly_nominal_earnings|sex|women|total|2011|geostat_earnings_annual_sex|NACE1,460.2,460.2,0.0,0,True
repeated_total,average_monthly_nominal_earnings|sex|women|total|2012|geostat_earnings_annual_sex|NACE1,517.9,517.9,0.0,0,True
repeated_total,average_monthly_nominal_earnings|sex|women|total|2013|geostat_earnings_annual_sex|NACE1,585.0,585.0,0.0,0,True
repeated_total,average_monthly_nominal_earnings|sex|women|total|2014|geostat_earnings_annual_sex|NACE1,617.9,617.9,0.0,0,True
repeated_total,average_monthly_nominal_earnings|sex|women|total|2014|geostat_earnings_annual_sex|NACE2,617.9,617.9,0.0,0,True
repeated_total,average_monthly_nominal_earnings|sex|women|total|2015|geostat_earnings_annual_sex|NACE1,692.5,692.5,0.0,0,True
repeated_total,average_monthly_nominal_earnings|sex|women|total|2015|geostat_earnings_annual_sex|NACE2,692.5,692.5,0.0,0,True
repeated_total,average_monthly_nominal_earnings|sex|women|total|2016|geostat_earnings_annual_sex|NACE1,731.2,731.2,0.0,0,True
repeated_total,average_monthly_nominal_earnings|sex|women|total|2016|geostat_earnings_annual_sex|NACE2,731.2,731.2,0.0,0,True
repeated_total,average_monthly_nominal_earnings|sex|women|total|2017|geostat_earnings_annual_sex|NACE1,770.2,770.2,0.0,0,True
repeated_total,average_monthly_nominal_earnings|sex|women|total|2017|geostat_earnings_annual_sex|NACE2,770.2,770.2,0.0,0,True
repeated_total,average_monthly_nominal_earnings|sex|women|total|2018|geostat_earnings_annual_sex|NACE1,822.6,822.6,0.0,0,True
repeated_total,average_monthly_nominal_earnings|sex|women|total|2018|geostat_earnings_annual_sex|NACE2,822.6,822.6,0.0,0,True
repeated_total,average_monthly_nominal_earnings|sex|women|total|2019|geostat_earnings_annual_sex|NACE1,869.1,869.1,0.0,0,True
repeated_total,average_monthly_nominal_earnings|sex|women|total|2019|geostat_earnings_annual_sex|NACE2,869.1,869.1,0.0,0,True
repeated_total,average_monthly_nominal_earnings|sex|women|total|2020|geostat_earnings_annual_sex|NACE2,952.2,952.2,0.0,0,True
repeated_total,average_monthly_nominal_earnings|sex|women|total|2021|geostat_earnings_annual_sex|NACE2,1055.5,1055.5,0.0,0,True
repeated_total,average_monthly_nominal_earnings|sex|women|total|2022|geostat_earnings_annual_sex|NACE2,1247.7,1247.7,0.0,0,True
repeated_total,average_monthly_nominal_earnings|sex|women|total|2023|geostat_earnings_annual_sex|NACE2,1425.4,1425.4,0.0,0,True
repeated_total,average_monthly_nominal_earnings|sex|women|total|2024|geostat_earnings_annual_sex|NACE2,1591.6,1591.6,0.0,0,True
repeated_total,average_monthly_nominal_earnings|sex|women|total|2025|geostat_earnings_annual_sex|NACE2,1743.4,1743.4,0.0,0,True
single_sector_activity,sector.o|ownership|public|2014,1161.7,1161.7,0.0,0,True
single_sector_activity,sector.o|ownership|public|2015,1259.3,1259.3,0.0,0,True
single_sector_activity,sector.o|ownership|public|2016,1254.7,1254.7,0.0,0,True
single_sector_activity,sector.o|ownership|public|2017,1236.1,1236.1,0.0,0,True
single_sector_activity,sector.o|ownership|public|2018,1266.6,1266.6,0.0,0,True
single_sector_activity,sector.o|ownership|public|2019,1420.8,1420.8,0.0,0,True
single_sector_activity,sector.o|ownership|public|2020,1425.8,1425.8,0.0,0,True
single_sector_activity,sector.o|ownership|public|2021,1475.5,1475.5,0.0,0,True
single_sector_activity,sector.o|ownership|public|2022,1823.2,1823.2,0.0,0,True
single_sector_activity,sector.o|ownership|public|2023,2163.9,2163.9,0.0,0,True
single_sector_activity,sector.o|ownership|public|2024,2395.2,2395.2,0.0,0,True
single_sector_activity,sector.o|ownership|public|2025,2674.5,2674.5,0.0,0,True
single_sector_activity,sector.o|business_sector|non_business|2014,1161.7,1161.7,0.0,0,True
single_sector_activity,sector.o|business_sector|non_business|2015,1259.3,1259.3,0.0,0,True
single_sector_activity,sector.o|business_sector|non_business|2016,1254.7,1254.7,0.0,0,True
single_sector_activity,sector.o|business_sector|non_business|2017,1236.1,1236.1,0.0,0,True
single_sector_activity,sector.o|business_sector|non_business|2018,1266.6,1266.6,0.0,0,True
single_sector_activity,sector.o|business_sector|non_business|2019,1420.8,1420.8,0.0,0,True
single_sector_activity,sector.o|business_sector|non_business|2020,1425.8,1425.8,0.0,0,True
single_sector_activity,sector.o|business_sector|non_business|2021,1475.5,1475.5,0.0,0,True
single_sector_activity,sector.o|business_sector|non_business|2022,1823.2,1823.2,0.0,0,True
single_sector_activity,sector.o|business_sector|non_business|2023,2163.9,2163.9,0.0,0,True
single_sector_activity,sector.o|business_sector|non_business|2024,2395.2,2395.2,0.0,0,True
single_sector_activity,sector.o|business_sector|non_business|2025,2674.5,2674.5,0.0,0,True
single_sector_activity,sector.k|business_sector|non_business|2014,1590.3,1590.3,0.0,0,True
single_sector_activity,sector.k|business_sector|non_business|2015,1691.4,1691.4,0.0,0,True
single_sector_activity,sector.k|business_sector|non_business|2016,1834.9,1834.9,0.0,0,True
single_sector_activity,sector.k|business_sector|non_business|2017,2008.3,2008.3,0.0,0,True
single_sector_activity,sector.k|business_sector|non_business|2018,2236.0,2236.0,0.0,0,True
single_sector_activity,sector.k|business_sector|non_business|2019,2030.2,2030.2,0.0,0,True
single_sector_activity,sector.k|business_sector|non_business|2020,2156.9,2156.9,0.0,0,True
single_sector_activity,sector.k|business_sector|non_business|2021,2368.1,2368.1,0.0,0,True
single_sector_activity,sector.k|business_sector|non_business|2022,2730.0,2730.0,0.0,0,True
single_sector_activity,sector.k|business_sector|non_business|2023,3215.2,3215.2,0.0,0,True
single_sector_activity,sector.k|business_sector|non_business|2024,3677.6,3677.6,0.0,0,True
single_sector_activity,sector.k|business_sector|non_business|2025,4123.6,4123.6,0.0,0,True
single_sector_activity,nace1.l|ownership|public|2000,88.5,88.5,0.0,0,True
single_sector_activity,nace1.l|ownership|public|2001,105.9,105.9,0.0,0,True
single_sector_activity,nace1.l|ownership|public|2002,141.2,141.2,0.0,0,True
single_sector_activity,nace1.l|ownership|public|2003,132.0,132.0,0.0,0,True
single_sector_activity,nace1.l|ownership|public|2004,192.4,192.4,0.0,0,True
single_sector_activity,nace1.l|ownership|public|2005,342.4,342.4,0.0,0,True
single_sector_activity,nace1.l|ownership|public|2006,448.0,448.0,0.0,0,True
single_sector_activity,nace1.l|ownership|public|2007,581.7,581.7,0.0,0,True
single_sector_activity,nace1.l|ownership|public|2008,864.2,864.2,0.0,0,True
single_sector_activity,nace1.l|ownership|public|2009,883.3,883.3,0.0,0,True
single_sector_activity,nace1.l|ownership|public|2010,896.5,896.5,0.0,0,True
single_sector_activity,nace1.l|ownership|public|2011,945.1,945.1,0.0,0,True
single_sector_activity,nace1.l|ownership|public|2012,1010.5,1010.5,0.0,0,True
single_sector_activity,nace1.l|ownership|public|2013,1098.0,1098.0,0.0,0,True
single_sector_activity,nace1.l|ownership|public|2014,1161.7,1161.7,0.0,0,True
single_sector_activity,nace1.l|ownership|public|2015,1259.4,1259.4,0.0,0,True
single_sector_activity,nace1.l|ownership|public|2016,1254.7,1254.7,0.0,0,True
single_sector_activity,nace1.l|ownership|public|2017,1236.1,1236.1,0.0,0,True
single_sector_activity,nace1.l|ownership|public|2018,1266.7,1266.7,0.0,0,True
single_sector_activity,nace1.l|ownership|public|2019,1421.0,1421.0,0.0,0,True
single_sector_activity,nace1.l|business_sector|non_business|2006,448.0,448.0,0.0,0,True
single_sector_activity,nace1.l|business_sector|non_business|2007,581.7,581.7,0.0,0,True
single_sector_activity,nace1.l|business_sector|non_business|2008,864.2,864.2,0.0,0,True
single_sector_activity,nace1.l|business_sector|non_business|2009,883.3,883.3,0.0,0,True
single_sector_activity,nace1.l|business_sector|non_business|2010,896.5,896.5,0.0,0,True
single_sector_activity,nace1.l|business_sector|non_business|2011,945.1,945.1,0.0,0,True
single_sector_activity,nace1.l|business_sector|non_business|2012,1010.5,1010.5,0.0,0,True
single_sector_activity,nace1.l|business_sector|non_business|2013,1098.0,1098.0,0.0,0,True
single_sector_activity,nace1.l|business_sector|non_business|2014,1161.7,1161.7,0.0,0,True
single_sector_activity,nace1.l|business_sector|non_business|2015,1259.4,1259.4,0.0,0,True
single_sector_activity,nace1.l|business_sector|non_business|2016,1254.7,1254.7,0.0,0,True
single_sector_activity,nace1.l|business_sector|non_business|2017,1236.1,1236.1,0.0,0,True
single_sector_activity,nace1.l|business_sector|non_business|2018,1266.7,1266.7,0.0,0,True
single_sector_activity,nace1.l|business_sector|non_business|2019,1421.0,1421.0,0.0,0,True
single_sector_activity,nace1.j|business_sector|non_business|2006,779.0,779.0,0.0,0,True
single_sector_activity,nace1.j|business_sector|non_business|2007,1014.5,1014.5,0.0,0,True
single_sector_activity,nace1.j|business_sector|non_business|2008,1343.5,1343.5,0.0,0,True
single_sector_activity,nace1.j|business_sector|non_business|2009,1319.0,1319.0,0.0,0,True
single_sector_activity,nace1.j|business_sector|non_business|2010,1276.7,1276.7,0.0,0,True
single_sector_activity,nace1.j|business_sector|non_business|2011,1386.3,1386.3,0.0,0,True
single_sector_activity,nace1.j|business_sector|non_business|2012,1402.3,1402.3,0.0,0,True
single_sector_activity,nace1.j|business_sector|non_business|2013,1505.8,1505.8,0.0,0,True
single_sector_activity,nace1.j|business_sector|non_business|2014,1590.3,1590.3,0.0,0,True
single_sector_activity,nace1.j|business_sector|non_business|2015,1691.4,1691.4,0.0,0,True
single_sector_activity,nace1.j|business_sector|non_business|2016,1834.9,1834.9,0.0,0,True
single_sector_activity,nace1.j|business_sector|non_business|2017,2008.3,2008.3,0.0,0,True
single_sector_activity,nace1.j|business_sector|non_business|2018,2236.0,2236.0,0.0,0,True
single_sector_activity,nace1.j|business_sector|non_business|2019,2030.2,2030.2,0.0,0,True
within_parts_range,average_monthly_nominal_earnings|business_sector|business|2006|nace_rev1_1,0,0,0,0,True
within_parts_range,average_monthly_nominal_earnings|business_sector|business|2007|nace_rev1_1,0,0,0,0,True
within_parts_range,average_monthly_nominal_earnings|business_sector|business|2008|nace_rev1_1,0,0,0,0,True
within_parts_range,average_monthly_nominal_earnings|business_sector|business|2009|nace_rev1_1,0,0,0,0,True
within_parts_range,average_monthly_nominal_earnings|business_sector|business|2010|nace_rev1_1,0,0,0,0,True
within_parts_range,average_monthly_nominal_earnings|business_sector|business|2011|nace_rev1_1,0,0,0,0,True
within_parts_range,average_monthly_nominal_earnings|business_sector|business|2012|nace_rev1_1,0,0,0,0,True
within_parts_range,average_monthly_nominal_earnings|business_sector|business|2013|nace_rev1_1,0,0,0,0,True
within_parts_range,average_monthly_nominal_earnings|business_sector|business|2014|nace_rev1_1,0,0,0,0,True
within_parts_range,average_monthly_nominal_earnings|business_sector|business|2014|nace_rev2,0,0,0,0,True
within_parts_range,average_monthly_nominal_earnings|business_sector|business|2015|nace_rev1_1,0,0,0,0,True
within_parts_range,average_monthly_nominal_earnings|business_sector|business|2015|nace_rev2,0,0,0,0,True
within_parts_range,average_monthly_nominal_earnings|business_sector|business|2016|nace_rev1_1,0,0,0,0,True
within_parts_range,average_monthly_nominal_earnings|business_sector|business|2016|nace_rev2,0,0,0,0,True
within_parts_range,average_monthly_nominal_earnings|business_sector|business|2017|nace_rev1_1,0,0,0,0,True
within_parts_range,average_monthly_nominal_earnings|business_sector|business|2017|nace_rev2,0,0,0,0,True
within_parts_range,average_monthly_nominal_earnings|business_sector|business|2018|nace_rev1_1,0,0,0,0,True
within_parts_range,average_monthly_nominal_earnings|business_sector|business|2018|nace_rev2,0,0,0,0,True
within_parts_range,average_monthly_nominal_earnings|business_sector|business|2019|nace_rev1_1,0,0,0,0,True
within_parts_range,average_monthly_nominal_earnings|business_sector|business|2019|nace_rev2,0,0,0,0,True
within_parts_range,average_monthly_nominal_earnings|business_sector|business|2020|nace_rev2,0,0,0,0,True
within_parts_range,average_monthly_nominal_earnings|business_sector|business|2021|nace_rev2,0,0,0,0,True
within_parts_range,average_monthly_nominal_earnings|business_sector|business|2022|nace_rev2,0,0,0,0,True
within_parts_range,average_monthly_nominal_earnings|business_sector|business|2023|nace_rev2,0,0,0,0,True
within_parts_range,average_monthly_nominal_earnings|business_sector|business|2024|nace_rev2,0,0,0,0,True
within_parts_range,average_monthly_nominal_earnings|business_sector|business|2025|nace_rev2,0,0,0,0,True
within_parts_range,average_monthly_nominal_earnings|business_sector|non_business|2006|nace_rev1_1,0,0,0,0,True
within_parts_range,average_monthly_nominal_earnings|business_sector|non_business|2007|nace_rev1_1,0,0,0,0,True
within_parts_range,average_monthly_nominal_earnings|business_sector|non_business|2008|nace_rev1_1,0,0,0,0,True
within_parts_range,average_monthly_nominal_earnings|business_sector|non_business|2009|nace_rev1_1,0,0,0,0,True
within_parts_range,average_monthly_nominal_earnings|business_sector|non_business|2010|nace_rev1_1,0,0,0,0,True
within_parts_range,average_monthly_nominal_earnings|business_sector|non_business|2011|nace_rev1_1,0,0,0,0,True
within_parts_range,average_monthly_nominal_earnings|business_sector|non_business|2012|nace_rev1_1,0,0,0,0,True
within_parts_range,average_monthly_nominal_earnings|business_sector|non_business|2013|nace_rev1_1,0,0,0,0,True
within_parts_range,average_monthly_nominal_earnings|business_sector|non_business|2014|nace_rev1_1,0,0,0,0,True
within_parts_range,average_monthly_nominal_earnings|business_sector|non_business|2014|nace_rev2,0,0,0,0,True
within_parts_range,average_monthly_nominal_earnings|business_sector|non_business|2015|nace_rev1_1,0,0,0,0,True
within_parts_range,average_monthly_nominal_earnings|business_sector|non_business|2015|nace_rev2,0,0,0,0,True
within_parts_range,average_monthly_nominal_earnings|business_sector|non_business|2016|nace_rev1_1,0,0,0,0,True
within_parts_range,average_monthly_nominal_earnings|business_sector|non_business|2016|nace_rev2,0,0,0,0,True
within_parts_range,average_monthly_nominal_earnings|business_sector|non_business|2017|nace_rev1_1,0,0,0,0,True
within_parts_range,average_monthly_nominal_earnings|business_sector|non_business|2017|nace_rev2,0,0,0,0,True
within_parts_range,average_monthly_nominal_earnings|business_sector|non_business|2018|nace_rev1_1,0,0,0,0,True
within_parts_range,average_monthly_nominal_earnings|business_sector|non_business|2018|nace_rev2,0,0,0,0,True
within_parts_range,average_monthly_nominal_earnings|business_sector|non_business|2019|nace_rev1_1,0,0,0,0,True
within_parts_range,average_monthly_nominal_earnings|business_sector|non_business|2019|nace_rev2,0,0,0,0,True
within_parts_range,average_monthly_nominal_earnings|business_sector|non_business|2020|nace_rev2,0,0,0,0,True
within_parts_range,average_monthly_nominal_earnings|business_sector|non_business|2021|nace_rev2,0,0,0,0,True
within_parts_range,average_monthly_nominal_earnings|business_sector|non_business|2022|nace_rev2,0,0,0,0,True
within_parts_range,average_monthly_nominal_earnings|business_sector|non_business|2023|nace_rev2,0,0,0,0,True
within_parts_range,average_monthly_nominal_earnings|business_sector|non_business|2024|nace_rev2,0,0,0,0,True
within_parts_range,average_monthly_nominal_earnings|business_sector|non_business|2025|nace_rev2,0,0,0,0,True
within_parts_range,average_monthly_nominal_earnings|national|georgia|1998|nace_rev1_1,0,0,0,0,True
within_parts_range,average_monthly_nominal_earnings|national|georgia|1999|nace_rev1_1,0,0,0,0,True
within_parts_range,average_monthly_nominal_earnings|national|georgia|1999|sex,0,0,0,0,True
within_parts_range,average_monthly_nominal_earnings|national|georgia|2000|nace_rev1_1,0,0,0,0,True
within_parts_range,average_monthly_nominal_earnings|national|georgia|2000|ownership,0,0,0,0,True
within_parts_range,average_monthly_nominal_earnings|national|georgia|2000|sex,0,0,0,0,True
within_parts_range,average_monthly_nominal_earnings|national|georgia|2001|nace_rev1_1,0,0,0,0,True
within_parts_range,average_monthly_nominal_earnings|national|georgia|2001|ownership,0,0,0,0,True
within_parts_range,average_monthly_nominal_earnings|national|georgia|2001|sex,0,0,0,0,True
within_parts_range,average_monthly_nominal_earnings|national|georgia|2002|nace_rev1_1,0,0,0,0,True
within_parts_range,average_monthly_nominal_earnings|national|georgia|2002|ownership,0,0,0,0,True
within_parts_range,average_monthly_nominal_earnings|national|georgia|2002|sex,0,0,0,0,True
within_parts_range,average_monthly_nominal_earnings|national|georgia|2003|nace_rev1_1,0,0,0,0,True
within_parts_range,average_monthly_nominal_earnings|national|georgia|2003|ownership,0,0,0,0,True
within_parts_range,average_monthly_nominal_earnings|national|georgia|2003|sex,0,0,0,0,True
within_parts_range,average_monthly_nominal_earnings|national|georgia|2004|nace_rev1_1,0,0,0,0,True
within_parts_range,average_monthly_nominal_earnings|national|georgia|2004|ownership,0,0,0,0,True
within_parts_range,average_monthly_nominal_earnings|national|georgia|2004|sex,0,0,0,0,True
within_parts_range,average_monthly_nominal_earnings|national|georgia|2005|nace_rev1_1,0,0,0,0,True
within_parts_range,average_monthly_nominal_earnings|national|georgia|2005|ownership,0,0,0,0,True
within_parts_range,average_monthly_nominal_earnings|national|georgia|2005|sex,0,0,0,0,True
within_parts_range,average_monthly_nominal_earnings|national|georgia|2006|business_sector,0,0,0,0,True
within_parts_range,average_monthly_nominal_earnings|national|georgia|2006|nace_rev1_1,0,0,0,0,True
within_parts_range,average_monthly_nominal_earnings|national|georgia|2006|ownership,0,0,0,0,True
within_parts_range,average_monthly_nominal_earnings|national|georgia|2006|sex,0,0,0,0,True
within_parts_range,average_monthly_nominal_earnings|national|georgia|2007|business_sector,0,0,0,0,True
within_parts_range,average_monthly_nominal_earnings|national|georgia|2007|nace_rev1_1,0,0,0,0,True
within_parts_range,average_monthly_nominal_earnings|national|georgia|2007|ownership,0,0,0,0,True
within_parts_range,average_monthly_nominal_earnings|national|georgia|2007|sex,0,0,0,0,True
within_parts_range,average_monthly_nominal_earnings|national|georgia|2008|business_sector,0,0,0,0,True
within_parts_range,average_monthly_nominal_earnings|national|georgia|2008|nace_rev1_1,0,0,0,0,True
within_parts_range,average_monthly_nominal_earnings|national|georgia|2008|ownership,0,0,0,0,True
within_parts_range,average_monthly_nominal_earnings|national|georgia|2008|sex,0,0,0,0,True
within_parts_range,average_monthly_nominal_earnings|national|georgia|2009|business_sector,0,0,0,0,True
within_parts_range,average_monthly_nominal_earnings|national|georgia|2009|nace_rev1_1,0,0,0,0,True
within_parts_range,average_monthly_nominal_earnings|national|georgia|2009|ownership,0,0,0,0,True
within_parts_range,average_monthly_nominal_earnings|national|georgia|2009|sex,0,0,0,0,True
within_parts_range,average_monthly_nominal_earnings|national|georgia|2010|business_sector,0,0,0,0,True
within_parts_range,average_monthly_nominal_earnings|national|georgia|2010|nace_rev1_1,0,0,0,0,True
within_parts_range,average_monthly_nominal_earnings|national|georgia|2010|ownership,0,0,0,0,True
within_parts_range,average_monthly_nominal_earnings|national|georgia|2010|region,0,0,0,0,True
within_parts_range,average_monthly_nominal_earnings|national|georgia|2010|sex,0,0,0,0,True
within_parts_range,average_monthly_nominal_earnings|national|georgia|2011|business_sector,0,0,0,0,True
within_parts_range,average_monthly_nominal_earnings|national|georgia|2011|nace_rev1_1,0,0,0,0,True
within_parts_range,average_monthly_nominal_earnings|national|georgia|2011|ownership,0,0,0,0,True
within_parts_range,average_monthly_nominal_earnings|national|georgia|2011|region,0,0,0,0,True
within_parts_range,average_monthly_nominal_earnings|national|georgia|2011|sex,0,0,0,0,True
within_parts_range,average_monthly_nominal_earnings|national|georgia|2012|business_sector,0,0,0,0,True
within_parts_range,average_monthly_nominal_earnings|national|georgia|2012|nace_rev1_1,0,0,0,0,True
within_parts_range,average_monthly_nominal_earnings|national|georgia|2012|ownership,0,0,0,0,True
within_parts_range,average_monthly_nominal_earnings|national|georgia|2012|region,0,0,0,0,True
within_parts_range,average_monthly_nominal_earnings|national|georgia|2012|sex,0,0,0,0,True
within_parts_range,average_monthly_nominal_earnings|national|georgia|2013|business_sector,0,0,0,0,True
within_parts_range,average_monthly_nominal_earnings|national|georgia|2013|nace_rev1_1,0,0,0,0,True
within_parts_range,average_monthly_nominal_earnings|national|georgia|2013|ownership,0,0,0,0,True
within_parts_range,average_monthly_nominal_earnings|national|georgia|2013|region,0,0,0,0,True
within_parts_range,average_monthly_nominal_earnings|national|georgia|2013|sex,0,0,0,0,True
within_parts_range,average_monthly_nominal_earnings|national|georgia|2014|business_sector,0,0,0,0,True
within_parts_range,average_monthly_nominal_earnings|national|georgia|2014|nace_rev1_1,0,0,0,0,True
within_parts_range,average_monthly_nominal_earnings|national|georgia|2014|nace_rev2,0,0,0,0,True
within_parts_range,average_monthly_nominal_earnings|national|georgia|2014|ownership,0,0,0,0,True
within_parts_range,average_monthly_nominal_earnings|national|georgia|2014|region,0,0,0,0,True
within_parts_range,average_monthly_nominal_earnings|national|georgia|2014|sex,0,0,0,0,True
within_parts_range,average_monthly_nominal_earnings|national|georgia|2015|business_sector,0,0,0,0,True
within_parts_range,average_monthly_nominal_earnings|national|georgia|2015|nace_rev1_1,0,0,0,0,True
within_parts_range,average_monthly_nominal_earnings|national|georgia|2015|nace_rev2,0,0,0,0,True
within_parts_range,average_monthly_nominal_earnings|national|georgia|2015|ownership,0,0,0,0,True
within_parts_range,average_monthly_nominal_earnings|national|georgia|2015|region,0,0,0,0,True
within_parts_range,average_monthly_nominal_earnings|national|georgia|2015|sex,0,0,0,0,True
within_parts_range,average_monthly_nominal_earnings|national|georgia|2016|business_sector,0,0,0,0,True
within_parts_range,average_monthly_nominal_earnings|national|georgia|2016|nace_rev1_1,0,0,0,0,True
within_parts_range,average_monthly_nominal_earnings|national|georgia|2016|nace_rev2,0,0,0,0,True
within_parts_range,average_monthly_nominal_earnings|national|georgia|2016|ownership,0,0,0,0,True
within_parts_range,average_monthly_nominal_earnings|national|georgia|2016|region,0,0,0,0,True
within_parts_range,average_monthly_nominal_earnings|national|georgia|2016|sex,0,0,0,0,True
within_parts_range,average_monthly_nominal_earnings|national|georgia|2017|business_sector,0,0,0,0,True
within_parts_range,average_monthly_nominal_earnings|national|georgia|2017|nace_rev1_1,0,0,0,0,True
within_parts_range,average_monthly_nominal_earnings|national|georgia|2017|nace_rev2,0,0,0,0,True
within_parts_range,average_monthly_nominal_earnings|national|georgia|2017|ownership,0,0,0,0,True
within_parts_range,average_monthly_nominal_earnings|national|georgia|2017|region,0,0,0,0,True
within_parts_range,average_monthly_nominal_earnings|national|georgia|2017|sex,0,0,0,0,True
within_parts_range,average_monthly_nominal_earnings|national|georgia|2018|business_sector,0,0,0,0,True
within_parts_range,average_monthly_nominal_earnings|national|georgia|2018|nace_rev1_1,0,0,0,0,True
within_parts_range,average_monthly_nominal_earnings|national|georgia|2018|nace_rev2,0,0,0,0,True
within_parts_range,average_monthly_nominal_earnings|national|georgia|2018|ownership,0,0,0,0,True
within_parts_range,average_monthly_nominal_earnings|national|georgia|2018|region,0,0,0,0,True
within_parts_range,average_monthly_nominal_earnings|national|georgia|2018|sex,0,0,0,0,True
within_parts_range,average_monthly_nominal_earnings|national|georgia|2019|business_sector,0,0,0,0,True
within_parts_range,average_monthly_nominal_earnings|national|georgia|2019|nace_rev1_1,0,0,0,0,True
within_parts_range,average_monthly_nominal_earnings|national|georgia|2019|nace_rev2,0,0,0,0,True
within_parts_range,average_monthly_nominal_earnings|national|georgia|2019|ownership,0,0,0,0,True
within_parts_range,average_monthly_nominal_earnings|national|georgia|2019|region,0,0,0,0,True
within_parts_range,average_monthly_nominal_earnings|national|georgia|2019|sex,0,0,0,0,True
within_parts_range,average_monthly_nominal_earnings|national|georgia|2020|business_sector,0,0,0,0,True
within_parts_range,average_monthly_nominal_earnings|national|georgia|2020|nace_rev2,0,0,0,0,True
within_parts_range,average_monthly_nominal_earnings|national|georgia|2020|ownership,0,0,0,0,True
within_parts_range,average_monthly_nominal_earnings|national|georgia|2020|region,0,0,0,0,True
within_parts_range,average_monthly_nominal_earnings|national|georgia|2020|sex,0,0,0,0,True
within_parts_range,average_monthly_nominal_earnings|national|georgia|2021|business_sector,0,0,0,0,True
within_parts_range,average_monthly_nominal_earnings|national|georgia|2021|nace_rev2,0,0,0,0,True
within_parts_range,average_monthly_nominal_earnings|national|georgia|2021|ownership,0,0,0,0,True
within_parts_range,average_monthly_nominal_earnings|national|georgia|2021|region,0,0,0,0,True
within_parts_range,average_monthly_nominal_earnings|national|georgia|2021|sex,0,0,0,0,True
within_parts_range,average_monthly_nominal_earnings|national|georgia|2022|business_sector,0,0,0,0,True
within_parts_range,average_monthly_nominal_earnings|national|georgia|2022|nace_rev2,0,0,0,0,True
within_parts_range,average_monthly_nominal_earnings|national|georgia|2022|ownership,0,0,0,0,True
within_parts_range,average_monthly_nominal_earnings|national|georgia|2022|region,0,0,0,0,True
within_parts_range,average_monthly_nominal_earnings|national|georgia|2022|sex,0,0,0,0,True
within_parts_range,average_monthly_nominal_earnings|national|georgia|2023|business_sector,0,0,0,0,True
within_parts_range,average_monthly_nominal_earnings|national|georgia|2023|nace_rev2,0,0,0,0,True
within_parts_range,average_monthly_nominal_earnings|national|georgia|2023|ownership,0,0,0,0,True
within_parts_range,average_monthly_nominal_earnings|national|georgia|2023|region,0,0,0,0,True
within_parts_range,average_monthly_nominal_earnings|national|georgia|2023|sex,0,0,0,0,True
within_parts_range,average_monthly_nominal_earnings|national|georgia|2024|business_sector,0,0,0,0,True
within_parts_range,average_monthly_nominal_earnings|national|georgia|2024|nace_rev2,0,0,0,0,True
within_parts_range,average_monthly_nominal_earnings|national|georgia|2024|ownership,0,0,0,0,True
within_parts_range,average_monthly_nominal_earnings|national|georgia|2024|region,0,0,0,0,True
within_parts_range,average_monthly_nominal_earnings|national|georgia|2024|sex,0,0,0,0,True
within_parts_range,average_monthly_nominal_earnings|national|georgia|2025|business_sector,0,0,0,0,True
within_parts_range,average_monthly_nominal_earnings|national|georgia|2025|nace_rev2,0,0,0,0,True
within_parts_range,average_monthly_nominal_earnings|national|georgia|2025|ownership,0,0,0,0,True
within_parts_range,average_monthly_nominal_earnings|national|georgia|2025|region,0,0,0,0,True
within_parts_range,average_monthly_nominal_earnings|national|georgia|2025|sex,0,0,0,0,True
within_parts_range,average_monthly_nominal_earnings|ownership|non_public|2000|nace_rev1_1,0,0,0,0,True
within_parts_range,average_monthly_nominal_earnings|ownership|non_public|2001|nace_rev1_1,0,0,0,0,True
within_parts_range,average_monthly_nominal_earnings|ownership|non_public|2002|nace_rev1_1,0,0,0,0,True
within_parts_range,average_monthly_nominal_earnings|ownership|non_public|2003|nace_rev1_1,0,0,0,0,True
within_parts_range,average_monthly_nominal_earnings|ownership|non_public|2004|nace_rev1_1,0,0,0,0,True
within_parts_range,average_monthly_nominal_earnings|ownership|non_public|2005|nace_rev1_1,0,0,0,0,True
within_parts_range,average_monthly_nominal_earnings|ownership|non_public|2006|nace_rev1_1,0,0,0,0,True
within_parts_range,average_monthly_nominal_earnings|ownership|non_public|2007|nace_rev1_1,0,0,0,0,True
within_parts_range,average_monthly_nominal_earnings|ownership|non_public|2008|nace_rev1_1,0,0,0,0,True
within_parts_range,average_monthly_nominal_earnings|ownership|non_public|2009|nace_rev1_1,0,0,0,0,True
within_parts_range,average_monthly_nominal_earnings|ownership|non_public|2010|nace_rev1_1,0,0,0,0,True
within_parts_range,average_monthly_nominal_earnings|ownership|non_public|2011|nace_rev1_1,0,0,0,0,True
within_parts_range,average_monthly_nominal_earnings|ownership|non_public|2012|nace_rev1_1,0,0,0,0,True
within_parts_range,average_monthly_nominal_earnings|ownership|non_public|2013|nace_rev1_1,0,0,0,0,True
within_parts_range,average_monthly_nominal_earnings|ownership|non_public|2014|nace_rev1_1,0,0,0,0,True
within_parts_range,average_monthly_nominal_earnings|ownership|non_public|2014|nace_rev2,0,0,0,0,True
within_parts_range,average_monthly_nominal_earnings|ownership|non_public|2015|nace_rev1_1,0,0,0,0,True
within_parts_range,average_monthly_nominal_earnings|ownership|non_public|2015|nace_rev2,0,0,0,0,True
within_parts_range,average_monthly_nominal_earnings|ownership|non_public|2016|nace_rev1_1,0,0,0,0,True
within_parts_range,average_monthly_nominal_earnings|ownership|non_public|2016|nace_rev2,0,0,0,0,True
within_parts_range,average_monthly_nominal_earnings|ownership|non_public|2017|nace_rev1_1,0,0,0,0,True
within_parts_range,average_monthly_nominal_earnings|ownership|non_public|2017|nace_rev2,0,0,0,0,True
within_parts_range,average_monthly_nominal_earnings|ownership|non_public|2018|nace_rev1_1,0,0,0,0,True
within_parts_range,average_monthly_nominal_earnings|ownership|non_public|2018|nace_rev2,0,0,0,0,True
within_parts_range,average_monthly_nominal_earnings|ownership|non_public|2019|nace_rev1_1,0,0,0,0,True
within_parts_range,average_monthly_nominal_earnings|ownership|non_public|2019|nace_rev2,0,0,0,0,True
within_parts_range,average_monthly_nominal_earnings|ownership|non_public|2020|nace_rev2,0,0,0,0,True
within_parts_range,average_monthly_nominal_earnings|ownership|non_public|2021|nace_rev2,0,0,0,0,True
within_parts_range,average_monthly_nominal_earnings|ownership|non_public|2022|nace_rev2,0,0,0,0,True
within_parts_range,average_monthly_nominal_earnings|ownership|non_public|2023|nace_rev2,0,0,0,0,True
within_parts_range,average_monthly_nominal_earnings|ownership|non_public|2024|nace_rev2,0,0,0,0,True
within_parts_range,average_monthly_nominal_earnings|ownership|non_public|2025|nace_rev2,0,0,0,0,True
within_parts_range,average_monthly_nominal_earnings|ownership|public|2000|nace_rev1_1,0,0,0,0,True
within_parts_range,average_monthly_nominal_earnings|ownership|public|2001|nace_rev1_1,0,0,0,0,True
within_parts_range,average_monthly_nominal_earnings|ownership|public|2002|nace_rev1_1,0,0,0,0,True
within_parts_range,average_monthly_nominal_earnings|ownership|public|2003|nace_rev1_1,0,0,0,0,True
within_parts_range,average_monthly_nominal_earnings|ownership|public|2004|nace_rev1_1,0,0,0,0,True
within_parts_range,average_monthly_nominal_earnings|ownership|public|2005|nace_rev1_1,0,0,0,0,True
within_parts_range,average_monthly_nominal_earnings|ownership|public|2006|nace_rev1_1,0,0,0,0,True
within_parts_range,average_monthly_nominal_earnings|ownership|public|2007|nace_rev1_1,0,0,0,0,True
within_parts_range,average_monthly_nominal_earnings|ownership|public|2008|nace_rev1_1,0,0,0,0,True
within_parts_range,average_monthly_nominal_earnings|ownership|public|2009|nace_rev1_1,0,0,0,0,True
within_parts_range,average_monthly_nominal_earnings|ownership|public|2010|nace_rev1_1,0,0,0,0,True
within_parts_range,average_monthly_nominal_earnings|ownership|public|2011|nace_rev1_1,0,0,0,0,True
within_parts_range,average_monthly_nominal_earnings|ownership|public|2012|nace_rev1_1,0,0,0,0,True
within_parts_range,average_monthly_nominal_earnings|ownership|public|2013|nace_rev1_1,0,0,0,0,True
within_parts_range,average_monthly_nominal_earnings|ownership|public|2014|nace_rev1_1,0,0,0,0,True
within_parts_range,average_monthly_nominal_earnings|ownership|public|2014|nace_rev2,0,0,0,0,True
within_parts_range,average_monthly_nominal_earnings|ownership|public|2015|nace_rev1_1,0,0,0,0,True
within_parts_range,average_monthly_nominal_earnings|ownership|public|2015|nace_rev2,0,0,0,0,True
within_parts_range,average_monthly_nominal_earnings|ownership|public|2016|nace_rev1_1,0,0,0,0,True
within_parts_range,average_monthly_nominal_earnings|ownership|public|2016|nace_rev2,0,0,0,0,True
within_parts_range,average_monthly_nominal_earnings|ownership|public|2017|nace_rev1_1,0,0,0,0,True
within_parts_range,average_monthly_nominal_earnings|ownership|public|2017|nace_rev2,0,0,0,0,True
within_parts_range,average_monthly_nominal_earnings|ownership|public|2018|nace_rev1_1,0,0,0,0,True
within_parts_range,average_monthly_nominal_earnings|ownership|public|2018|nace_rev2,0,0,0,0,True
within_parts_range,average_monthly_nominal_earnings|ownership|public|2019|nace_rev1_1,0,0,0,0,True
within_parts_range,average_monthly_nominal_earnings|ownership|public|2019|nace_rev2,0,0,0,0,True
within_parts_range,average_monthly_nominal_earnings|ownership|public|2020|nace_rev2,0,0,0,0,True
within_parts_range,average_monthly_nominal_earnings|ownership|public|2021|nace_rev2,0,0,0,0,True
within_parts_range,average_monthly_nominal_earnings|ownership|public|2022|nace_rev2,0,0,0,0,True
within_parts_range,average_monthly_nominal_earnings|ownership|public|2023|nace_rev2,0,0,0,0,True
within_parts_range,average_monthly_nominal_earnings|ownership|public|2024|nace_rev2,0,0,0,0,True
within_parts_range,average_monthly_nominal_earnings|ownership|public|2025|nace_rev2,0,0,0,0,True
within_parts_range,average_monthly_nominal_earnings|sex|men|1999|nace_rev1_1,0,0,0,0,True
within_parts_range,average_monthly_nominal_earnings|sex|men|2000|nace_rev1_1,0,0,0,0,True
within_parts_range,average_monthly_nominal_earnings|sex|men|2001|nace_rev1_1,0,0,0,0,True
within_parts_range,average_monthly_nominal_earnings|sex|men|2002|nace_rev1_1,0,0,0,0,True
within_parts_range,average_monthly_nominal_earnings|sex|men|2003|nace_rev1_1,0,0,0,0,True
within_parts_range,average_monthly_nominal_earnings|sex|men|2004|nace_rev1_1,0,0,0,0,True
within_parts_range,average_monthly_nominal_earnings|sex|men|2005|nace_rev1_1,0,0,0,0,True
within_parts_range,average_monthly_nominal_earnings|sex|men|2006|nace_rev1_1,0,0,0,0,True
within_parts_range,average_monthly_nominal_earnings|sex|men|2007|nace_rev1_1,0,0,0,0,True
within_parts_range,average_monthly_nominal_earnings|sex|men|2008|nace_rev1_1,0,0,0,0,True
within_parts_range,average_monthly_nominal_earnings|sex|men|2009|nace_rev1_1,0,0,0,0,True
within_parts_range,average_monthly_nominal_earnings|sex|men|2010|nace_rev1_1,0,0,0,0,True
within_parts_range,average_monthly_nominal_earnings|sex|men|2011|nace_rev1_1,0,0,0,0,True
within_parts_range,average_monthly_nominal_earnings|sex|men|2012|nace_rev1_1,0,0,0,0,True
within_parts_range,average_monthly_nominal_earnings|sex|men|2013|nace_rev1_1,0,0,0,0,True
within_parts_range,average_monthly_nominal_earnings|sex|men|2014|nace_rev1_1,0,0,0,0,True
within_parts_range,average_monthly_nominal_earnings|sex|men|2014|nace_rev2,0,0,0,0,True
within_parts_range,average_monthly_nominal_earnings|sex|men|2015|nace_rev1_1,0,0,0,0,True
within_parts_range,average_monthly_nominal_earnings|sex|men|2015|nace_rev2,0,0,0,0,True
within_parts_range,average_monthly_nominal_earnings|sex|men|2016|nace_rev1_1,0,0,0,0,True
within_parts_range,average_monthly_nominal_earnings|sex|men|2016|nace_rev2,0,0,0,0,True
within_parts_range,average_monthly_nominal_earnings|sex|men|2017|nace_rev1_1,0,0,0,0,True
within_parts_range,average_monthly_nominal_earnings|sex|men|2017|nace_rev2,0,0,0,0,True
within_parts_range,average_monthly_nominal_earnings|sex|men|2018|nace_rev1_1,0,0,0,0,True
within_parts_range,average_monthly_nominal_earnings|sex|men|2018|nace_rev2,0,0,0,0,True
within_parts_range,average_monthly_nominal_earnings|sex|men|2019|nace_rev1_1,0,0,0,0,True
within_parts_range,average_monthly_nominal_earnings|sex|men|2019|nace_rev2,0,0,0,0,True
within_parts_range,average_monthly_nominal_earnings|sex|men|2020|nace_rev2,0,0,0,0,True
within_parts_range,average_monthly_nominal_earnings|sex|men|2021|nace_rev2,0,0,0,0,True
within_parts_range,average_monthly_nominal_earnings|sex|men|2022|nace_rev2,0,0,0,0,True
within_parts_range,average_monthly_nominal_earnings|sex|men|2023|nace_rev2,0,0,0,0,True
within_parts_range,average_monthly_nominal_earnings|sex|men|2024|nace_rev2,0,0,0,0,True
within_parts_range,average_monthly_nominal_earnings|sex|men|2025|nace_rev2,0,0,0,0,True
within_parts_range,average_monthly_nominal_earnings|sex|women|1999|nace_rev1_1,0,0,0,0,True
within_parts_range,average_monthly_nominal_earnings|sex|women|2000|nace_rev1_1,0,0,0,0,True
within_parts_range,average_monthly_nominal_earnings|sex|women|2001|nace_rev1_1,0,0,0,0,True
within_parts_range,average_monthly_nominal_earnings|sex|women|2002|nace_rev1_1,0,0,0,0,True
within_parts_range,average_monthly_nominal_earnings|sex|women|2003|nace_rev1_1,0,0,0,0,True
within_parts_range,average_monthly_nominal_earnings|sex|women|2004|nace_rev1_1,0,0,0,0,True
within_parts_range,average_monthly_nominal_earnings|sex|women|2005|nace_rev1_1,0,0,0,0,True
within_parts_range,average_monthly_nominal_earnings|sex|women|2006|nace_rev1_1,0,0,0,0,True
within_parts_range,average_monthly_nominal_earnings|sex|women|2007|nace_rev1_1,0,0,0,0,True
within_parts_range,average_monthly_nominal_earnings|sex|women|2008|nace_rev1_1,0,0,0,0,True
within_parts_range,average_monthly_nominal_earnings|sex|women|2009|nace_rev1_1,0,0,0,0,True
within_parts_range,average_monthly_nominal_earnings|sex|women|2010|nace_rev1_1,0,0,0,0,True
within_parts_range,average_monthly_nominal_earnings|sex|women|2011|nace_rev1_1,0,0,0,0,True
within_parts_range,average_monthly_nominal_earnings|sex|women|2012|nace_rev1_1,0,0,0,0,True
within_parts_range,average_monthly_nominal_earnings|sex|women|2013|nace_rev1_1,0,0,0,0,True
within_parts_range,average_monthly_nominal_earnings|sex|women|2014|nace_rev1_1,0,0,0,0,True
within_parts_range,average_monthly_nominal_earnings|sex|women|2014|nace_rev2,0,0,0,0,True
within_parts_range,average_monthly_nominal_earnings|sex|women|2015|nace_rev1_1,0,0,0,0,True
within_parts_range,average_monthly_nominal_earnings|sex|women|2015|nace_rev2,0,0,0,0,True
within_parts_range,average_monthly_nominal_earnings|sex|women|2016|nace_rev1_1,0,0,0,0,True
within_parts_range,average_monthly_nominal_earnings|sex|women|2016|nace_rev2,0,0,0,0,True
within_parts_range,average_monthly_nominal_earnings|sex|women|2017|nace_rev1_1,0,0,0,0,True
within_parts_range,average_monthly_nominal_earnings|sex|women|2017|nace_rev2,0,0,0,0,True
within_parts_range,average_monthly_nominal_earnings|sex|women|2018|nace_rev1_1,0,0,0,0,True
within_parts_range,average_monthly_nominal_earnings|sex|women|2018|nace_rev2,0,0,0,0,True
within_parts_range,average_monthly_nominal_earnings|sex|women|2019|nace_rev1_1,0,0,0,0,True
within_parts_range,average_monthly_nominal_earnings|sex|women|2019|nace_rev2,0,0,0,0,True
within_parts_range,average_monthly_nominal_earnings|sex|women|2020|nace_rev2,0,0,0,0,True
within_parts_range,average_monthly_nominal_earnings|sex|women|2021|nace_rev2,0,0,0,0,True
within_parts_range,average_monthly_nominal_earnings|sex|women|2022|nace_rev2,0,0,0,0,True
within_parts_range,average_monthly_nominal_earnings|sex|women|2023|nace_rev2,0,0,0,0,True
within_parts_range,average_monthly_nominal_earnings|sex|women|2024|nace_rev2,0,0,0,0,True
within_parts_range,average_monthly_nominal_earnings|sex|women|2025|nace_rev2,0,0,0,0,True
within_parts_range,median_monthly_earnings|national|georgia|2018|nace_rev2,0,0,0,0,True
within_parts_range,median_monthly_earnings|national|georgia|2019|nace_rev2,0,0,0,0,True
within_parts_range,median_monthly_earnings|national|georgia|2020|nace_rev2,0,0,0,0,True
within_parts_range,median_monthly_earnings|national|georgia|2021|nace_rev2,0,0,0,0,True
within_parts_range,median_monthly_earnings|national|georgia|2022|nace_rev2,0,0,0,0,True
within_parts_range,median_monthly_earnings|national|georgia|2023|nace_rev2,0,0,0,0,True
within_parts_range,median_monthly_earnings|national|georgia|2024|nace_rev2,0,0,0,0,True
within_parts_range,median_monthly_earnings|national|georgia|2025|nace_rev2,0,0,0,0,True
official_page_annual_headline,2022,1543.0,1543.0,0.0,0,True
official_page_annual_headline,2023,1766.8,1766.8,0.0,0,True
official_page_annual_headline,2024,1970.8,1970.8,0.0,0,True
official_page_annual_headline,2025,2165.2,2165.2,0.0,0,True
release_statement,total_level,2165.2,2165.2,0.0,0,True
release_statement,total_change_gel,194.5,194.5,0.0,0,True
release_statement,total_change_pct,9.9,9.9,0.0,0,True
release_statement,financial_level,4123.6,4123.6,0.0,0,True
release_statement,financial_change_pct,12.1,12.1,0.0,0,True
release_statement,financial_rank,1,1.0,0.0,0,True
release_statement,ict_level,4042.6,4042.6,0.0,0,True
release_statement,ict_change_pct,3.0,3.0,0.0,0,True
release_statement,ict_rank,2,2.0,0.0,0,True
release_statement,construction_level,3026.1,3026.1,0.0,0,True
release_statement,construction_change_pct,13.5,13.5,0.0,0,True
release_statement,construction_rank,3,3.0,0.0,0,True
release_statement,women_level,1743.4,1743.4,0.0,0,True
release_statement,men_level,2586.5,2586.5,0.0,0,True
release_statement,women_change_gel,151.8,151.8,0.0,0,True
release_statement,women_change_pct,9.5,9.5,0.0,0,True
release_statement,men_change_gel,245.9,245.9,0.0,0,True
release_statement,men_change_pct,10.5,10.5,0.0,0,True
release_statement,public_change_pct,12.8,12.8,0.0,0,True
release_statement,non_public_change_pct,8.7,8.7,0.0,0,True
release_statement,public_level,1895.4,1895.4,0.0,0,True
release_statement,non_public_level,2301.0,2301.0,0.0,0,True
release_statement,public_gap_gel,405.6,405.6,0.0,0,True
release_statement,public_gap_pct,17.6,17.6,0.0,0,True
release_statement,business_change_gel,173.9,173.9,0.0,0,True
release_statement,business_change_pct,8.6,8.6,0.0,0,True
release_statement,business_level,2198.4,2198.4,0.0,0,True
release_statement,business_ict_level,4097.1,4097.1,0.0,0,True
release_statement,business_ict_change_pct,2.2,2.2,0.0,0,True
release_statement,business_ict_rank,1,1.0,0.0,0,True
release_statement,business_professional_level,3340.7,3340.7,0.0,0,True
release_statement,business_professional_change_pct,6.1,6.1,0.0,0,True
release_statement,business_professional_rank,2,2.0,0.0,0,True
release_statement,non_business_change_gel,233.7,233.7,0.0,0,True
release_statement,non_business_change_pct,12.5,12.5,0.0,0,True
release_statement,non_business_level,2100.5,2100.5,0.0,0,True
release_statement,tbilisi_rank,1,1.0,0.0,0,True
release_statement,mtskheta_mtianeti_rank,2,2.0,0.0,0,True
release_statement,median_level,1531,1531,0,0,True
release_statement,median_change_pct,14.9,14.9,0.0,0,True
release_statement,median_below_mean_pct,29.3,29.3,0.0,0,True
release_statement,median_public_admin_level,2501,2501,0,0,True
release_statement,median_public_admin_rank,1,1.0,0.0,0,True
release_statement,median_construction_level,2328,2328,0,0,True
release_statement,median_construction_rank,2,2.0,0.0,0,True
release_statement,median_mining_level,2264,2264,0,0,True
release_statement,median_mining_rank,3,3.0,0.0,0,True
release_statement,median_ict_level,2250,2250,0,0,True
release_statement,median_ict_rank,4,4.0,0.0,0,True
release_statement,median_financial_level,2211,2211,0,0,True
release_statement,median_financial_rank,5,5.0,0.0,0,True
release_statement,median_below_mean_all_sectors,0,0.0,0.0,0,True
release_statement,metadata_non_business_2023,1649.6,1649.6,0.0,0,True
