year,indicator_id,dimension,group_id,sector_id,classification,source_id,source_sheet,source_cell,source_group_label,source_label,source_token
1970,average_monthly_nominal_earnings,business_sector,business,total,none,geostat_earnings_annual_headline,1,B13,Business,Business,…
1975,average_monthly_nominal_earnings,business_sector,business,total,none,geostat_earnings_annual_headline,1,C13,Business,Business,…
1980,average_monthly_nominal_earnings,business_sector,business,total,none,geostat_earnings_annual_headline,1,D13,Business,Business,…
1985,average_monthly_nominal_earnings,business_sector,business,total,none,geostat_earnings_annual_headline,1,E13,Business,Business,…
1986,average_monthly_nominal_earnings,business_sector,business,total,none,geostat_earnings_annual_headline,1,F13,Business,Business,…
1987,average_monthly_nominal_earnings,business_sector,business,total,none,geostat_earnings_annual_headline,1,G13,Business,Business,…
1988,average_monthly_nominal_earnings,business_sector,business,total,none,geostat_earnings_annual_headline,1,H13,Business,Business,…
1989,average_monthly_nominal_earnings,business_sector,business,total,none,geostat_earnings_annual_headline,1,I13,Business,Business,…
1990,average_monthly_nominal_earnings,business_sector,business,total,none,geostat_earnings_annual_headline,1,J13,Business,Business,…
1991,average_monthly_nominal_earnings,business_sector,business,total,none,geostat_earnings_annual_headline,1,K13,Business,Business,…
1992,average_monthly_nominal_earnings,business_sector,business,total,none,geostat_earnings_annual_headline,1,L13,Business,Business,…
1993,average_monthly_nominal_earnings,business_sector,business,total,none,geostat_earnings_annual_headline,1,M13,Business,Business,…
1994,average_monthly_nominal_earnings,business_sector,business,total,none,geostat_earnings_annual_headline,1,N13,Business,Business,…
1995,average_monthly_nominal_earnings,business_sector,business,total,none,geostat_earnings_annual_headline,1,O13,Business,Business,…
1996,average_monthly_nominal_earnings,business_sector,business,total,none,geostat_earnings_annual_headline,1,P13,Business,Business,…
1997,average_monthly_nominal_earnings,business_sector,business,total,none,geostat_earnings_annual_headline,1,Q13,Business,Business,…
1998,average_monthly_nominal_earnings,business_sector,business,total,none,geostat_earnings_annual_headline,1,R13,Business,Business,…
1999,average_monthly_nominal_earnings,business_sector,business,total,none,geostat_earnings_annual_headline,1,S13,Business,Business,…
2000,average_monthly_nominal_earnings,business_sector,business,total,none,geostat_earnings_annual_headline,1,T13,Business,Business,…
2001,average_monthly_nominal_earnings,business_sector,business,total,none,geostat_earnings_annual_headline,1,U13,Business,Business,…
2002,average_monthly_nominal_earnings,business_sector,business,total,none,geostat_earnings_annual_headline,1,V13,Business,Business,…
2003,average_monthly_nominal_earnings,business_sector,business,total,none,geostat_earnings_annual_headline,1,W13,Business,Business,…
2004,average_monthly_nominal_earnings,business_sector,business,total,none,geostat_earnings_annual_headline,1,X13,Business,Business,…
2005,average_monthly_nominal_earnings,business_sector,business,total,none,geostat_earnings_annual_headline,1,Y13,Business,Business,…
1970,average_monthly_nominal_earnings,business_sector,non_business,total,none,geostat_earnings_annual_headline,1,B14,Non-business,Non-business,…
1975,average_monthly_nominal_earnings,business_sector,non_business,total,none,geostat_earnings_annual_headline,1,C14,Non-business,Non-business,…
1980,average_monthly_nominal_earnings,business_sector,non_business,total,none,geostat_earnings_annual_headline,1,D14,Non-business,Non-business,…
1985,average_monthly_nominal_earnings,business_sector,non_business,total,none,geostat_earnings_annual_headline,1,E14,Non-business,Non-business,…
1986,average_monthly_nominal_earnings,business_sector,non_business,total,none,geostat_earnings_annual_headline,1,F14,Non-business,Non-business,…
1987,average_monthly_nominal_earnings,business_sector,non_business,total,none,geostat_earnings_annual_headline,1,G14,Non-business,Non-business,…
1988,average_monthly_nominal_earnings,business_sector,non_business,total,none,geostat_earnings_annual_headline,1,H14,Non-business,Non-business,…
1989,average_monthly_nominal_earnings,business_sector,non_business,total,none,geostat_earnings_annual_headline,1,I14,Non-business,Non-business,…
1990,average_monthly_nominal_earnings,business_sector,non_business,total,none,geostat_earnings_annual_headline,1,J14,Non-business,Non-business,…
1991,average_monthly_nominal_earnings,business_sector,non_business,total,none,geostat_earnings_annual_headline,1,K14,Non-business,Non-business,…
1992,average_monthly_nominal_earnings,business_sector,non_business,total,none,geostat_earnings_annual_headline,1,L14,Non-business,Non-business,…
1993,average_monthly_nominal_earnings,business_sector,non_business,total,none,geostat_earnings_annual_headline,1,M14,Non-business,Non-business,…
1994,average_monthly_nominal_earnings,business_sector,non_business,total,none,geostat_earnings_annual_headline,1,N14,Non-business,Non-business,…
1995,average_monthly_nominal_earnings,business_sector,non_business,total,none,geostat_earnings_annual_headline,1,O14,Non-business,Non-business,…
1996,average_monthly_nominal_earnings,business_sector,non_business,total,none,geostat_earnings_annual_headline,1,P14,Non-business,Non-business,…
1997,average_monthly_nominal_earnings,business_sector,non_business,total,none,geostat_earnings_annual_headline,1,Q14,Non-business,Non-business,…
1998,average_monthly_nominal_earnings,business_sector,non_business,total,none,geostat_earnings_annual_headline,1,R14,Non-business,Non-business,…
1999,average_monthly_nominal_earnings,business_sector,non_business,total,none,geostat_earnings_annual_headline,1,S14,Non-business,Non-business,…
2000,average_monthly_nominal_earnings,business_sector,non_business,total,none,geostat_earnings_annual_headline,1,T14,Non-business,Non-business,…
2001,average_monthly_nominal_earnings,business_sector,non_business,total,none,geostat_earnings_annual_headline,1,U14,Non-business,Non-business,…
2002,average_monthly_nominal_earnings,business_sector,non_business,total,none,geostat_earnings_annual_headline,1,V14,Non-business,Non-business,…
2003,average_monthly_nominal_earnings,business_sector,non_business,total,none,geostat_earnings_annual_headline,1,W14,Non-business,Non-business,…
2004,average_monthly_nominal_earnings,business_sector,non_business,total,none,geostat_earnings_annual_headline,1,X14,Non-business,Non-business,…
2005,average_monthly_nominal_earnings,business_sector,non_business,total,none,geostat_earnings_annual_headline,1,Y14,Non-business,Non-business,…
1970,average_monthly_nominal_earnings,ownership,non_public,total,none,geostat_earnings_annual_headline,1,B11,Non-public,Non-public,…
1975,average_monthly_nominal_earnings,ownership,non_public,total,none,geostat_earnings_annual_headline,1,C11,Non-public,Non-public,…
1980,average_monthly_nominal_earnings,ownership,non_public,total,none,geostat_earnings_annual_headline,1,D11,Non-public,Non-public,…
1985,average_monthly_nominal_earnings,ownership,non_public,total,none,geostat_earnings_annual_headline,1,E11,Non-public,Non-public,…
1986,average_monthly_nominal_earnings,ownership,non_public,total,none,geostat_earnings_annual_headline,1,F11,Non-public,Non-public,…
1987,average_monthly_nominal_earnings,ownership,non_public,total,none,geostat_earnings_annual_headline,1,G11,Non-public,Non-public,…
1988,average_monthly_nominal_earnings,ownership,non_public,total,none,geostat_earnings_annual_headline,1,H11,Non-public,Non-public,…
1989,average_monthly_nominal_earnings,ownership,non_public,total,none,geostat_earnings_annual_headline,1,I11,Non-public,Non-public,…
1990,average_monthly_nominal_earnings,ownership,non_public,total,none,geostat_earnings_annual_headline,1,J11,Non-public,Non-public,…
1991,average_monthly_nominal_earnings,ownership,non_public,total,none,geostat_earnings_annual_headline,1,K11,Non-public,Non-public,…
1992,average_monthly_nominal_earnings,ownership,non_public,total,none,geostat_earnings_annual_headline,1,L11,Non-public,Non-public,…
1993,average_monthly_nominal_earnings,ownership,non_public,total,none,geostat_earnings_annual_headline,1,M11,Non-public,Non-public,…
1994,average_monthly_nominal_earnings,ownership,non_public,total,none,geostat_earnings_annual_headline,1,N11,Non-public,Non-public,…
1995,average_monthly_nominal_earnings,ownership,non_public,total,none,geostat_earnings_annual_headline,1,O11,Non-public,Non-public,…
1996,average_monthly_nominal_earnings,ownership,non_public,total,none,geostat_earnings_annual_headline,1,P11,Non-public,Non-public,…
1997,average_monthly_nominal_earnings,ownership,non_public,total,none,geostat_earnings_annual_headline,1,Q11,Non-public,Non-public,…
1998,average_monthly_nominal_earnings,ownership,non_public,total,none,geostat_earnings_annual_headline,1,R11,Non-public,Non-public,…
1999,average_monthly_nominal_earnings,ownership,non_public,total,none,geostat_earnings_annual_headline,1,S11,Non-public,Non-public,…
2001,average_monthly_nominal_earnings,ownership,public,nace1.b,nace_rev1_1,geostat_earnings_annual_ownership,NACE1,C7,Public sector,Fishing*,...
2011,average_monthly_nominal_earnings,ownership,public,nace1.b,nace_rev1_1,geostat_earnings_annual_ownership,NACE1,M7,Public sector,Fishing*,...
2012,average_monthly_nominal_earnings,ownership,public,nace1.b,nace_rev1_1,geostat_earnings_annual_ownership,NACE1,N7,Public sector,Fishing*,...
2013,average_monthly_nominal_earnings,ownership,public,nace1.b,nace_rev1_1,geostat_earnings_annual_ownership,NACE1,O7,Public sector,Fishing*,...
2014,average_monthly_nominal_earnings,ownership,public,nace1.b,nace_rev1_1,geostat_earnings_annual_ownership,NACE1,P7,Public sector,Fishing*,...
2015,average_monthly_nominal_earnings,ownership,public,nace1.b,nace_rev1_1,geostat_earnings_annual_ownership,NACE1,Q7,Public sector,Fishing*,...
2016,average_monthly_nominal_earnings,ownership,public,nace1.b,nace_rev1_1,geostat_earnings_annual_ownership,NACE1,R7,Public sector,Fishing*,...
2017,average_monthly_nominal_earnings,ownership,public,nace1.b,nace_rev1_1,geostat_earnings_annual_ownership,NACE1,S7,Public sector,Fishing*,...
2018,average_monthly_nominal_earnings,ownership,public,nace1.b,nace_rev1_1,geostat_earnings_annual_ownership,NACE1,T7,Public sector,Fishing*,...
2019,average_monthly_nominal_earnings,ownership,public,nace1.b,nace_rev1_1,geostat_earnings_annual_ownership,NACE1,U7,Public sector,Fishing*,...
2009,average_monthly_nominal_earnings,ownership,public,nace1.c,nace_rev1_1,geostat_earnings_annual_ownership,NACE1,K8,Public sector,Mining and quarrying**,...
2010,average_monthly_nominal_earnings,ownership,public,nace1.c,nace_rev1_1,geostat_earnings_annual_ownership,NACE1,L8,Public sector,Mining and quarrying**,...
2011,average_monthly_nominal_earnings,ownership,public,nace1.c,nace_rev1_1,geostat_earnings_annual_ownership,NACE1,M8,Public sector,Mining and quarrying**,...
2012,average_monthly_nominal_earnings,ownership,public,nace1.c,nace_rev1_1,geostat_earnings_annual_ownership,NACE1,N8,Public sector,Mining and quarrying**,...
2013,average_monthly_nominal_earnings,ownership,public,nace1.c,nace_rev1_1,geostat_earnings_annual_ownership,NACE1,O8,Public sector,Mining and quarrying**,...
2014,average_monthly_nominal_earnings,ownership,public,nace1.c,nace_rev1_1,geostat_earnings_annual_ownership,NACE1,P8,Public sector,Mining and quarrying**,...
2015,average_monthly_nominal_earnings,ownership,public,nace1.c,nace_rev1_1,geostat_earnings_annual_ownership,NACE1,Q8,Public sector,Mining and quarrying**,...
2016,average_monthly_nominal_earnings,ownership,public,nace1.c,nace_rev1_1,geostat_earnings_annual_ownership,NACE1,R8,Public sector,Mining and quarrying**,...
2017,average_monthly_nominal_earnings,ownership,public,nace1.c,nace_rev1_1,geostat_earnings_annual_ownership,NACE1,S8,Public sector,Mining and quarrying**,...
2018,average_monthly_nominal_earnings,ownership,public,nace1.c,nace_rev1_1,geostat_earnings_annual_ownership,NACE1,T8,Public sector,Mining and quarrying**,...
2019,average_monthly_nominal_earnings,ownership,public,nace1.c,nace_rev1_1,geostat_earnings_annual_ownership,NACE1,U8,Public sector,Mining and quarrying**,...
2014,average_monthly_nominal_earnings,ownership,public,sector.b,nace_rev2,geostat_earnings_annual_ownership,NACE2,B7,Public sector,Mining and quarrying,…
2015,average_monthly_nominal_earnings,ownership,public,sector.b,nace_rev2,geostat_earnings_annual_ownership,NACE2,C7,Public sector,Mining and quarrying,…
2016,average_monthly_nominal_earnings,ownership,public,sector.b,nace_rev2,geostat_earnings_annual_ownership,NACE2,D7,Public sector,Mining and quarrying,…
2017,average_monthly_nominal_earnings,ownership,public,sector.b,nace_rev2,geostat_earnings_annual_ownership,NACE2,E7,Public sector,Mining and quarrying,…
2018,average_monthly_nominal_earnings,ownership,public,sector.b,nace_rev2,geostat_earnings_annual_ownership,NACE2,F7,Public sector,Mining and quarrying,…
2019,average_monthly_nominal_earnings,ownership,public,sector.b,nace_rev2,geostat_earnings_annual_ownership,NACE2,G7,Public sector,Mining and quarrying,…
2020,average_monthly_nominal_earnings,ownership,public,sector.b,nace_rev2,geostat_earnings_annual_ownership,NACE2,H7,Public sector,Mining and quarrying,…
2021,average_monthly_nominal_earnings,ownership,public,sector.b,nace_rev2,geostat_earnings_annual_ownership,NACE2,I7,Public sector,Mining and quarrying,…
2022,average_monthly_nominal_earnings,ownership,public,sector.b,nace_rev2,geostat_earnings_annual_ownership,NACE2,J7,Public sector,Mining and quarrying,…
2023,average_monthly_nominal_earnings,ownership,public,sector.b,nace_rev2,geostat_earnings_annual_ownership,NACE2,K7,Public sector,Mining and quarrying,…
2024,average_monthly_nominal_earnings,ownership,public,sector.b,nace_rev2,geostat_earnings_annual_ownership,NACE2,L7,Public sector,Mining and quarrying,…
2025,average_monthly_nominal_earnings,ownership,public,sector.b,nace_rev2,geostat_earnings_annual_ownership,NACE2,M7,Public sector,Mining and quarrying,…
1970,average_monthly_nominal_earnings,ownership,public,total,none,geostat_earnings_annual_headline,1,B10,Public,Public,…
1975,average_monthly_nominal_earnings,ownership,public,total,none,geostat_earnings_annual_headline,1,C10,Public,Public,…
1980,average_monthly_nominal_earnings,ownership,public,total,none,geostat_earnings_annual_headline,1,D10,Public,Public,…
1985,average_monthly_nominal_earnings,ownership,public,total,none,geostat_earnings_annual_headline,1,E10,Public,Public,…
1986,average_monthly_nominal_earnings,ownership,public,total,none,geostat_earnings_annual_headline,1,F10,Public,Public,…
1987,average_monthly_nominal_earnings,ownership,public,total,none,geostat_earnings_annual_headline,1,G10,Public,Public,…
1988,average_monthly_nominal_earnings,ownership,public,total,none,geostat_earnings_annual_headline,1,H10,Public,Public,…
1989,average_monthly_nominal_earnings,ownership,public,total,none,geostat_earnings_annual_headline,1,I10,Public,Public,…
1990,average_monthly_nominal_earnings,ownership,public,total,none,geostat_earnings_annual_headline,1,J10,Public,Public,…
1991,average_monthly_nominal_earnings,ownership,public,total,none,geostat_earnings_annual_headline,1,K10,Public,Public,…
1992,average_monthly_nominal_earnings,ownership,public,total,none,geostat_earnings_annual_headline,1,L10,Public,Public,…
1993,average_monthly_nominal_earnings,ownership,public,total,none,geostat_earnings_annual_headline,1,M10,Public,Public,…
1994,average_monthly_nominal_earnings,ownership,public,total,none,geostat_earnings_annual_headline,1,N10,Public,Public,…
1995,average_monthly_nominal_earnings,ownership,public,total,none,geostat_earnings_annual_headline,1,O10,Public,Public,…
1996,average_monthly_nominal_earnings,ownership,public,total,none,geostat_earnings_annual_headline,1,P10,Public,Public,…
1997,average_monthly_nominal_earnings,ownership,public,total,none,geostat_earnings_annual_headline,1,Q10,Public,Public,…
1998,average_monthly_nominal_earnings,ownership,public,total,none,geostat_earnings_annual_headline,1,R10,Public,Public,…
1999,average_monthly_nominal_earnings,ownership,public,total,none,geostat_earnings_annual_headline,1,S10,Public,Public,…
1970,average_monthly_nominal_earnings,sex,men,total,none,geostat_earnings_annual_headline,1,B8,Men,Men,…
1975,average_monthly_nominal_earnings,sex,men,total,none,geostat_earnings_annual_headline,1,C8,Men,Men,…
1980,average_monthly_nominal_earnings,sex,men,total,none,geostat_earnings_annual_headline,1,D8,Men,Men,…
1985,average_monthly_nominal_earnings,sex,men,total,none,geostat_earnings_annual_headline,1,E8,Men,Men,…
1986,average_monthly_nominal_earnings,sex,men,total,none,geostat_earnings_annual_headline,1,F8,Men,Men,…
1987,average_monthly_nominal_earnings,sex,men,total,none,geostat_earnings_annual_headline,1,G8,Men,Men,…
1988,average_monthly_nominal_earnings,sex,men,total,none,geostat_earnings_annual_headline,1,H8,Men,Men,…
1989,average_monthly_nominal_earnings,sex,men,total,none,geostat_earnings_annual_headline,1,I8,Men,Men,…
1990,average_monthly_nominal_earnings,sex,men,total,none,geostat_earnings_annual_headline,1,J8,Men,Men,…
1991,average_monthly_nominal_earnings,sex,men,total,none,geostat_earnings_annual_headline,1,K8,Men,Men,…
1992,average_monthly_nominal_earnings,sex,men,total,none,geostat_earnings_annual_headline,1,L8,Men,Men,…
1993,average_monthly_nominal_earnings,sex,men,total,none,geostat_earnings_annual_headline,1,M8,Men,Men,…
1994,average_monthly_nominal_earnings,sex,men,total,none,geostat_earnings_annual_headline,1,N8,Men,Men,…
1995,average_monthly_nominal_earnings,sex,men,total,none,geostat_earnings_annual_headline,1,O8,Men,Men,…
1996,average_monthly_nominal_earnings,sex,men,total,none,geostat_earnings_annual_headline,1,P8,Men,Men,…
1997,average_monthly_nominal_earnings,sex,men,total,none,geostat_earnings_annual_headline,1,Q8,Men,Men,…
1998,average_monthly_nominal_earnings,sex,men,total,none,geostat_earnings_annual_headline,1,R8,Men,Men,…
1970,average_monthly_nominal_earnings,sex,women,total,none,geostat_earnings_annual_headline,1,B7,Women,Women,…
1975,average_monthly_nominal_earnings,sex,women,total,none,geostat_earnings_annual_headline,1,C7,Women,Women,…
1980,average_monthly_nominal_earnings,sex,women,total,none,geostat_earnings_annual_headline,1,D7,Women,Women,…
1985,average_monthly_nominal_earnings,sex,women,total,none,geostat_earnings_annual_headline,1,E7,Women,Women,…
1986,average_monthly_nominal_earnings,sex,women,total,none,geostat_earnings_annual_headline,1,F7,Women,Women,…
1987,average_monthly_nominal_earnings,sex,women,total,none,geostat_earnings_annual_headline,1,G7,Women,Women,…
1988,average_monthly_nominal_earnings,sex,women,total,none,geostat_earnings_annual_headline,1,H7,Women,Women,…
1989,average_monthly_nominal_earnings,sex,women,total,none,geostat_earnings_annual_headline,1,I7,Women,Women,…
1990,average_monthly_nominal_earnings,sex,women,total,none,geostat_earnings_annual_headline,1,J7,Women,Women,…
1991,average_monthly_nominal_earnings,sex,women,total,none,geostat_earnings_annual_headline,1,K7,Women,Women,…
1992,average_monthly_nominal_earnings,sex,women,total,none,geostat_earnings_annual_headline,1,L7,Women,Women,…
1993,average_monthly_nominal_earnings,sex,women,total,none,geostat_earnings_annual_headline,1,M7,Women,Women,…
1994,average_monthly_nominal_earnings,sex,women,total,none,geostat_earnings_annual_headline,1,N7,Women,Women,…
1995,average_monthly_nominal_earnings,sex,women,total,none,geostat_earnings_annual_headline,1,O7,Women,Women,…
1996,average_monthly_nominal_earnings,sex,women,total,none,geostat_earnings_annual_headline,1,P7,Women,Women,…
1997,average_monthly_nominal_earnings,sex,women,total,none,geostat_earnings_annual_headline,1,Q7,Women,Women,…
1998,average_monthly_nominal_earnings,sex,women,total,none,geostat_earnings_annual_headline,1,R7,Women,Women,…
