source_id,dataset_id,year,source_organization,display_title_ka,official_filename,official_url_or_archive_url,repository_source_path,public_download_path,media_type,byte_size,sha256,retrieved_at,retrieved_at_basis,license_id,attribution_text,redistribution_status,notes
geostat_lfs_annual_total,unemployment,2010-2025,საქსტატი,შრომის ძალის მაჩვენებლები,01-Labour-Force-Indicators.xlsx,https://www.geostat.ge/media/78735/01-Labour-Force-Indicators.xlsx,docs/Raw Data/Unemployment/geostat-labour-force-annual/official/01-labour-force-indicators.xlsx,downloads/methodology/unemployment/files/01-labour-force-indicators.xlsx,application/vnd.openxmlformats-officedocument.spreadsheetml.sheet,16390,9a55e31cc79f7b7a68cf10f99b0c21055a0397ccd4d604210e45bc2b3c347214,2026-10-03,source_manifest,official-public-document-no-explicit-license,Geostat,repository_owner_approved,Annual primary coverage only; older or quarterly observations retained inside original captures are not served.
geostat_lfs_annual_sex,unemployment,2010-2025,საქსტატი,შრომის ძალის მაჩვენებლები სქესის მიხედვით,02-Labour-Force-Indicators-by-sex.xlsx,https://www.geostat.ge/media/78736/02-Labour-Force-Indicators-by-sex.xlsx,docs/Raw Data/Unemployment/geostat-labour-force-annual/official/02-labour-force-indicators-by-sex.xlsx,downloads/methodology/unemployment/files/02-labour-force-indicators-by-sex.xlsx,application/vnd.openxmlformats-officedocument.spreadsheetml.sheet,21765,8f1a14efcefe5c4f6492c26e93891cc4b97ce03b361c3880aab0efbc83b5b086,2026-10-03,source_manifest,official-public-document-no-explicit-license,Geostat,repository_owner_approved,Annual primary coverage only; older or quarterly observations retained inside original captures are not served.
geostat_lfs_annual_settlement,unemployment,2010-2025,საქსტატი,შრომის ძალის მაჩვენებლები ქალაქისა და სოფლის მიხედვით,03-Labour-Force-Indicators-in-urban-rural-areas.xlsx,https://www.geostat.ge/media/78737/03-Labour-Force-Indicators-in-urban-rural-areas.xlsx,docs/Raw Data/Unemployment/geostat-labour-force-annual/official/03-labour-force-indicators-urban-rural.xlsx,downloads/methodology/unemployment/files/03-labour-force-indicators-urban-rural.xlsx,application/vnd.openxmlformats-officedocument.spreadsheetml.sheet,33177,33017c802395860dc87d6623878ea8eb7ca723996b60763664e6bd88f6bc8652,2026-10-03,source_manifest,official-public-document-no-explicit-license,Geostat,repository_owner_approved,Annual primary coverage only; older or quarterly observations retained inside original captures are not served.
geostat_lfs_annual_age,unemployment,2010-2025,საქსტატი,შრომის ძალის მაჩვენებლები ასაკის მიხედვით,04-Labour-Force-Indicators-by-age-groups.xlsx,https://www.geostat.ge/media/78738/04-Labour-Force-Indicators-by-age-groups.xlsx,docs/Raw Data/Unemployment/geostat-labour-force-annual/official/04-labour-force-indicators-by-age.xlsx,downloads/methodology/unemployment/files/04-labour-force-indicators-by-age.xlsx,application/vnd.openxmlformats-officedocument.spreadsheetml.sheet,53839,fba38f484b553c90a08015acc31fabc3320d0514ef870dfb65e525cd6136198c,2026-10-03,source_manifest,official-public-document-no-explicit-license,Geostat,repository_owner_approved,Annual primary coverage only; older or quarterly observations retained inside original captures are not served.
geostat_lfs_annual_region,unemployment,2010-2025,საქსტატი,შრომის ძალის მაჩვენებლები რეგიონების მიხედვით,05-Labour-Force-Indicators-by-regions.xlsx,https://www.geostat.ge/media/78739/05-Labour-Force-Indicators-by-regions.xlsx,docs/Raw Data/Unemployment/geostat-labour-force-annual/official/05-labour-force-indicators-by-region.xlsx,downloads/methodology/unemployment/files/05-labour-force-indicators-by-region.xlsx,application/vnd.openxmlformats-officedocument.spreadsheetml.sheet,55086,502baf07875d7200d457efcf847e73d97029daa25bf5681138b6ecee0aa1e59e,2026-10-03,source_manifest,official-public-document-no-explicit-license,Geostat,repository_owner_approved,Annual primary coverage only; older or quarterly observations retained inside original captures are not served.
geostat_lfs_metadata_2026,unemployment,2010-2025,საქსტატი,შრომის ძალის გამოკვლევის მეტამონაცემები,0708_200526_EN.PDF,https://www.geostat.ge/media/79111/0708_200526_EN.PDF,docs/Raw Data/Unemployment/geostat-labour-force-annual/official/labour-force-survey-metadata-2026.pdf,downloads/methodology/unemployment/files/labour-force-survey-metadata-2026.pdf,application/pdf,131365,61a991ae824b681f41406d55fe7e9a58410bd9cb183e73afdb1f57b5e521a708,2026-10-03,source_manifest,official-public-document-no-explicit-license,Geostat,repository_owner_approved,Annual primary coverage only; older or quarterly observations retained inside original captures are not served.
geostat_lfs_source_page,unemployment,2010-2025,საქსტატი,დასაქმებისა და უმუშევრობის წყაროს გვერდი,employment-unemployment-en.html,https://www.geostat.ge/en/modules/categories/683/Employment-Unemployment,docs/Raw Data/Unemployment/geostat-labour-force-annual/official/employment-unemployment-en.html,downloads/methodology/unemployment/files/employment-unemployment-en.html,text/html,120925,fbeeed7ab2124b53153261a9d978ecf076ac023ec9799382dbfed0231020c889,2026-10-03,source_manifest,official-public-document-no-explicit-license,Geostat,repository_owner_approved,Annual primary coverage only; older or quarterly observations retained inside original captures are not served.
geostat_lfs_annual_education,unemployment,2020-2025,საქსტატი,შრომის ძალის მაჩვენებლები განათლების მიხედვით,13-Labour-force-indicators-by-education.xlsx,https://www.geostat.ge/media/78747/13-Labour-force-indicators-by-education.xlsx,docs/Raw Data/Unemployment/geostat-labour-force-annual/official/13-labour-force-indicators-by-education.xlsx,downloads/methodology/unemployment/files/13-labour-force-indicators-by-education.xlsx,application/vnd.openxmlformats-officedocument.spreadsheetml.sheet,28096,89f26c4d3c6df720acc7a297676b8a04e00cff59efdaab21ddd2106988971418,2026-10-03,source_manifest,official-public-document-no-explicit-license,Geostat,repository_owner_approved,Annual primary coverage only; older or quarterly observations retained inside original captures are not served.
geostat_lfs_annual_long_term,unemployment,2020-2025,საქსტატი,ხანგრძლივი უმუშევრობა,16-Long-term-unemployment.xlsx,https://www.geostat.ge/media/78750/16-Long-term-unemployment.xlsx,docs/Raw Data/Unemployment/geostat-labour-force-annual/official/16-long-term-unemployment.xlsx,downloads/methodology/unemployment/files/16-long-term-unemployment.xlsx,application/vnd.openxmlformats-officedocument.spreadsheetml.sheet,11609,de2e83068136f1a05eb352f09d41c5b0512e233883662a4dd84d6d8bd068e846,2026-10-03,source_manifest,official-public-document-no-explicit-license,Geostat,repository_owner_approved,Annual primary coverage only; older or quarterly observations retained inside original captures are not served.
