Time,TPopulation1Jan,TPopulation1July,PopGrowthRate,Births,CBR,TFR,Deaths,CDR,LEx,IMR,NetMigrations
1950,3476.104,3497.442,1.22,84.379,24.126,2.9832,52.131,14.906,57.7105,108.1086,10.424
1951,3518.779,3541.236,1.268,85.364,24.106,2.9236,52.001,14.684,58.0493,106.0525,11.555
1952,3563.693,3586.784,1.288,86.399,24.088,2.8695,51.773,14.434,58.404,104.0316,11.555
1953,3609.875,3633.974,1.326,88.17,24.263,2.8448,51.526,14.179,58.7675,102.0201,11.555
1954,3658.072,3682.723,1.339,90.273,24.513,2.8331,51.337,13.94,59.1236,99.997,10.363
1955,3707.374,3734.03,1.428,93.213,24.963,2.8511,51.206,13.713,59.4779,97.9651,11.301
1956,3760.687,3789.578,1.525,96.612,25.494,2.8805,51.075,13.478,59.8504,95.9226,12.252
1957,3818.47,3849.526,1.614,99.831,25.933,2.9045,50.908,13.225,60.2438,93.8696,13.188
1958,3880.583,3913.624,1.689,102.79,26.265,2.9231,50.834,12.989,60.6024,91.8108,14.133
1959,3946.666,3981.694,1.759,105.28,26.441,2.9358,50.62,12.713,60.9936,89.7473,15.388
1960,4016.722,4053.8,1.829,107.962,26.632,2.9424,50.54,12.467,61.3472,87.6807,16.74
1961,4090.878,4129.028,1.848,108.582,26.297,2.9428,50.291,12.18,61.7201,85.6105,18.016
1962,4167.179,4205.699,1.832,108.031,25.687,2.9367,49.981,11.884,62.078,83.5414,18.981
1963,4244.219,4282.793,1.801,107.322,25.059,2.9486,49.571,11.575,62.4572,81.4729,19.405
1964,4321.367,4358.324,1.696,103.603,23.771,2.8911,49.066,11.258,62.818,79.4043,19.377
1965,4395.282,4429.322,1.537,97.724,22.063,2.7742,48.633,10.98,63.0967,77.3186,18.981
1966,4463.362,4503.014,1.761,94.721,21.035,2.7284,48.285,10.723,63.3969,75.2367,32.869
1967,4542.666,4582.952,1.758,94.412,20.601,2.7431,48.568,10.598,63.7721,73.1815,34.734
1968,4623.237,4663.584,1.73,92.447,19.823,2.6885,48.788,10.462,64.1393,71.1908,37.031
1969,4703.931,4743.028,1.649,93.038,19.616,2.6871,49.141,10.361,64.5088,69.302,34.301
1970,4782.125,4804.055,0.913,94.715,19.716,2.6954,49.553,10.315,64.8687,67.488,-1.311
1971,4825.985,4843.145,0.709,95.314,19.68,2.7074,49.997,10.323,65.1892,65.7537,-10.997
1972,4860.306,4877.277,0.696,94.914,19.46,2.674,49.876,10.226,65.5156,64.0896,-11.097
1973,4894.248,4911.008,0.683,93.994,19.139,2.617,49.705,10.121,65.8508,62.4487,-10.763
1974,4927.769,4944.634,0.682,93.574,18.924,2.5646,49.584,10.028,66.1798,60.7937,-10.261
1975,4961.5,4979.409,0.719,94.986,19.076,2.5523,49.562,9.953,66.5116,59.1016,-9.605
1976,4997.318,5015.92,0.742,95.559,19.051,2.5103,49.395,9.848,66.894,57.3372,-8.952
1977,5034.523,5053.551,0.753,95.599,18.917,2.4411,49.335,9.763,67.2462,55.5137,-8.213
1978,5072.579,5091.796,0.755,97.549,19.158,2.4167,49.364,9.695,67.5969,53.6824,-9.755
1979,5111.013,5128.674,0.689,99.106,19.324,2.3815,49.488,9.649,67.9425,51.8758,-14.281
1980,5146.334,5165.546,0.744,100.762,19.506,2.3467,49.755,9.632,68.2726,50.1309,-12.593
1981,5184.758,5205.03,0.779,102.36,19.666,2.3301,48.994,9.413,68.741,48.57,-12.822
1982,5225.302,5246.474,0.807,103.55,19.737,2.3118,48.847,9.311,69.1093,47.0756,-12.363
1983,5267.646,5290.18,0.852,106.21,20.077,2.3388,50.232,9.495,69.135,45.7326,-10.906
1984,5312.714,5334.257,0.808,109.085,20.45,2.3776,53.084,9.952,68.795,44.5705,-12.92
1985,5355.799,5376.896,0.785,110.754,20.598,2.3985,53.346,9.921,69.0062,43.5935,-15.208
1986,5397.994,5419.133,0.78,109.823,20.266,2.38,53.425,9.859,69.2247,42.804,-14.123
1987,5440.272,5461.016,0.76,106.356,19.475,2.319,53.902,9.87,69.2189,42.1804,-10.966
1988,5481.761,5500.24,0.672,105.341,19.152,2.3179,56.19,10.216,68.8245,41.6931,-12.189
1989,5518.719,5499.641,-0.694,104.287,18.962,2.3216,56.756,10.32,68.6351,41.2998,-85.69
1990,5480.562,5448.868,-1.163,102.278,18.77,2.3061,56.697,10.405,68.6787,40.9529,-108.969
1991,5417.173,5379.51,-1.4,95.142,17.686,2.2079,58.506,10.876,68.2022,40.599,-111.958
1992,5341.846,5294.187,-1.8,85.657,16.179,2.0452,59.339,11.208,67.7801,40.1978,-121.647
1993,5246.528,5178.78,-2.617,78.003,15.062,1.9121,58.704,11.335,67.4052,39.7078,-154.788
1994,5111.032,5046.272,-2.567,72.503,14.368,1.8347,54.475,10.795,68.6692,39.082,-147.551
1995,4981.511,4925.743,-2.264,69.334,14.076,1.8075,50.674,10.288,69.3982,38.2824,-130.201
1996,4869.975,4812.775,-2.377,65.713,13.654,1.7589,46.102,9.579,70.637,37.2765,-133.999
1997,4755.575,4695.356,-2.565,62.763,13.367,1.7281,49.958,10.64,69.6832,36.0429,-133.25
1998,4635.138,4576.451,-2.565,60.133,13.14,1.7033,49.539,10.825,69.7869,34.582,-127.962
1999,4517.764,4455.583,-2.791,56.506,12.682,1.6432,49.107,11.022,70.0116,32.9012,-131.768
2000,4393.402,4328.358,-3.006,53.896,12.452,1.6093,48.929,11.304,70.0909,31.0302,-135.046
2001,4263.314,4209.636,-2.55,51.559,12.248,1.5792,47.948,11.39,70.3705,29.0095,-110.969
2002,4155.959,4127.846,-1.362,50.385,12.206,1.5706,48.072,11.646,70.438,26.8899,-58.531
2003,4099.734,4085.483,-0.698,49.565,12.132,1.5517,46.999,11.504,71.3766,24.7129,-31.075
2004,4071.232,4056.074,-0.747,49.993,12.326,1.5659,49.702,12.254,71.0115,22.5599,-30.614
2005,4040.915,4026.131,-0.734,50.581,12.563,1.5833,48.924,12.152,70.6895,20.5099,-31.216
2006,4011.347,3996.592,-0.738,51.58,12.906,1.6168,49.369,12.353,70.9829,18.6016,-31.729
2007,3981.836,3967.59,-0.718,53.922,13.591,1.6968,50.275,12.671,70.9852,16.8446,-32.142
2008,3953.344,3941.195,-0.616,57.925,14.697,1.8316,49.756,12.625,70.9494,15.2772,-32.463
2009,3929.047,3918.941,-0.516,62.464,15.939,1.9926,49.921,12.738,71.0578,13.9124,-32.757
2010,3908.834,3895.924,-0.663,60.923,15.638,1.9728,50.122,12.865,71.7318,12.7531,-36.608
2011,3883.015,3868.724,-0.739,57.981,14.987,1.9152,48.724,12.594,72.4846,11.7831,-37.847
2012,3854.433,3839.208,-0.793,57.037,14.856,1.9291,48.199,12.554,72.6721,10.9851,-39.29
2013,3823.983,3809.125,-0.78,57.385,15.065,1.9927,46.988,12.336,73.0247,10.3442,-40.117
2014,3794.267,3792.916,-0.071,61.027,16.09,2.18,47.682,12.571,73.1051,9.8429,-16.047
2015,3791.564,3791.573,0,60.745,16.021,2.2144,47.404,12.503,73.241,9.4588,-13.321
2016,3791.581,3792.057,0.025,59.981,15.818,2.2279,48.441,12.774,73.1358,9.1657,-10.588
2017,3792.533,3792.859,0.017,56.531,14.905,2.1364,47.993,12.654,73.4347,8.9418,-7.889
2018,3793.185,3794.877,0.089,54.396,14.334,2.0932,45.833,12.078,73.9847,8.7658,-5.176
2019,3796.569,3796.722,0.008,51.592,13.588,2.0211,45.869,12.081,74.1649,8.619,-5.412
2020,3796.876,3795.678,-0.063,49.546,13.053,1.9759,49.203,12.963,73.5094,8.4895,-2.738
2021,3794.48,3788.451,-0.318,48.797,12.881,1.98,58.121,15.342,71.6353,8.3666,-2.738
2022,3782.422,3794.784,0.652,44.065,11.612,1.82,46.336,12.211,74.1409,8.2481,26.999
2023,3807.145,3807.492,0.018,43.765,11.494,1.81,45.077,11.839,74.4965,8.1423,2.003
2024,3807.839,3807.67,-0.009,42.983,11.289,1.8018,45.067,11.836,74.6573,6.7327,1.745
2025,3807.501,3806.671,-0.044,42.089,11.057,1.7868,45.031,11.829,74.8164,6.4499,1.283
2026,3805.841,3804.642,-0.063,41.353,10.869,1.7757,44.971,11.82,74.9777,6.2421,1.215
2027,3803.442,3801.827,-0.085,40.72,10.711,1.7654,44.942,11.821,75.1388,6.0323,0.999
2028,3800.213,3798.71,-0.079,40.247,10.595,1.7585,44.939,11.83,75.2943,5.8344,1.675
2029,3797.206,3795.01,-0.116,39.936,10.523,1.7538,44.92,11.837,75.4603,5.6331,0.599
2030,3792.815,3790.542,-0.12,39.699,10.473,1.7492,44.927,11.852,75.6254,5.4409,0.685
2031,3788.269,3785.505,-0.146,39.6,10.461,1.7458,44.952,11.875,75.7875,5.2772,-0.174
2032,3782.741,3780.368,-0.126,39.624,10.481,1.744,45.01,11.906,75.9511,5.1115,0.638
2033,3777.995,3775.51,-0.132,39.714,10.519,1.7395,45.099,11.945,76.1148,4.9562,0.408
2034,3773.024,3770.074,-0.156,39.861,10.573,1.7337,45.234,11.998,76.2736,4.8148,-0.53
2035,3767.124,3764.2,-0.155,40.131,10.661,1.7308,45.416,12.065,76.4267,4.672,-0.552
2036,3761.277,3757.774,-0.186,40.434,10.76,1.7271,45.57,12.127,76.5922,4.5231,-1.879
2037,3754.272,3751.04,-0.172,40.822,10.883,1.727,45.768,12.201,76.7459,4.3878,-1.504
2038,3747.809,3744.667,-0.168,41.12,10.981,1.7225,46.001,12.284,76.8883,4.2618,-1.416
2039,3741.525,3738.798,-0.146,41.44,11.084,1.7194,46.161,12.347,77.0451,4.1338,-0.732
2040,3736.071,3732.856,-0.172,41.764,11.188,1.7174,46.291,12.401,77.2056,4.0045,-1.906
2041,3729.642,3727.1,-0.136,42.09,11.293,1.7188,46.383,12.445,77.368,3.8781,-0.79
2042,3724.559,3721.952,-0.14,42.262,11.355,1.7157,46.458,12.482,77.5286,3.7568,-1.013
2043,3719.345,3716.424,-0.157,42.436,11.418,1.7162,46.496,12.511,77.6898,3.6388,-1.779
2044,3713.503,3710.531,-0.16,42.47,11.446,1.7158,46.536,12.541,77.8429,3.5316,-1.885
2045,3707.559,3703.994,-0.192,42.334,11.429,1.7133,46.57,12.573,77.989,3.4305,-2.894
2046,3700.43,3696.487,-0.213,42.104,11.39,1.7127,46.503,12.58,78.1564,3.3135,-3.482
2047,3692.544,3688.625,-0.212,41.681,11.3,1.7092,46.445,12.592,78.3115,3.2106,-3.078
2048,3684.706,3680.595,-0.223,41.248,11.207,1.7089,46.343,12.591,78.474,3.1057,-3.124
2049,3676.483,3672.456,-0.219,40.685,11.079,1.7068,46.233,12.589,78.6316,3.0053,-2.5
2050,3668.43,3664.014,-0.241,40.169,10.963,1.7091,46.102,12.582,78.7898,2.909,-2.909
2051,3659.598,3654.921,-0.256,39.545,10.82,1.7098,45.981,12.581,78.9403,2.8377,-2.919
2052,3650.243,3644.93,-0.292,38.783,10.64,1.7062,45.863,12.583,79.0885,2.7679,-3.548
2053,3639.616,3634.59,-0.277,38.024,10.462,1.7044,45.677,12.567,79.2479,2.7006,-2.391
2054,3629.564,3624.539,-0.277,37.272,10.283,1.7025,45.564,12.571,79.3917,2.6347,-1.764
2055,3619.514,3613.965,-0.307,36.566,10.118,1.7021,45.413,12.566,79.5426,2.5732,-2.241
2056,3608.416,3602.483,-0.329,35.821,9.943,1.6999,45.311,12.578,79.6851,2.5125,-2.372
2057,3596.551,3590.797,-0.32,35.129,9.783,1.6989,45.207,12.59,79.8287,2.456,-1.436
2058,3585.043,3579.078,-0.333,34.484,9.635,1.6966,45.086,12.597,79.9846,2.3915,-1.338
2059,3573.113,3566.679,-0.361,33.916,9.509,1.6947,44.997,12.616,80.1331,2.3338,-1.771
2060,3560.245,3553.642,-0.372,33.448,9.412,1.6951,44.978,12.657,80.2702,2.2809,-1.687
2061,3547.038,3540.34,-0.378,33.035,9.331,1.6948,44.935,12.692,80.4176,2.2255,-1.502
2062,3533.643,3526.526,-0.404,32.668,9.264,1.6929,44.93,12.741,80.5587,2.1743,-1.962
2063,3519.41,3512.082,-0.417,32.384,9.221,1.6922,44.965,12.803,80.6948,2.125,-2.076
2064,3504.754,3497.157,-0.434,32.157,9.195,1.691,44.983,12.863,80.838,2.0737,-2.366
2065,3489.56,3481.73,-0.45,32.017,9.196,1.6914,45.01,12.928,80.9807,2.0252,-2.68
2066,3473.9,3466.198,-0.444,31.916,9.208,1.6914,45.064,13.001,81.1164,1.989,-2.233
2067,3458.497,3450.995,-0.435,31.816,9.219,1.6885,45.115,13.073,81.2536,1.9457,-1.717
2068,3443.493,3436.026,-0.435,31.835,9.265,1.6894,45.154,13.141,81.3888,1.9039,-1.61
2069,3428.558,3421.042,-0.439,31.89,9.322,1.6906,45.162,13.201,81.531,1.8604,-1.766
2070,3413.527,3406.2,-0.43,31.936,9.376,1.6906,45.152,13.256,81.6687,1.8201,-1.437
2071,3398.872,3391.885,-0.412,31.954,9.421,1.6886,45.16,13.314,81.7983,1.782,-0.766
2072,3384.898,3377.843,-0.418,31.995,9.472,1.6873,45.114,13.356,81.9306,1.7459,-1.004
2073,3370.787,3363.707,-0.421,32.044,9.527,1.6874,45.057,13.395,82.0579,1.7124,-1.134
2074,3356.627,3349.55,-0.423,32.057,9.57,1.6868,44.94,13.417,82.1906,1.6781,-1.274
2075,3342.473,3335.132,-0.44,32.041,9.607,1.6865,44.839,13.444,82.3126,1.6466,-1.893
2076,3327.79,3320.429,-0.443,31.979,9.631,1.6863,44.673,13.454,82.4411,1.6148,-2.02
2077,3313.068,3306.079,-0.423,31.929,9.658,1.689,44.451,13.445,82.576,1.581,-1.462
2078,3299.09,3292.22,-0.417,31.731,9.638,1.6856,44.189,13.422,82.7131,1.5484,-1.288
2079,3285.349,3278.684,-0.407,31.567,9.628,1.6861,43.913,13.394,82.8468,1.5156,-0.972
2080,3272.019,3265.57,-0.395,31.347,9.599,1.6856,43.626,13.359,82.9741,1.4881,-0.622
2081,3259.12,3252.494,-0.407,31.11,9.565,1.6862,43.288,13.309,83.1108,1.4591,-1.074
2082,3245.869,3239.132,-0.416,30.787,9.505,1.6847,42.99,13.272,83.2312,1.4364,-1.279
2083,3232.395,3225.695,-0.415,30.414,9.429,1.6827,42.646,13.221,83.3656,1.4085,-1.161
2084,3218.995,3212.106,-0.429,30.056,9.357,1.683,42.358,13.187,83.4867,1.3856,-1.477
2085,3205.217,3198.08,-0.446,29.636,9.267,1.6815,42.061,13.152,83.6103,1.3622,-1.859
2086,3190.943,3183.965,-0.438,29.213,9.175,1.6813,41.796,13.127,83.733,1.3379,-1.367
2087,3176.987,3169.782,-0.455,28.745,9.068,1.6783,41.538,13.104,83.8598,1.3143,-1.606
2088,3162.576,3155.411,-0.454,28.312,8.973,1.6778,41.303,13.09,83.988,1.2912,-1.355
2089,3148.246,3141.06,-0.458,27.882,8.876,1.6767,41.129,13.094,84.1104,1.2702,-1.117
2090,3133.874,3126.809,-0.452,27.48,8.789,1.6762,40.958,13.099,84.2433,1.2465,-0.648
2091,3119.745,3112.418,-0.471,27.093,8.705,1.6748,40.807,13.111,84.3818,1.2217,-0.936
2092,3105.09,3097.885,-0.465,26.743,8.633,1.6744,40.783,13.165,84.4993,1.2012,-0.377
2093,3090.68,3083.061,-0.494,26.458,8.582,1.6756,40.797,13.233,84.6157,1.1827,-0.904
2094,3075.443,3067.749,-0.502,26.159,8.527,1.6744,40.83,13.31,84.7398,1.1615,-0.712
2095,3060.055,3052.29,-0.509,25.917,8.491,1.6746,40.908,13.402,84.856,1.1428,-0.532
2096,3044.526,3036.52,-0.527,25.71,8.467,1.6745,41.001,13.503,84.9786,1.124,-0.728
2097,3028.513,3020.16,-0.553,25.513,8.447,1.6731,41.094,13.607,85.1011,1.1042,-1.117
2098,3011.808,3003.437,-0.557,25.345,8.439,1.6721,41.226,13.726,85.2159,1.0874,-0.864
2099,2995.066,2986.566,-0.569,25.229,8.447,1.6723,41.33,13.839,85.3361,1.0695,-0.902
2100,2978.067,2969.403,-0.584,25.127,8.462,1.6719,41.423,13.95,85.4562,1.052,-1.03
2101,2960.739,,,,,,,,,,
