geography_id,year,flow,item_id,value_usd,source_value,source_unit,value_status,publication_status,role,source_block,source_id,source_sheet,source_cell,source_label,source_number_format
georgia,1995,export,goods.total,155199297.00000012000000,155.19929700000012,million_usd,numeric,unspecified,total,1995-2025,geostat_trade_ftrade-1995-2026,1995-2026,B5,Total Exports,"#,##0.0"
georgia,1996,export,goods.total,203022304.70000029000000,203.02230470000029,million_usd,numeric,unspecified,total,1995-2025,geostat_trade_ftrade-1995-2026,1995-2026,C5,Total Exports,"#,##0.0"
georgia,1997,export,goods.total,244227434.2000000,244.2274342,million_usd,numeric,unspecified,total,1995-2025,geostat_trade_ftrade-1995-2026,1995-2026,D5,Total Exports,"#,##0.0"
georgia,1998,export,goods.total,191317465.36173435000000,191.31746536173435,million_usd,numeric,unspecified,total,1995-2025,geostat_trade_ftrade-1995-2026,1995-2026,E5,Total Exports,"#,##0.0"
georgia,1999,export,goods.total,238005614.1243457000000,238.0056141243457,million_usd,numeric,unspecified,total,1995-2025,geostat_trade_ftrade-1995-2026,1995-2026,F5,Total Exports,"#,##0.0"
georgia,2000,export,goods.total,323938266.59000024000000,323.93826659000024,million_usd,numeric,unspecified,total,1995-2025,geostat_trade_ftrade-1995-2026,1995-2026,G5,Total Exports,"#,##0.0"
georgia,2001,export,goods.total,317150882.32999989000000,317.15088232999989,million_usd,numeric,unspecified,total,1995-2025,geostat_trade_ftrade-1995-2026,1995-2026,H5,Total Exports,"#,##0.0"
georgia,2002,export,goods.total,345736068.18509995000000,345.73606818509995,million_usd,numeric,unspecified,total,1995-2025,geostat_trade_ftrade-1995-2026,1995-2026,I5,Total Exports,"#,##0.0"
georgia,2003,export,goods.total,461310038.13000024000000,461.31003813000024,million_usd,numeric,unspecified,total,1995-2025,geostat_trade_ftrade-1995-2026,1995-2026,J5,Total Exports,"#,##0.0"
georgia,2004,export,goods.total,646902962.53999963000000,646.90296253999963,million_usd,numeric,unspecified,total,1995-2025,geostat_trade_ftrade-1995-2026,1995-2026,K5,Total Exports,"#,##0.0"
georgia,2005,export,goods.total,865455633.34075837000000,865.45563334075837,million_usd,numeric,unspecified,total,1995-2025,geostat_trade_ftrade-1995-2026,1995-2026,L5,Total Exports,"#,##0.0"
georgia,2006,export,goods.total,936374626.99584046000000,936.37462699584046,million_usd,numeric,unspecified,total,1995-2025,geostat_trade_ftrade-1995-2026,1995-2026,M5,Total Exports,"#,##0.0"
georgia,2007,export,goods.total,1232110470.0131089000000,1232.1104700131089,million_usd,numeric,unspecified,total,1995-2025,geostat_trade_ftrade-1995-2026,1995-2026,N5,Total Exports,"#,##0.0"
georgia,2008,export,goods.total,1495345238.1093614000000,1495.3452381093614,million_usd,numeric,unspecified,total,1995-2025,geostat_trade_ftrade-1995-2026,1995-2026,O5,Total Exports,"#,##0.0"
georgia,2009,export,goods.total,1133630226.2349393000000,1133.6302262349393,million_usd,numeric,unspecified,total,1995-2025,geostat_trade_ftrade-1995-2026,1995-2026,P5,Total Exports,"#,##0.0"
georgia,2010,export,goods.total,1677306898.4732517000000,1677.3068984732517,million_usd,numeric,unspecified,total,1995-2025,geostat_trade_ftrade-1995-2026,1995-2026,Q5,Total Exports,"#,##0.0"
georgia,2011,export,goods.total,2186421208.8433037000000,2186.4212088433037,million_usd,numeric,unspecified,total,1995-2025,geostat_trade_ftrade-1995-2026,1995-2026,R5,Total Exports,"#,##0.0"
georgia,2012,export,goods.total,2376635368.2062258000000,2376.6353682062258,million_usd,numeric,unspecified,total,1995-2025,geostat_trade_ftrade-1995-2026,1995-2026,S5,Total Exports,"#,##0.0"
georgia,2013,export,goods.total,2910314539.8167098000000,2910.3145398167098,million_usd,numeric,unspecified,total,1995-2025,geostat_trade_ftrade-1995-2026,1995-2026,T5,Total Exports,"#,##0.0"
georgia,2014,export,goods.total,2861045178.6708636000000,2861.0451786708636,million_usd,numeric,unspecified,total,1995-2025,geostat_trade_ftrade-1995-2026,1995-2026,U5,Total Exports,"#,##0.0"
georgia,2015,export,goods.total,2204182637.4688535000000,2204.1826374688535,million_usd,numeric,unspecified,total,1995-2025,geostat_trade_ftrade-1995-2026,1995-2026,V5,Total Exports,"_-* #,##0.0_р_._-;\-* #,##0.0_р_._-;_-* ""-""??_р_._-;_-@_-"
georgia,2016,export,goods.total,2117136440.0444522000000,2117.1364400444522,million_usd,numeric,unspecified,total,1995-2025,geostat_trade_ftrade-1995-2026,1995-2026,W5,Total Exports,"_-* #,##0.0_р_._-;\-* #,##0.0_р_._-;_-* ""-""??_р_._-;_-@_-"
georgia,2017,export,goods.total,2745667083.2556579000000,2745.6670832556579,million_usd,numeric,unspecified,total,1995-2025,geostat_trade_ftrade-1995-2026,1995-2026,X5,Total Exports,"_-* #,##0.0_р_._-;\-* #,##0.0_р_._-;_-* ""-""??_р_._-;_-@_-"
georgia,2018,export,goods.total,3379656917.6440134000000,3379.6569176440134,million_usd,numeric,unspecified,total,1995-2025,geostat_trade_ftrade-1995-2026,1995-2026,Y5,Total Exports,"_-* #,##0.0_р_._-;\-* #,##0.0_р_._-;_-* ""-""??_р_._-;_-@_-"
georgia,2019,export,goods.total,3797041208.5034382000000,3797.0412085034382,million_usd,numeric,unspecified,total,1995-2025,geostat_trade_ftrade-1995-2026,1995-2026,Z5,Total Exports,"_-* #,##0.0_р_._-;\-* #,##0.0_р_._-;_-* ""-""??_р_._-;_-@_-"
georgia,2020,export,goods.total,3340635707.4159801000000,3340.6357074159801,million_usd,numeric,unspecified,total,1995-2025,geostat_trade_ftrade-1995-2026,1995-2026,AA5,Total Exports,"_-* #,##0.0_р_._-;\-* #,##0.0_р_._-;_-* ""-""??_р_._-;_-@_-"
georgia,2021,export,goods.total,4242456417.0325648000000,4242.4564170325648,million_usd,numeric,unspecified,total,1995-2025,geostat_trade_ftrade-1995-2026,1995-2026,AB5,Total Exports,"_-* #,##0.0_р_._-;\-* #,##0.0_р_._-;_-* ""-""??_р_._-;_-@_-"
georgia,2022,export,goods.total,5582502216.6970257000000,5582.5022166970257,million_usd,numeric,unspecified,total,1995-2025,geostat_trade_ftrade-1995-2026,1995-2026,AC5,Total Exports,"_-* #,##0.0_р_._-;\-* #,##0.0_р_._-;_-* ""-""??_р_._-;_-@_-"
georgia,2023,export,goods.total,6085879620.5488416000000,6085.8796205488416,million_usd,numeric,unspecified,total,1995-2025,geostat_trade_ftrade-1995-2026,1995-2026,AD5,Total Exports,"_-* #,##0.0_р_._-;\-* #,##0.0_р_._-;_-* ""-""??_р_._-;_-@_-"
georgia,2024,export,goods.total,6561882251.2075549000000,6561.8822512075549,million_usd,numeric,unspecified,total,1995-2025,geostat_trade_ftrade-1995-2026,1995-2026,AE5,Total Exports,"_-* #,##0.0_р_._-;\-* #,##0.0_р_._-;_-* ""-""??_р_._-;_-@_-"
georgia,2025,export,goods.total,7287805027.5742908000000,7287.8050275742908,million_usd,numeric,unspecified,total,1995-2025,geostat_trade_ftrade-1995-2026,1995-2026,AF5,Total Exports,"_-* #,##0.0_р_._-;\-* #,##0.0_р_._-;_-* ""-""??_р_._-;_-@_-"
georgia,1995,import,goods.total,488696492.16165982000000,488.69649216165982,million_usd,numeric,unspecified,total,1995-2025,geostat_trade_ftrade-1995-2026,1995-2026,B20,Total Imports,"#,##0.0"
georgia,1996,import,goods.total,751223566.4166999000000,751.2235664166999,million_usd,numeric,unspecified,total,1995-2025,geostat_trade_ftrade-1995-2026,1995-2026,C20,Total Imports,"#,##0.0"
georgia,1997,import,goods.total,995320072.48000025000000,995.32007248000025,million_usd,numeric,unspecified,total,1995-2025,geostat_trade_ftrade-1995-2026,1995-2026,D20,Total Imports,"#,##0.0"
georgia,1998,import,goods.total,882491117.69125784000000,882.49111769125784,million_usd,numeric,unspecified,total,1995-2025,geostat_trade_ftrade-1995-2026,1995-2026,E20,Total Imports,"#,##0.0"
georgia,1999,import,goods.total,689589969.98380326000000,689.58996998380326,million_usd,numeric,unspecified,total,1995-2025,geostat_trade_ftrade-1995-2026,1995-2026,F20,Total Imports,"#,##0.0"
georgia,2000,import,goods.total,709509126.31808046000000,709.50912631808046,million_usd,numeric,unspecified,total,1995-2025,geostat_trade_ftrade-1995-2026,1995-2026,G20,Total Imports,"#,##0.0"
georgia,2001,import,goods.total,752010911.61169973000000,752.01091161169973,million_usd,numeric,unspecified,total,1995-2025,geostat_trade_ftrade-1995-2026,1995-2026,H20,Total Imports,"#,##0.0"
georgia,2002,import,goods.total,794691603.41000043000000,794.69160341000043,million_usd,numeric,unspecified,total,1995-2025,geostat_trade_ftrade-1995-2026,1995-2026,I20,Total Imports,"#,##0.0"
georgia,2003,import,goods.total,1139039159.3500026000000,1139.0391593500026,million_usd,numeric,unspecified,total,1995-2025,geostat_trade_ftrade-1995-2026,1995-2026,J20,Total Imports,"#,##0.0"
georgia,2004,import,goods.total,1844342929.4279874000000,1844.3429294279874,million_usd,numeric,unspecified,total,1995-2025,geostat_trade_ftrade-1995-2026,1995-2026,K20,Total Imports,"#,##0.0"
georgia,2005,import,goods.total,2487548345.9062589000000,2487.5483459062589,million_usd,numeric,unspecified,total,1995-2025,geostat_trade_ftrade-1995-2026,1995-2026,L20,Total Imports,"#,##0.0"
georgia,2006,import,goods.total,3674832445.4492486000000,3674.8324454492486,million_usd,numeric,unspecified,total,1995-2025,geostat_trade_ftrade-1995-2026,1995-2026,M20,Total Imports,"#,##0.0"
georgia,2007,import,goods.total,5212150246.3161623000000,5212.1502463161623,million_usd,numeric,unspecified,total,1995-2025,geostat_trade_ftrade-1995-2026,1995-2026,N20,Total Imports,"#,##0.0"
georgia,2008,import,goods.total,6301540343.0101805000000,6301.5403430101805,million_usd,numeric,unspecified,total,1995-2025,geostat_trade_ftrade-1995-2026,1995-2026,O20,Total Imports,"#,##0.0"
georgia,2009,import,goods.total,4475724508.792171000000,4475.724508792171,million_usd,numeric,unspecified,total,1995-2025,geostat_trade_ftrade-1995-2026,1995-2026,P20,Total Imports,"#,##0.0"
georgia,2010,import,goods.total,5235964558.7119312000000,5235.9645587119312,million_usd,numeric,unspecified,total,1995-2025,geostat_trade_ftrade-1995-2026,1995-2026,Q20,Total Imports,"#,##0.0"
georgia,2011,import,goods.total,7072259779.4623662000000,7072.2597794623662,million_usd,numeric,unspecified,total,1995-2025,geostat_trade_ftrade-1995-2026,1995-2026,R20,Total Imports,"#,##0.0"
georgia,2012,import,goods.total,8056379015.907256000000,8056.379015907256,million_usd,numeric,unspecified,total,1995-2025,geostat_trade_ftrade-1995-2026,1995-2026,S20,Total Imports,"#,##0.0"
georgia,2013,import,goods.total,8022546397.8869893000000,8022.5463978869893,million_usd,numeric,unspecified,total,1995-2025,geostat_trade_ftrade-1995-2026,1995-2026,T20,Total Imports,"#,##0.0"
georgia,2014,import,goods.total,8601814354.5470193000000,8601.8143545470193,million_usd,numeric,unspecified,total,1995-2025,geostat_trade_ftrade-1995-2026,1995-2026,U20,Total Imports,"#,##0.0"
georgia,2015,import,goods.total,7304152715.6147458000000,7304.1527156147458,million_usd,numeric,unspecified,total,1995-2025,geostat_trade_ftrade-1995-2026,1995-2026,V20,Total Imports,"_-* #,##0.0_р_._-;\-* #,##0.0_р_._-;_-* ""-""??_р_._-;_-@_-"
georgia,2016,import,goods.total,7341698114.4893707000000,7341.6981144893707,million_usd,numeric,unspecified,total,1995-2025,geostat_trade_ftrade-1995-2026,1995-2026,W20,Total Imports,"_-* #,##0.0_р_._-;\-* #,##0.0_р_._-;_-* ""-""??_р_._-;_-@_-"
georgia,2017,import,goods.total,8057082210.5736943000000,8057.0822105736943,million_usd,numeric,unspecified,total,1995-2025,geostat_trade_ftrade-1995-2026,1995-2026,X20,Total Imports,"_-* #,##0.0_р_._-;\-* #,##0.0_р_._-;_-* ""-""??_р_._-;_-@_-"
georgia,2018,import,goods.total,9361247035.8862593000000,9361.2470358862593,million_usd,numeric,unspecified,total,1995-2025,geostat_trade_ftrade-1995-2026,1995-2026,Y20,Total Imports,"_-* #,##0.0_р_._-;\-* #,##0.0_р_._-;_-* ""-""??_р_._-;_-@_-"
georgia,2019,import,goods.total,9517967520.3826791000000,9517.9675203826791,million_usd,numeric,unspecified,total,1995-2025,geostat_trade_ftrade-1995-2026,1995-2026,Z20,Total Imports,"_-* #,##0.0_р_._-;\-* #,##0.0_р_._-;_-* ""-""??_р_._-;_-@_-"
georgia,2020,import,goods.total,8048758483.0401811000000,8048.7584830401811,million_usd,numeric,unspecified,total,1995-2025,geostat_trade_ftrade-1995-2026,1995-2026,AA20,Total Imports,"_-* #,##0.0_р_._-;\-* #,##0.0_р_._-;_-* ""-""??_р_._-;_-@_-"
georgia,2021,import,goods.total,10099041319.938764000000,10099.041319938764,million_usd,numeric,unspecified,total,1995-2025,geostat_trade_ftrade-1995-2026,1995-2026,AB20,Total Imports,"_-* #,##0.0_р_._-;\-* #,##0.0_р_._-;_-* ""-""??_р_._-;_-@_-"
georgia,2022,import,goods.total,13539713872.844093000000,13539.713872844093,million_usd,numeric,unspecified,total,1995-2025,geostat_trade_ftrade-1995-2026,1995-2026,AC20,Total Imports,"_-* #,##0.0_р_._-;\-* #,##0.0_р_._-;_-* ""-""??_р_._-;_-@_-"
georgia,2023,import,goods.total,15615270126.51411000000,15615.27012651411,million_usd,numeric,unspecified,total,1995-2025,geostat_trade_ftrade-1995-2026,1995-2026,AD20,Total Imports,"_-* #,##0.0_р_._-;\-* #,##0.0_р_._-;_-* ""-""??_р_._-;_-@_-"
georgia,2024,import,goods.total,16916834845.710335000000,16916.834845710335,million_usd,numeric,unspecified,total,1995-2025,geostat_trade_ftrade-1995-2026,1995-2026,AE20,Total Imports,"_-* #,##0.0_р_._-;\-* #,##0.0_р_._-;_-* ""-""??_р_._-;_-@_-"
georgia,2025,import,goods.total,18648513307.186789000000,18648.513307186789,million_usd,numeric,unspecified,total,1995-2025,geostat_trade_ftrade-1995-2026,1995-2026,AF20,Total Imports,"_-* #,##0.0_р_._-;\-* #,##0.0_р_._-;_-* ""-""??_р_._-;_-@_-"
