limitation_id,family,flow,first_year,last_year,source_refs,status,explanation
regions.unknown_products,goods_regions,export,2022,2025,"[[""geostat_trade_export-by-regions-and-sitc-4-digital"",""Export"",""H4789""],[""geostat_trade_export-by-regions-and-sitc-4-digital"",""Export"",""M4789""],[""geostat_trade_export-by-regions-and-sitc-4-digital"",""Export"",""R4789""],[""geostat_trade_export-by-regions-and-sitc-4-digital"",""Export"",""W4789""]]",not_published,Unknown-region totals have no published product detail. Do not allocate or manufacture zeroes.
regions.registered_address,goods_regions,export,2022,2025,"[[""geostat_trade_export-by-regions-and-sitc-4-digital"",""Export"",""A1""]]",attribution_limit,Registered address of trading entities; neither production nor consumption location.
regions.footer_2026,goods_regions,export,2026,2026,"[[""geostat_trade_export-by-regions-and-sitc-4-digital"",""Export"",""A4797""]]",archived_only,May 2026 footer conflicts with second-quarter 2026 columns. No 2026 value is prepared.
regions.unknown_products,goods_regions,import,2022,2025,"[[""geostat_trade_import-by-regions-and-sitc-4-digital"",""Import"",""H8255""],[""geostat_trade_import-by-regions-and-sitc-4-digital"",""Import"",""M8255""],[""geostat_trade_import-by-regions-and-sitc-4-digital"",""Import"",""R8255""],[""geostat_trade_import-by-regions-and-sitc-4-digital"",""Import"",""W8255""]]",not_published,Unknown-region totals have no published product detail. Do not allocate or manufacture zeroes.
regions.registered_address,goods_regions,import,2022,2025,"[[""geostat_trade_import-by-regions-and-sitc-4-digital"",""Import"",""A1""]]",attribution_limit,Registered address of trading entities; neither production nor consumption location.
regions.footer_2026,goods_regions,import,2026,2026,"[[""geostat_trade_import-by-regions-and-sitc-4-digital"",""Import"",""A8263""]]",archived_only,May 2026 footer conflicts with second-quarter 2026 columns. No 2026 value is prepared.
services.uk_country_conflict.2022,services,import,2022,2022,"[[""geostat_services_georgian-imports-of-services-by-countries"",""Sheet1"",""E116""],[""geostat_services_georgian-imports-of-services-by-types-and-countries"",""Sheet1"",""E13""],[""geostat_services_georgian-imports-of-services-by-types-and-countries"",""Sheet1"",""E71""],[""geostat_services_georgian-imports-of-services-by-types-and-countries"",""Sheet1"",""E180""],[""geostat_services_georgian-imports-of-services-by-types-and-countries"",""Sheet1"",""E251""],[""geostat_services_georgian-imports-of-services-by-types-and-countries"",""Sheet1"",""E290""],[""geostat_services_georgian-imports-of-services-by-types-and-countries"",""Sheet1"",""E382""],[""geostat_services_georgian-imports-of-services-by-types-and-countries"",""Sheet1"",""E449""],[""geostat_services_georgian-imports-of-services-by-types-and-countries"",""Sheet1"",""E519""],[""geostat_services_georgian-imports-of-services-by-types-and-countries"",""Sheet1"",""E610""],[""geostat_services_georgian-imports-of-services-by-types-and-countries"",""Sheet1"",""E710""],[""geostat_services_georgian-imports-of-services-by-types-and-countries"",""Sheet1"",""E772""],[""geostat_services_georgian-imports-of-services-by-types-and-countries"",""Sheet1"",""E839""]]",unresolved_source_conflict,Published UK country total and twelve numeric type-country rows differ by USD 192236.9999999937351000. Retain both originals; block acceptance of their cross-dimensional agreement until publisher clarification.
services.uk_country_conflict.2024,services,import,2024,2024,"[[""geostat_services_georgian-imports-of-services-by-countries"",""Sheet1"",""G116""],[""geostat_services_georgian-imports-of-services-by-types-and-countries"",""Sheet1"",""G13""],[""geostat_services_georgian-imports-of-services-by-types-and-countries"",""Sheet1"",""G71""],[""geostat_services_georgian-imports-of-services-by-types-and-countries"",""Sheet1"",""G180""],[""geostat_services_georgian-imports-of-services-by-types-and-countries"",""Sheet1"",""G251""],[""geostat_services_georgian-imports-of-services-by-types-and-countries"",""Sheet1"",""G290""],[""geostat_services_georgian-imports-of-services-by-types-and-countries"",""Sheet1"",""G382""],[""geostat_services_georgian-imports-of-services-by-types-and-countries"",""Sheet1"",""G449""],[""geostat_services_georgian-imports-of-services-by-types-and-countries"",""Sheet1"",""G519""],[""geostat_services_georgian-imports-of-services-by-types-and-countries"",""Sheet1"",""G610""],[""geostat_services_georgian-imports-of-services-by-types-and-countries"",""Sheet1"",""G710""],[""geostat_services_georgian-imports-of-services-by-types-and-countries"",""Sheet1"",""G772""],[""geostat_services_georgian-imports-of-services-by-types-and-countries"",""Sheet1"",""G839""]]",unresolved_source_conflict,Published UK country total and twelve numeric type-country rows differ by USD 379883.87000004625000. Retain both originals; block acceptance of their cross-dimensional agreement until publisher clarification.
services.unlabelled_maintenance,services,export,2023,2024,"[[""geostat_services_georgian-exports-of-services-by-types-and-countries"",""Sheet1 "",""F36""],[""geostat_services_georgian-exports-of-services-by-types-and-countries"",""Sheet1 "",""G36""]]",unidentified_remainder,Unlabelled positive amounts reconcile maintenance totals. Keep them as supporting observations without allocating them to a named country.
services.detailed_history,services,,2020,2024,[],coverage_limit,Detailed Geostat annual services files stop at 2024. No older NBG series or 2025 value is backfilled.
products.historical_identity,goods_products,,1995,2025,[],retained_separate,Historical source blocks and changing labels are retained separately; current HS2022 metadata does not prove historical harmonization.
