source_id,dataset_title,publisher,role,family,source_page_url,retrieved_file_url,retrieved_at,local_file,sha256,bytes,source_year_min,source_year_max,unit,notes
source.geostat_municipal_population,Population as of 1 January by regions and self-governed units,National Statistics Office of Georgia (Geostat),canonical input (proposed),A population,https://www.geostat.ge/en/modules/categories/41/population,https://www.geostat.ge/media/78356/01-population-by-self-governed-unit.xlsx,2026-10-01,docs/Raw Data/Municipalities/geostat-population-regional-gdp/official/01-population-by-self-governed-unit.xlsx,8BD7A1B56E756E8D6BC92192095795B204B23FD18274AAFF39B78C0B0A487A57,34994,1994,2026,thousands,"Reused existing capture of 2026-08-03; re-downloaded 2026-10-01 with identical bytes, so Geostat has not re-estimated 2015-2024. Stored at person precision (display format shows one decimal). 2025 onward census-based."
source.geostat_demography_population_age_sex,Population as of 1 January by 5-year age groups and sex,National Statistics Office of Georgia (Geostat),canonical input (proposed),B structure,https://www.geostat.ge/en/modules/categories/41/population,https://geostat.ge/media/78359/02-population-by-age-groups-and-sex.xlsx,2026-10-01,official/02-population-by-age-groups-and-sex.xlsx,24090597005B62BCBA6EC966A4CBF6726E97F1C8FB03245404F8EDF94A5770F1,30302,1994,2026,thousands,"National; sex by age group (0, 1-4, 5-9 ... 85+). Thousands stored at person precision. Total equals table 01 Georgia in every year. 2025 and 2026 are census-based; census recalculation footnote."
source.geostat_demography_population_single_age,Population as of 1 January by age and sex (single years of age),National Statistics Office of Georgia (Geostat),"archived, not served in this stage",B structure,https://www.geostat.ge/en/modules/categories/41/population,https://geostat.ge/media/78360/02-1-population-by-age-and-sex.xlsx,2026-10-01,official/02-1-population-by-age-and-sex.xlsx,BFDD598E88337464E56F6063FA34DD4E7B20C8912053106648A3D42EB06CD015,33012,2015,2026,persons,"National; single years of age 0..84 and 85+, exact persons, 2015-2026. Kept for school-age and pension-age cohorts in a later budget-linked stage. Census recalculation footnote."
source.geostat_demography_population_mid_year,Mid-year population by self-governed units,National Statistics Office of Georgia (Geostat),validation only,A population,https://www.geostat.ge/en/modules/categories/41/population,https://geostat.ge/media/78362/04-mid-year-population-by-self-governed-units.xlsx,2026-10-01,official/04-mid-year-population-by-self-governed-units.xlsx,1B443DF324A99D7036BBFF3DFFBC9A8A0AE4EF0C3E0F2CCACE45626E440458D6,35244,1994,2025,thousands,"Denominator of Geostat's rates. Equals the average of consecutive 1 January values except 2024, which stays on the pre-census basis (3,699.557 thousand)."
source.geostat_demography_median_age,Median age by sex,National Statistics Office of Georgia (Geostat),validation only,B structure,https://www.geostat.ge/en/modules/categories/41/population,https://geostat.ge/media/78432/06-median-age-by-sex.xlsx,2026-10-01,official/06-median-age-by-sex.xlsx,544D92189C9D853F5FE5B403BCAFF04CB3F8E96B30739A783E706965D0D34571,10942,1994,2026,years,Published median age; breaks at 2025 with the census. Census recalculation footnote.
source.geostat_demography_share_65_plus,Percentage of population aged 65 and over by sex,National Statistics Office of Georgia (Geostat),validation only,B structure,https://www.geostat.ge/en/modules/categories/41/population,https://geostat.ge/media/78366/07-percentage-of-population-at-aged-65-and-over-by-sex.xlsx,2026-10-01,official/07-percentage-of-population-at-aged-65-and-over-by-sex.xlsx,B0C48DAF2F71F6CFF246FA4A2FE8AA57C719DB11C08F9D1911AE6EE85048541D,11009,1994,2026,%,Reproducible from table 02 within 1-decimal rounding. Census recalculation footnote.
source.geostat_demography_age_dependency,Age dependency ratios,National Statistics Office of Georgia (Geostat),validation only,B structure,https://www.geostat.ge/en/modules/categories/41/population,https://geostat.ge/media/78365/08-age-dependency-ratios.xlsx,2026-10-01,official/08-age-dependency-ratios.xlsx,D5A8896E6882A379C5D9F5A80B853360E111BC09B0802F49F26FDE2EBF3DF24A,12602,1994,2026,,"Total, child and old-age dependency ratios; reproducible from table 02 within 1-decimal rounding. Census recalculation footnote."
source.geostat_demography_births,Number of live births by regions and self-governed units,National Statistics Office of Georgia (Geostat),canonical input (proposed),C vital events,https://www.geostat.ge/en/modules/categories/319/births,https://geostat.ge/media/77847/09-number-of-live-births-by-self-governed-units.xlsx,2026-10-01,official/09-number-of-live-births-by-self-governed-units.xlsx,B8B2B0C352AA1E787925E896773B40AA7181D7B2C83BB05C9A1646C7F798A58D,26206,1994,2025,persons,"Georgia, region and municipality rows. Registered-in-year basis; 1995-2013 retro-projection, from 2014 registered data. Starred city rows are separate in 2014-2016 only."
source.geostat_demography_crude_birth_rate,Crude birth rate (Live births per 1 000 population),National Statistics Office of Georgia (Geostat),canonical input (proposed),C vital events,https://www.geostat.ge/en/modules/categories/319/births,https://geostat.ge/media/78372/15-crude-birth-rate.xlsx,2026-10-01,official/15-crude-birth-rate.xlsx,9A22452C6363F3B55F43487811FBF9169E6D94B01432A0F8AD393F39D63C55DB,10365,1994,2025,,"Births per 1,000 mid-year population, carried as published from 2014; still recomputed from tables 09 and 04 within 1-decimal rounding. Steps at 2014 (method) and 2025 (census denominator)."
source.geostat_demography_fertility,Age specific fertility rates and total fertility rate (TFR),National Statistics Office of Georgia (Geostat),canonical input (proposed),C vital events,https://www.geostat.ge/en/modules/categories/319/births,https://geostat.ge/media/78374/16-age-specific-fertility-rates-and-total-fertility-rate.xlsx,2026-10-01,official/16-age-specific-fertility-rates-and-total-fertility-rate.xlsx,86BF7DC84062E4356CD62626DCDA9BBF0E9BB56A74E063E08B1DFA04413A75AA,12201,1994,2025,,"Age-specific rates per 1,000 women and total fertility rate; TFR equals 5 x the sum of the age-specific rates within 0.005. Steps at 2014 (method) and 2025 (census)."
source.geostat_demography_deaths,Number of deaths by regions and self-governed units,National Statistics Office of Georgia (Geostat),canonical input (proposed),C vital events,https://www.geostat.ge/en/modules/categories/320/deaths,https://geostat.ge/media/77865/19-number-of-deaths-by-self-governed-units.xlsx,2026-10-01,official/19-number-of-deaths-by-self-governed-units.xlsx,E3F63EF59C1DC81973D38077B062DDC7D63FB4C77650358F7A5295EBEB911A5F,25857,1994,2025,persons,"Georgia, region and municipality rows. Registered-in-year basis; same retro-projection note as births. Starred city rows are separate in 2014-2016 only."
source.geostat_demography_infant_deaths,Number of infant deaths by age and sex,National Statistics Office of Georgia (Geostat),validation only,C vital events,https://www.geostat.ge/en/modules/categories/320/deaths,https://geostat.ge/media/77868/21-number-of-infant-deaths-by-age-and-sex.xlsx,2026-10-01,official/21-number-of-infant-deaths-by-age-and-sex.xlsx,F4753CBA6BB5A2F5970E09202200581A2EAF99955E5394E88B00683DA45384CD,12198,1995,2025,persons,"Infant deaths, used to recompute the infant mortality rate."
source.geostat_demography_crude_death_rate,Crude death rate (death per 1 000 population),National Statistics Office of Georgia (Geostat),canonical input (proposed),C vital events,https://www.geostat.ge/en/modules/categories/320/deaths,https://geostat.ge/media/78381/24-crude-death-rate.xlsx,2026-10-01,official/24-crude-death-rate.xlsx,76C2F5D4A152D7E0241C0A7582EFBC59C7B2A12D41243FEE1A5FED9E3CFCE07E,10249,1994,2025,,"Deaths per 1,000 mid-year population, carried as published from 2014; still recomputed within 1-decimal rounding. Steps at 2025 (census denominator)."
source.geostat_demography_infant_mortality,"Infant mortality rate by sex (infant deaths per 1,000 live births)",National Statistics Office of Georgia (Geostat),canonical input (proposed),C vital events,https://www.geostat.ge/en/modules/categories/320/deaths,https://geostat.ge/media/77870/25-infant-mortality-rate-by-sex.xlsx,2026-10-01,official/25-infant-mortality-rate-by-sex.xlsx,CA9E127B04EEEF4BE4AF0038FFC4605ED11FDDDDB14B38F7B432E5A6753160D1,11517,1994,2025,,"Infant deaths per 1,000 live births. Early years stored at full precision; recent years rounded to 1 decimal."
source.geostat_demography_life_tables,Abridged life tables,National Statistics Office of Georgia (Geostat),validation only,C vital events,https://www.geostat.ge/en/modules/categories/320/deaths,https://geostat.ge/media/78383/27-life-tables.xlsx,2026-10-01,official/27-life-tables.xlsx,023040E8160AB3C1A488CCDC0BF13DBE0E07A361CACFB310EC477F66DC245BEF,209318,1994,2025,,Abridged life tables. Its e0 differs from table 28 by up to 0.157 years because table 28 is actuarial from 2002.
source.geostat_demography_life_expectancy,Life expectancy at births by sex,National Statistics Office of Georgia (Geostat),canonical input (proposed),C vital events,https://www.geostat.ge/en/modules/categories/320/deaths,https://geostat.ge/media/78384/28-life-expectancy-at-births-by-sex.xlsx,2026-10-01,official/28-life-expectancy-at-births-by-sex.xlsx,FC679C041FE6190848056081977AFA8D0E17DB103667176A5C02E918D70FB6D6,11040,1994,2025,years,"Life expectancy at birth, both sexes, males, females. Abridged life table before 2002, actuarial from 2002."
source.geostat_demography_natural_increase,Natural increase by regions and self-governed units,National Statistics Office of Georgia (Geostat),canonical input (proposed),C vital events,https://www.geostat.ge/en/modules/categories/321/natural-increase,https://geostat.ge/media/77876/29-Natural-increase-by-regions-and-self-governed-units.xlsx,2026-10-01,official/29-Natural-increase-by-regions-and-self-governed-units.xlsx,DB4C2D808F17936DE45CF5B8BE6EB2F7C267C9B09CE7A182F873C3FD4591417E,26528,1994,2025,persons,"Equals births minus deaths in every year at Georgia level. Cell AB85 (C. Gori*, 2020) holds a stray 0 where births and deaths have no cell."
source.geostat_demography_natural_increase_rate,Natural increase rate (per 1 000 population),National Statistics Office of Georgia (Geostat),validation only,C vital events,https://www.geostat.ge/en/modules/categories/321/natural-increase,https://geostat.ge/media/78386/30-natural-increase-rate.xlsx,2026-10-01,official/30-natural-increase-rate.xlsx,FAD8EF27B29077A3F3F8B5CB399FF58D1B7DFB452E595539DC7DBE58511F95AD,10393,1994,2025,,"Per 1,000 mid-year population; recomputable within 1-decimal rounding."
source.geostat_demography_net_migration,Net migration (number and rate),National Statistics Office of Georgia (Geostat),canonical input (proposed),D migration,https://www.geostat.ge/en/modules/categories/322/migration,https://geostat.ge/media/78399/31-net-migration.xlsx,2026-10-01,official/31-net-migration.xlsx,05AEDD93E72BA63AB12B13FEEC8C46D6CE8870DADEF3ECE94FC7B87F65FA2196,11440,1994,2025,,"Net migration and rate per 1,000. 1995-2011 retro-projection; from 2012 Ministry of Internal Affairs border police data."
source.geostat_demography_migration_age_sex,Number of immigrants and emigrants by age and sex,National Statistics Office of Georgia (Geostat),validation only,D migration,https://www.geostat.ge/en/modules/categories/322/migration,https://geostat.ge/media/78400/32-number-of-immigrants-and-emigrants-by-age-and-sex.xlsx,2026-10-01,official/32-number-of-immigrants-and-emigrants-by-age-and-sex.xlsx,222A1CF5430DB5D44253282E34BE1FDCAD8D3AFEC43C355BF04C98BA7AB21CB1,48483,2002,2025,persons,Year-stacked blocks. 2002-2011 retro-projection; from 2012 border police data. Its totals are checked against table 33; age detail is not served.
source.geostat_demography_migration_citizenship,Number of immigrants and emigrants by sex and citizenship,National Statistics Office of Georgia (Geostat),canonical input (proposed),D migration,https://www.geostat.ge/en/modules/categories/322/migration,https://geostat.ge/media/78458/33-number-of-immigrants-and-emigrants-by-sex-and-citizenship.xlsx,2026-10-01,official/33-number-of-immigrants-and-emigrants-by-sex-and-citizenship.xlsx,6B7FC1D8714E3ACACAA5167B8E7C424A3DDB2A13F9C60A95CBD700CD83BB20A0,25694,2012,2025,persons,Year-stacked blocks from 2012; border police data; by citizenship and sex.
source.geostat_demography_metadata_population,Metadata: Population,National Statistics Office of Georgia (Geostat),definitions and revision practice,A-D,https://www.geostat.ge/en/modules/categories/538,https://geostat.ge/media/78426/0901_240426_EN.PDF,2026-10-01,official/metadata/0901_240426_EN.PDF,8914F62D19A9E0315E39F26FD764F872E9C768F28DAED178081D84549C307DD0,96938,,,,Last update 2026-04-24.
source.geostat_demography_metadata_external_migration,Metadata: External Migration,National Statistics Office of Georgia (Geostat),definitions and revision practice,A-D,https://www.geostat.ge/en/modules/categories/538,https://geostat.ge/media/78428/0902_240426_EN.PDF,2026-10-01,official/metadata/0902_240426_EN.PDF,17D033BF71C1DD0809FE3F986995EDC5793CD7915E74F23A13A8C3960AC78505,89354,,,,Last update 2026-04-24. Defines immigrant and emigrant by the 183-days-in-12-months rule.
source.geostat_demography_metadata_births,Metadata: Births,National Statistics Office of Georgia (Geostat),definitions and revision practice,A-D,https://www.geostat.ge/en/modules/categories/538,https://geostat.ge/media/77933/0903_270326_EN.PDF,2026-10-01,official/metadata/0903_270326_EN.PDF,80DA6F51905D77823B0F986FB9DC0BB42507ABAA6A32826D575D30050194527A,128985,,,,Last update 2026-03-27. Counts births registered in the reference year.
source.geostat_demography_metadata_deaths,Metadata: Deaths,National Statistics Office of Georgia (Geostat),definitions and revision practice,A-D,https://www.geostat.ge/en/modules/categories/538,https://geostat.ge/media/77935/0904_270326_EN.PDF,2026-10-01,official/metadata/0904_270326_EN.PDF,E32B1110BA8AE048E311163A7975CB22F681B1BF2A62359C538FBF8740CD7A3C,95579,,,,Last update 2026-03-27. Counts deaths registered in the reference year.
source.geostat_census2024_population_by_unit,"Population of Georgia by administrative-territorial units and sex (as of November 14, 2024)",National Statistics Office of Georgia (Geostat),validation only,A population,https://www.geostat.ge/en/modules/categories/909,https://geostat.ge/media/81091/1.Population-of-Georgia-by-administrative-territorial-units-and-sex.xlsx,2026-10-01,official/census-2024/1.Population-of-Georgia-by-administrative-territorial-units-and-sex.xlsx,D6348F94CB4827C4C9433F3EE5820EC35DC016254316AE65EB07FE923EDC0DE1,172604,2024,2024,persons,"Census count at the 14 November 2024 reference date: Georgia 3,929,581 (males 1,881,004; females 2,048,577). Excludes occupied territories; confidential cells are flagged in the file. Anchor for the census check."
